ts,h,latitude,longitude,altitude,tas,vertical_rate,fuel,mass,thrust,grid_cost_position,grid_cost,fid
0,1.524,52.31419332775843,4.779268643716739,5,229.49979982624342,1.524,0.7222443547568977,71212.99576300917,37022.43665799312,0.08726411179883538,0.08726411179883538,VLG12BR_219
1,4.572,52.31216137321042,4.778877810768457,15,227.49979982624342,3.048,0.7229669271166836,71212.27351865442,37008.62074932021,0.08677112947256672,0.08677112947256672,VLG12BR_219
2,9.144,52.3101428936081,4.778557311615036,30,225.49979982624342,4.572,0.7239672046553671,71211.5505517273,37006.58642773104,0.08627564704459297,0.08627564704459297,VLG12BR_219
3,15.24,52.30813876164034,4.778306678913042,50,223.49979982624342,6.096,0.7252589751574927,71210.82658452264,37016.939661683675,0.08577717905387515,0.08577717905387515,VLG12BR_219
4,22.86,52.306149851871396,4.778125411966494,75,221.49979982624342,7.62,0.7268565114694467,71210.10132554748,37040.30857550831,0.08527525984740875,0.08527525984740875,VLG12BR_219
5,32.004,52.30415458731536,4.778010929987316,104,221.99979982624342,9.144,0.727754162853985,71209.37446903602,37034.24704047847,0.08476436262343207,0.08476436262343207,VLG12BR_219
6,42.672,52.30215380939674,4.77796342681394,139,222.49979982624342,10.668,0.728663609318188,71208.64671487316,37028.93470805078,0.08424409143806733,0.08424409143806733,VLG12BR_219
7,54.864,52.30014835998219,4.77798306752949,179,222.99979982624342,12.192,0.7295825007731771,71207.91805126384,37024.26356392755,0.0837140540080832,0.0837140540080832,VLG12BR_219
8,67.564,52.298139081019634,4.778069988591719,221,223.49979982624342,12.700000000000001,0.7298169538830788,71207.18846876307,37020.07913096716,0.08318073671792882,0.08318073671792882,VLG12BR_219
9,80.264,52.2961268141815,4.778224297974165,263,223.99979982624342,12.700000000000001,0.729714342285436,71206.45865180918,37016.29844011343,0.08264726609538459,0.08264726609538459,VLG12BR_219
10,92.964,52.29411240051193,4.778446075318277,305,224.49979982624342,12.700000000000001,0.7296206166100878,71205.72893746689,37012.9173717498,0.08211335339125839,0.08211335339125839,VLG12BR_219
11,105.664,52.29209637631503,4.778729657584976,346,224.99979982624342,12.700000000000001,0.7295352102010293,71204.99931685028,37009.91021325603,0.0815785441565626,0.0815785441565626,VLG12BR_219
12,118.364,52.290075871379685,4.779013844136605,388,225.49979982624342,12.700000000000001,0.7294590821808322,71204.26978164008,37007.32053759495,0.08104084639424816,0.08104084639424816,VLG12BR_219
13,131.064,52.288050885701466,4.779298634804956,429,225.99979982624342,12.700000000000001,0.729391261921204,71203.54032255789,37005.104288986135,0.08050025409433559,0.08050025409433559,VLG12BR_219
14,143.764,52.28602141927594,4.779584029421494,471,226.49979982624342,12.700000000000001,0.7293324014953091,71202.81093129597,37003.291098065514,0.07995676127071871,0.07995676127071871,VLG12BR_219
15,156.464,52.28398747209867,4.779870027817359,513,226.99979982624342,12.700000000000001,0.7292820149959127,71202.08159889448,37001.858921079045,0.07941036196128604,0.07941036196128604,VLG12BR_219
16,169.164,52.28194904416521,4.780156629823362,554,227.49979982624342,12.700000000000001,0.7292399232383522,71201.35231687949,37000.799642853664,0.07886105022803516,0.07886105022803516,VLG12BR_219
17,181.864,52.279906135471094,4.780443835269992,596,227.99979982624342,12.700000000000001,0.7292063213963544,71200.62307695625,37000.122147786984,0.07830882015719726,0.07830882015719726,VLG12BR_219
18,194.564,52.277858746011866,4.7807316439874095,638,228.49979982624342,12.700000000000001,0.7291809558157167,71199.89387063486,36999.814939956654,0.07775366585935459,0.07775366585935459,VLG12BR_219
19,207.264,52.27580687578305,4.781020055805451,680,228.99979982624342,12.700000000000001,0.7291637488640772,71199.16468967903,36999.87451677958,0.07719558146955822,0.07719558146955822,VLG12BR_219
20,219.964,52.273750524780155,4.781309070553627,721,229.49979982624342,12.700000000000001,0.7291548271617023,71198.43552593017,37000.30665085035,0.07663456114744886,0.07663456114744886,VLG12BR_219
21,232.664,52.2716896929987,4.781598688061126,763,229.99979982624342,12.700000000000001,0.7291537825732926,71197.706371103,37001.092832672155,0.0760705990773759,0.0760705990773759,VLG12BR_219
22,245.364,52.26962438043418,4.781888908156809,805,230.49979982624342,12.700000000000001,0.72916066796254,71196.97721732043,37002.235486368496,0.07550368946851652,0.07550368946851652,VLG12BR_219
23,258.064,52.26755458708209,4.782179730669214,846,230.99979982624342,12.700000000000001,0.7291758373608404,71196.24805665246,37003.75071198478,0.07493382655499295,0.07493382655499295,VLG12BR_219
24,270.764,52.26548031293791,4.782471155426557,888,231.49979982624342,12.700000000000001,0.729198433766264,71195.5188808151,37005.599618634726,0.07436100459599482,0.07436100459599482,VLG12BR_219
25,283.464,52.26340155799711,4.782763182256728,930,231.99979982624342,12.700000000000001,0.729228737975657,71194.78968238134,37007.79498148595,0.07378521787589282,0.07378521787589282,VLG12BR_219
26,296.164,52.26131832225517,4.783055810987294,971,232.49979982624342,12.700000000000001,0.7292673296616545,71194.06045364335,37010.363147695556,0.0732064607043642,0.0732064607043642,VLG12BR_219
27,308.864,52.259230605707536,4.7833490414455015,1013,232.99979982624342,12.700000000000001,0.7293129062736867,71193.33118631369,37013.24499526083,0.07262472741650494,0.07262472741650494,VLG12BR_219
28,321.564,52.25713840834966,4.783642873458272,1055,233.49979982624342,12.700000000000001,0.7293659747613497,71192.60187340742,37016.46356954466,0.07204001237295307,0.07204001237295307,VLG12BR_219
29,334.264,52.255041730176984,4.783937306852206,1096,233.99979982624342,12.700000000000001,0.7294273387087855,71191.87250743265,37020.055386445914,0.07145230996000412,0.07145230996000412,VLG12BR_219
30,346.964,52.25294057118494,4.78423234145358,1138,234.49979982624342,12.700000000000001,0.7294952532635601,71191.14308009394,37023.94123964222,0.07086161458973288,0.07086161458973288,VLG12BR_219
31,359.664,52.250835797305484,4.784527855515068,1180,234.90315703432435,12.700000000000001,0.7295456357641208,71190.41358484067,37026.87423783142,0.07022784259974245,0.07022784259974245,VLG12BR_219
32,372.364,52.24872989620163,4.784823499673949,1221,235.02887845368525,12.700000000000001,0.7295284123822008,71189.6840392049,37026.29539306695,0.06955746595046688,0.06955746595046688,VLG12BR_219
33,385.064,52.24662286714253,4.785119273992402,1263,235.15468132246738,12.700000000000001,0.7295102021580022,71188.95451079252,37025.67164869252,0.06888652633677236,0.06888652633677236,VLG12BR_219
34,397.764,52.24451470939694,4.785415178532612,1305,235.28056568194992,12.700000000000001,0.7294920067955752,71188.22500059036,37025.04849168712,0.06821503683264261,0.06821503683264261,VLG12BR_219
35,410.464,52.24240542223326,4.785711213356767,1346,235.40653157338375,12.700000000000001,0.7294748144573342,71187.49550858357,37024.47079391273,0.0675430105383448,0.0675430105383448,VLG12BR_219
36,423.164,52.24029500491952,4.786007378527056,1388,235.53257903799442,12.700000000000001,0.7294566454744906,71186.7660337691,37023.84865973358,0.06687046058046969,0.06687046058046969,VLG12BR_219
37,435.864,52.23818345672337,4.786303674105671,1429,235.6587081169777,12.700000000000001,0.729439473213854,71186.03657712362,37023.2716985054,0.0661974001119786,0.0661974001119786,VLG12BR_219
38,448.564,52.2360707769121,4.786600100154809,1471,235.78491885150225,12.700000000000001,0.7294213309084834,71185.30713765041,37022.65060065567,0.06552384231223864,0.06552384231223864,VLG12BR_219
39,461.264,52.23395696475263,4.786896656736668,1513,235.91121128270603,12.700000000000001,0.7294032038600711,71184.5777163195,37022.03010808928,0.06484980038706971,0.06484980038706971,VLG12BR_219
40,473.964,52.2318420195115,4.78719334391345,1555,236.03758545170282,12.700000000000001,0.729385092151686,71183.84831311564,37021.410224572064,0.0641752875687833,0.0641752875687833,VLG12BR_219
41,486.664,52.229725940454884,4.787490161747357,1596,236.16404139957453,12.700000000000001,0.729367963776621,71183.11892802348,37020.83490580419,0.0635003171162279,0.0635003171162279,VLG12BR_219
42,499.364,52.2276087268486,4.787787110300596,1638,236.29057916737565,12.700000000000001,0.7293498793637181,71182.3895600597,37020.21608663136,0.06282490231482946,0.06282490231482946,VLG12BR_219
43,512.064,52.22549037795808,4.788084189635375,1679,236.41719879613123,12.700000000000001,0.7293327718955254,71181.66021018034,37019.64154199852,0.06214905647663198,0.06214905647663198,VLG12BR_219
44,524.764,52.223370893048404,4.788381399813906,1721,236.54390032683827,12.700000000000001,0.7293147150830197,71180.93087740845,37019.02380099212,0.06147279294034471,0.06147279294034471,VLG12BR_219
45,537.464,52.221250271384264,4.7886787408984,1763,236.67068380046356,12.700000000000001,0.7292966740147806,71180.20156269337,37018.406687360075,0.0607991929466684,0.0607991929466684,VLG12BR_219
46,550.164,52.21912851222999,4.7889762129510745,1804,236.79754925794646,12.700000000000001,0.7292795999035557,71179.47226601935,37017.83339457459,0.06012782244141194,0.06012782244141194,VLG12BR_219
47,562.864,52.21700561484956,4.789273816034145,1846,236.92449674019338,12.700000000000001,0.7292615869052246,71178.74298641944,37017.21738039282,0.059458226876150315,0.059458226876150315,VLG12BR_219
48,575.564,52.214881578506564,4.789571550209831,1888,237.05152628808528,12.700000000000001,0.7292435898989629,71178.01372483253,37016.60200481912,0.05879040180373843,0.05879040180373843,VLG12BR_219
49,588.264,52.21275640246424,4.789869415540354,1930,237.17863794247134,12.700000000000001,0.7292256089706501,71177.28448124263,37015.98727174681,0.058124342766637,0.058124342766637,VLG12BR_219
50,600.964,52.210630780428325,4.790167314768612,1971,237.22832900719965,12.700000000000001,0.7291907679350838,71176.55525563366,37014.486304028986,0.057460211248661505,0.057460211248661505,VLG12BR_219
51,613.664,52.208505157642364,4.790465185491044,2013,237.22832900719965,12.700000000000001,0.7291445581510905,71175.82606486573,37012.3917669672,0.056798107556087316,0.056798107556087316,VLG12BR_219
52,626.364,52.206379534106475,4.790763027712545,2055,237.22832900719965,12.700000000000001,0.7290995843286026,71175.09692030758,37010.35335867021,0.05613802496261902,0.05613802496261902,VLG12BR_219
53,639.064,52.20425390982079,4.791060841438011,2096,237.22832900719965,12.700000000000001,0.7290566805253971,71174.36782072326,37008.40895174863,0.05547995674325267,0.05547995674325267,VLG12BR_219
54,651.764,52.202128284785445,4.791358626672335,2138,237.22832900719965,12.700000000000001,0.729014151911493,71173.63876404273,37006.48158644003,0.05482389617427046,0.05482389617427046,VLG12BR_219
55,664.464,52.20000265900055,4.791656383420412,2180,237.22832900719965,12.700000000000001,0.7289728622485703,71172.90974989082,37004.610484284516,0.05416983653324037,0.05416983653324037,VLG12BR_219
56,677.164,52.19787703246625,4.791954111687132,2221,237.22832900719965,12.700000000000001,0.728933557101471,71172.18077702858,37002.829499366206,0.05351777109902073,0.05351777109902073,VLG12BR_219
57,689.864,52.195751405182676,4.792251811477387,2263,237.22832900719965,12.700000000000001,0.7288947185766419,71171.45184347148,37001.0697068756,0.052867693151756566,0.052867693151756566,VLG12BR_219
58,702.564,52.19362577714995,4.7925494827960655,2304,237.22832900719965,12.700000000000001,0.7288578076867234,71170.72294875291,36999.39744782289,0.05221959597287595,0.05221959597287595,VLG12BR_219
59,715.264,52.19150014836819,4.7928471256480565,2346,237.22832900719965,12.700000000000001,0.7288214242621693,71169.99409094523,36997.7491433311,0.05158585827721207,0.05158585827721207,VLG12BR_219
60,727.964,52.189374518837546,4.793144740038247,2388,237.22832900719965,12.700000000000001,0.7287862848141087,71169.26526952097,36996.15732818813,0.05095987268559404,0.05095987268559404,VLG12BR_219
61,740.664,52.18724888855814,4.793442325971523,2430,237.22832900719965,12.700000000000001,0.7287523903652582,71168.53648323615,36994.62204846827,0.050337518469521274,0.050337518469521274,VLG12BR_219
62,753.364,52.18512325753009,4.793739883452769,2471,237.22832900719965,12.700000000000001,0.7287203088344469,71167.80773084579,36993.16909146555,0.049718785812531086,0.049718785812531086,VLG12BR_219
63,766.064,52.18299762575353,4.794037412486868,2513,237.22832900719965,12.700000000000001,0.7286888775201028,71167.07901053695,36991.74566168925,0.04910366490003996,0.04910366490003996,VLG12BR_219
64,778.764,52.18087199322859,4.794334913078703,2555,237.22832900719965,12.700000000000001,0.7286586942640698,71166.35032165943,36990.37890523349,0.048492145919337905,0.048492145919337905,VLG12BR_219
65,791.464,52.178746359955404,4.794632385233155,2596,237.22832900719965,12.700000000000001,0.7286302378286849,71165.62166296516,36989.09056095715,0.04788421905958974,0.04788421905958974,VLG12BR_219
66,804.164,52.17662072593409,4.7949298289551034,2638,237.22832900719965,12.700000000000001,0.7286025237747489,71164.89303272733,36987.83592807817,0.04727987451183441,0.04727987451183441,VLG12BR_219
67,816.864,52.174495091164786,4.7952272442494275,2680,237.22832900719965,12.700000000000001,0.7285760608617806,71164.16443020356,36986.63810760263,0.04667910246898453,0.04667910246898453,VLG12BR_219
68,829.564,52.17236945564762,4.795524631121004,2721,237.22832900719965,12.700000000000001,0.728551238471002,71163.43585414269,36985.51477981227,0.04608189312582741,0.04608189312582741,VLG12BR_219
69,842.264,52.17024381938271,4.795821989574709,2763,237.22832900719965,12.700000000000001,0.7285272508744327,71162.70730290422,36984.42935889693,0.04548823667901974,0.04548823667901974,VLG12BR_219
70,854.964,52.16811818237019,4.796119319615419,2805,237.22832900719965,12.700000000000001,0.7285045175252158,71161.97877565335,36983.40089066141,0.045193581917917065,0.045193581917917065,VLG12BR_219
71,867.664,52.1659925446102,4.796416621248006,2846,237.22832900719965,12.700000000000001,0.7284833381970965,71161.25027113582,36982.442986581045,0.0452718723481533,0.0452718723481533,VLG12BR_219
72,880.364,52.16386690610285,4.796713894477343,2888,237.22832900719965,12.700000000000001,0.728463086325631,71160.52178779762,36981.52719625517,0.0453439958755334,0.0453439958755334,VLG12BR_219
73,893.064,52.161741266848274,4.797011139308302,2929,237.22832900719965,12.700000000000001,0.7284443309276731,71159.7933247113,36980.67935659359,0.045409979294657454,0.045409979294657454,VLG12BR_219
74,905.764,52.15961562684661,4.797308355745752,2971,237.22832900719965,12.700000000000001,0.7284265646510215,71159.06488038036,36979.87643030527,0.04546984939502259,0.04546984939502259,VLG12BR_219
75,918.464,52.15748998609797,4.797605543794562,3013,237.22832900719965,12.700000000000001,0.7284100578436812,71158.33645381572,36979.13069277811,0.045523632961024366,0.045523632961024366,VLG12BR_219
76,931.164,52.155364344602496,4.7979027034596005,3055,237.22832900719965,12.700000000000001,0.7283948115683287,71157.60804375788,36978.44219209619,0.0455713567719563,0.0455713567719563,VLG12BR_219
77,943.864,52.15323870236031,4.798199834745732,3096,237.22832900719965,12.700000000000001,0.7283809456976518,71156.87964894631,36977.816371082474,0.045613047602013304,0.045613047602013304,VLG12BR_219
78,956.564,52.151113059371546,4.7984969376578235,3138,237.22832900719965,12.700000000000001,0.7283681933652573,71156.15126800061,36977.24111217131,0.04564873222029242,0.04564873222029242,VLG12BR_219
79,969.264,52.14898741563632,4.798794012200737,3180,237.22832900719965,12.700000000000001,0.7283567047434412,71155.42289980725,36976.723234010744,0.0456784373907949,0.0456784373907949,VLG12BR_219
80,981.964,52.14686177115477,4.799091058379336,3221,237.22832900719965,12.700000000000001,0.7283465094077692,71154.69454310251,36976.26407940026,0.04570218987242589,0.04570218987242589,VLG12BR_219
81,994.664,52.14473612592702,4.79938807619848,3263,237.22832900719965,12.700000000000001,0.7283375210334331,71153.9661965931,36975.85972855439,0.04572001641899765,0.04572001641899765,VLG12BR_219
82,1007.364,52.1426104799532,4.79968506566303,3305,237.22832900719965,12.700000000000001,0.7283297995726736,71153.23785907206,36975.51290359054,0.04573194377923039,0.04573194377923039,VLG12BR_219
83,1020.064,52.14048483323343,4.799982026777845,3346,237.22832900719965,12.700000000000001,0.7283232840704874,71152.50952927249,36975.22083670055,0.04573799869675434,0.04573799869675434,VLG12BR_219
84,1032.764,52.13835918576785,4.800278959547781,3388,237.22832900719965,12.700000000000001,0.7283180692101194,71151.78120598842,36974.98782702605,0.04573820791010942,0.04573820791010942,VLG12BR_219
85,1045.464,52.13623353755658,4.800575863977695,3429,237.22832900719965,12.700000000000001,0.7283140022084222,71151.05288791921,36974.806937224654,0.045732598152748494,0.045732598152748494,VLG12BR_219
86,1058.164,52.13410788859975,4.80087274007244,3471,237.22832900719965,12.700000000000001,0.7283112981934332,71150.32457391701,36974.687935394235,0.045721196153038206,0.045721196153038206,VLG12BR_219
87,1070.864,52.131982238897486,4.80116958783687,3513,237.22832900719965,12.700000000000001,0.7283098664762355,71149.59626261881,36974.6267036788,0.04574631552130139,0.04574631552130139,VLG12BR_219
88,1083.564,52.12985658844992,4.801466407275837,3555,237.22832900719965,12.700000000000001,0.7283097081524976,71148.86795275233,36974.62329181972,0.04576948576876422,0.04576948576876422,VLG12BR_219
89,1096.264,52.127730937257176,4.80176319839419,3596,237.22832900719965,12.700000000000001,0.7283105804985284,71148.13964304418,36974.66667867943,0.04578861363976509,0.04578861363976509,VLG12BR_219
90,1108.964,52.12560528531938,4.80205996119678,3638,237.22832900719965,12.700000000000001,0.7283129416274863,71147.41133246369,36974.777665417154,0.04580371685795183,0.04580371685795183,VLG12BR_219
91,1121.664,52.123479632636666,4.802356695688453,3680,237.22832900719965,12.700000000000001,0.7283165794271216,71146.68301952205,36974.946620870985,0.04581481314359974,0.04581481314359974,VLG12BR_219
92,1134.364,52.121353979209154,4.802653401874056,3721,237.22832900719965,12.700000000000001,0.7283211599319801,71145.95470294263,36975.15838099913,0.04582192021361446,0.04582192021361446,VLG12BR_219
93,1147.064,52.11922832503698,4.802950079758434,3763,237.22832900719965,12.700000000000001,0.7283273236843566,71145.2263817827,36975.442030415914,0.04582505578153099,0.04582505578153099,VLG12BR_219
94,1159.764,52.11710267012026,4.803246729346429,3804,237.22832900719965,12.700000000000001,0.7283343716163766,71144.49805445902,36975.76582720052,0.045824237557516585,0.045824237557516585,VLG12BR_219
95,1172.464,52.11497701445913,4.803543350642885,3846,237.22832900719965,12.700000000000001,0.7283430656647132,71143.76972008741,36976.16436807046,0.04581948324837025,0.04581948324837025,VLG12BR_219
96,1185.164,52.11285135805371,4.80383994365264,3888,237.22832900719965,12.700000000000001,0.7283530418925377,71143.04137702174,36976.62112814955,0.04581081055752425,0.04581081055752425,VLG12BR_219
97,1197.864,52.11072570090414,4.804136508380535,3930,237.22832900719965,12.700000000000001,0.7283643014208445,71142.31302397985,36977.136158451925,0.045798237185044555,0.045798237185044555,VLG12BR_219
98,1210.564,52.10860004301054,4.804433044831406,3971,237.22832900719965,12.700000000000001,0.7283763270766295,71141.58465967842,36977.68597618771,0.04578178082763317,0.04578178082763317,VLG12BR_219
99,1223.264,52.10647438437303,4.804729553010088,4013,237.22832900719965,12.700000000000001,0.7283901257071677,71140.85628335134,36978.31629869455,0.04576145917862816,0.04576145917862816,VLG12BR_219
100,1235.964,52.104348724991745,4.8050260329214165,4054,237.22832900719965,12.700000000000001,0.728404631650239,71140.12789322564,36978.97873831262,0.04573728992800378,0.04573728992800378,VLG12BR_219
101,1248.664,52.10222306486681,4.805322484570223,4096,237.22832900719965,12.700000000000001,0.7284209737927849,71139.39948859399,36979.72455386076,0.0457092907623727,0.0457092907623727,VLG12BR_219
102,1261.364,52.100097403998355,4.805618907961341,4138,237.22832900719965,12.700000000000001,0.7284386048290399,71138.67106762019,36980.52889436994,0.045677479364986964,0.045677479364986964,VLG12BR_219
103,1274.064,52.097971742386505,4.805915303099597,4180,237.22832900719965,12.700000000000001,0.7284575258971553,71137.94262901536,36981.39181171733,0.04564187341573773,0.04564187341573773,VLG12BR_219
104,1286.764,52.095846080031386,4.806211669989819,4221,237.22832900719965,12.700000000000001,0.7284770356388115,71137.21417148947,36982.28145982371,0.045602490591157875,0.045602490591157875,VLG12BR_219
105,1299.464,52.093720416933124,4.806508008636834,4263,237.22832900719965,12.700000000000001,0.7284985091599732,71136.48569445383,36983.26027774352,0.04555934856442162,0.04555934856442162,VLG12BR_219
106,1312.164,52.09159475309185,4.806804319045466,4305,237.22832900719965,12.700000000000001,0.7285212761171724,71135.75719594468,36984.29782774622,0.04551246500534602,0.04551246500534602,VLG12BR_219
107,1324.864,52.08946908850768,4.807100601220537,4346,237.22832900719965,12.700000000000001,0.7285445426880786,71135.02867466856,36985.35806516935,0.045461857580392236,0.045461857580392236,VLG12BR_219
108,1337.564,52.08734342318075,4.807396855166867,4388,237.22832900719965,12.700000000000001,0.7285698688500144,71134.30013012588,36986.511823769084,0.04540754395266537,0.04540754395266537,VLG12BR_219
109,1350.264,52.08521775711118,4.807693080889274,4429,237.22832900719965,12.700000000000001,0.7285956353681176,71133.57156025703,36987.68557951795,0.045349541781916934,0.045349541781916934,VLG12BR_219
110,1362.964,52.083092090299104,4.807989278392577,4471,237.22832900719965,12.700000000000001,0.7286235252459685,71132.84296462165,36988.95575265757,0.04528786872454465,0.04528786872454465,VLG12BR_219
111,1375.664,52.080966422744645,4.808285447681588,4513,237.22832900719965,12.700000000000001,0.7286527142817032,71132.11434109641,36990.28491909426,0.04522254243359378,0.04522254243359378,VLG12BR_219
112,1388.364,52.07884075444793,4.808581588761122,4555,237.22832900719965,12.700000000000001,0.7286832036396007,71131.38568838213,36991.673132021904,0.045153580558758157,0.045153580558758157,VLG12BR_219
113,1401.064,52.076715085409084,4.808877701635987,4596,237.22832900719965,12.700000000000001,0.7287140138171055,71130.6570051785,36993.075915257665,0.0450810007463814,0.0450810007463814,VLG12BR_219
114,1413.764,52.07458941562823,4.809173786310994,4638,237.22832900719965,12.700000000000001,0.7287470760372396,71129.92829116467,36994.580960600775,0.04501240839042469,0.04501240839042469,VLG12BR_219
115,1426.464,52.0724637451055,4.809469842790946,4680,237.22832900719965,12.700000000000001,0.7287814420617962,71129.19954408864,36996.1452116162,0.044980065793356436,0.044980065793356436,VLG12BR_219
116,1439.164,52.07033807384102,4.80976587108065,4721,237.22832900719965,12.700000000000001,0.7288160391681751,71128.47076264658,36997.71995899108,0.04494520801994165,0.04494520801994165,VLG12BR_219
117,1451.864,52.06821240183491,4.810061871184905,4763,237.22832900719965,12.700000000000001,0.7288529849613901,71127.74194660742,36999.40135825128,0.04490784650373977,0.04490784650373977,VLG12BR_219
118,1464.564,52.0660867290873,4.810357843108509,4805,237.22832900719965,12.700000000000001,0.72889123806762,71127.01309362246,37001.1421236953,0.04486799267613962,0.04486799267613962,VLG12BR_219
119,1477.264,52.06396105559832,4.8106537868562596,4846,237.22832900719965,12.700000000000001,0.7289296322883649,71126.2842023844,37002.88930117097,0.04482565796636022,0.04482565796636022,VLG12BR_219
120,1489.964,52.061835381368084,4.810949702432949,4888,237.22832900719965,12.700000000000001,0.72897047212186,71125.55527275211,37004.74753332639,0.04478085380145183,0.04478085380145183,VLG12BR_219
121,1502.664,52.059709706396724,4.8112455898433675,4930,237.22832900719965,12.700000000000001,0.7290126228034524,71124.82630228,37006.665293516584,0.04473359160629596,0.04473359160629596,VLG12BR_219
122,1515.364,52.05758403068437,4.811541449092302,4971,237.22832900719965,12.700000000000001,0.7290548244009358,71124.09728965719,37008.58537094247,0.04468388280360625,0.04468388280360625,VLG12BR_219
123,1528.064,52.055458354231135,4.811837280184537,5013,237.22832900719965,12.700000000000001,0.729099568820883,71123.36823483279,37010.62091896609,0.04463173881392935,0.04463173881392935,VLG12BR_219
124,1540.764,52.053332677037154,4.812133083124852,5054,237.22832900719965,12.700000000000001,0.7291443041381609,71122.63913526396,37012.656059544686,0.04457717105564504,0.04457717105564504,VLG12BR_219
125,1553.464,52.05120699910255,4.812428857918024,5096,237.22832900719965,12.700000000000001,0.7291916469807109,71121.90999095983,37014.80961009053,0.04452019094496743,0.04452019094496743,VLG12BR_219
126,1566.164,52.04908132042744,4.812724604568826,5138,237.22832900719965,12.700000000000001,0.7292403066127198,71121.18079931285,37017.02296097852,0.04446080989594489,0.04446080989594489,VLG12BR_219
127,1578.864,52.046955641011955,4.813020323082026,5180,237.22832900719965,12.700000000000001,0.7292902842430535,71120.45155900624,37019.29616765818,0.04439903932046142,0.04439903932046142,VLG12BR_219
128,1591.564,52.04482996085622,4.813316013462388,5221,237.22832900719965,12.700000000000001,0.7293401316908552,71119.72226872199,37021.5634702185,0.04433489062823655,0.04433489062823655,VLG12BR_219
129,1604.264,52.04270427996036,4.813611675714671,5263,237.22832900719965,12.700000000000001,0.729392717240356,71118.9929285903,37023.955115015175,0.044268375226826376,0.044268375226826376,VLG12BR_219
130,1616.964,52.040578598324494,4.8139073098436285,5304,237.22832900719965,12.700000000000001,0.7294451122759824,71118.26353587306,37026.33811683241,0.04419950452162459,0.04419950452162459,VLG12BR_219
131,1629.664,52.038452915948746,4.814202915854009,5346,237.22832900719965,12.700000000000001,0.7295003104995059,71117.53409076079,37028.8484180181,0.044128289915862186,0.044128289915862186,VLG12BR_219
132,1642.364,52.036327232833244,4.814498493750555,5388,237.22832900719965,12.700000000000001,0.7295568327522703,71116.8045904503,37031.41885184764,0.04405474281060853,0.04405474281060853,VLG12BR_219
133,1655.064,52.0342015489781,4.814794043537998,5430,237.22832900719965,12.700000000000001,0.7296146802613246,71116.07503361754,37034.049474694664,0.04397887460477256,0.04397887460477256,VLG12BR_219
134,1667.764,52.03207586438345,4.815089565221068,5471,237.22832900719965,12.700000000000001,0.7296722155423474,71115.34541893729,37036.6659291124,0.04390069669510231,0.04390069669510231,VLG12BR_219
135,1680.464,52.02995017904941,4.815385058804481,5513,237.22832900719965,12.700000000000001,0.72973268536483,71114.61574672174,37039.41565120287,0.043820220476186444,0.043820220476186444,VLG12BR_219
136,1693.164,52.027824492976094,4.815680524292948,5555,237.22832900719965,12.700000000000001,0.7297944841133504,71113.88601403638,37042.225730998216,0.0437374573404545,0.0437374573404545,VLG12BR_219
137,1705.864,52.02569880616364,4.815975961691166,5596,237.22832900719965,12.700000000000001,0.729855879251323,71113.15621955227,37045.017493872314,0.043652418678177485,0.043652418678177485,VLG12BR_219
138,1718.564,52.023573118612155,4.816271371003819,5638,237.22832900719965,12.700000000000001,0.72992030759116,71112.42636367302,37047.947007587216,0.04356511587746911,0.04356511587746911,VLG12BR_219
139,1731.264,52.021447430321764,4.81656675223558,5679,237.22832900719965,12.700000000000001,0.7299842715107472,71111.69644336542,37050.85544379597,0.04347556032428581,0.04347556032428581,VLG12BR_219
140,1743.964,52.01932174129258,4.816862105391103,5721,237.22832900719965,12.700000000000001,0.7300513343040884,71110.9664590939,37053.9046151704,0.043383763402427875,0.043383763402427875,VLG12BR_219
141,1756.664,52.01719605152472,4.817157430475025,5763,237.22832900719965,12.700000000000001,0.7301197321905224,71110.2364077596,37057.01442803746,0.04328973649353968,0.04328973649353968,VLG12BR_219
142,1769.364,52.01507036101831,4.8174527274919585,5805,237.22832900719965,12.700000000000001,0.7301894664247337,71109.5062880274,37060.18494018103,0.043207991377522514,0.043207991377522514,VLG12BR_219
143,1782.064,52.01294466977346,4.81774799644649,5846,237.22832900719965,12.700000000000001,0.730258613554496,71108.77609856098,37063.328805282086,0.043148857325084305,0.043148857325084305,VLG12BR_219
144,1794.764,52.01081897779029,4.818043237343175,5888,237.22832900719965,12.700000000000001,0.7303309920987129,71108.04583994743,37066.61942901828,0.043088114821049205,0.043088114821049205,VLG12BR_219
145,1807.464,52.008693285068894,4.818338450186526,5929,237.22832900719965,12.700000000000001,0.7304027224036558,71107.31550895533,37069.88063033517,0.04302577146960858,0.04302577146960858,VLG12BR_219
146,1820.164,52.006564484651655,4.81856703281577,5971,237.22832900719965,12.700000000000001,0.730477750192545,71106.58510623293,37073.29159311264,0.04296452810792387,0.04296452810792387,VLG12BR_219
147,1832.864,52.00443336753559,4.818728906631068,6013,237.22832900719965,12.700000000000001,0.7305541205881969,71105.85462848273,37076.76354365843,0.04290441838411715,0.04290441838411715,VLG12BR_219
148,1845.564,52.00230072557853,4.8188240178373,6055,237.22832900719965,12.700000000000001,0.730631834863952,71105.12407436215,37080.29654071295,0.04284547309291202,0.04284547309291202,VLG12BR_219
149,1858.264,52.00016735120489,4.818852337456973,6096,237.22832900719965,12.700000000000001,0.7307087775569454,71104.39344252727,37083.794515795315,0.042787719993315446,0.042787719993315446,VLG12BR_219
150,1870.964,51.998034037111225,4.818813861333897,6138,237.22832900719965,12.700000000000001,0.7307891510804378,71103.66273374972,37087.44831333845,0.04273118363508057,0.04273118363508057,VLG12BR_219
151,1883.664,51.99590157597171,4.818708610127633,6180,237.22832900719965,12.700000000000001,0.7308708722920085,71102.93194459863,37091.1633331537,0.04267588519428096,0.04267588519428096,VLG12BR_219
152,1896.364,51.99377076014356,4.818536629298727,6221,237.22832900719965,12.700000000000001,0.7309517293077412,71102.20107372635,37094.839126491956,0.04262184231830773,0.04262184231830773,VLG12BR_219
153,1909.064,51.99164238137267,4.818297989084749,6263,237.22832900719965,12.700000000000001,0.7310361173187263,71101.47012199704,37098.67529550119,0.0425690689805799,0.0425690689805799,VLG12BR_219
154,1921.764,51.98951723049938,4.817992784467151,6304,237.22832900719965,12.700000000000001,0.7311195795018746,71100.73908587973,37102.46943999711,0.04251757534523975,0.04251757534523975,VLG12BR_219
155,1934.464,51.98739609716465,4.817621135128975,6346,237.22832900719965,12.700000000000001,0.7312066393569958,71100.00796630023,37106.42699130906,0.042467367642082254,0.042467367642082254,VLG12BR_219
156,1947.164,51.98527976951664,4.817183185403423,6388,237.22832900719965,12.700000000000001,0.7312950532987714,71099.27675966086,37110.44606056416,0.04241844805194742,0.04241844805194742,VLG12BR_219
157,1959.864,51.983169033917875,4.816679104213338,6430,237.22832900719965,12.700000000000001,0.7313848226288653,71098.54546460757,37114.52670796268,0.042370814602782664,0.042370814602782664,VLG12BR_219
158,1972.564,51.98106467465304,4.816109085001608,6471,237.22832900719965,12.700000000000001,0.7314735417794886,71097.81407978493,37118.55968531462,0.04232446107656088,0.04232446107656088,VLG12BR_219
159,1985.264,51.97896747363757,4.815473345652548,6513,237.22832900719965,12.700000000000001,0.7315659931792802,71097.08260624316,37122.76218793143,0.04227937692721607,0.04227937692721607,VLG12BR_219
160,1997.964,51.976878210127104,4.814772128404282,6554,237.22832900719965,12.700000000000001,0.7316573324297351,71096.35104024998,37126.914207039474,0.042235547209738336,0.042235547209738336,VLG12BR_219
161,2010.664,51.97479766042797,4.814005699752182,6596,237.22832900719965,12.700000000000001,0.7317524710181771,71095.61938291755,37131.23880182262,0.042192952520546466,0.042192952520546466,VLG12BR_219
162,2023.364,51.972726597608684,4.813174350343399,6638,237.22832900719965,12.700000000000001,0.731848971487667,71094.88763044652,37135.62527529,0.04215156894923332,0.04215156894923332,VLG12BR_219
163,2036.064,51.97066579121275,4.812278394862539,6680,237.22832900719965,12.700000000000001,0.7319468351589675,71094.15578147504,37140.07368863213,0.04211136804175718,0.04211136804175718,VLG12BR_219
164,2048.764,51.96861600697269,4.81131817190854,6721,237.22832900719965,12.700000000000001,0.7320434616442038,71093.42383463988,37144.46594163107,0.04207231677512973,0.04207231677512973,VLG12BR_219
165,2061.464,51.96657800652552,4.810294043862792,6763,237.22832900719965,12.700000000000001,0.7321440228797529,71092.69179117824,37149.036927834335,0.04203437754362679,0.04203437754362679,VLG12BR_219
166,2074.164,51.96455254712979,4.809206396748578,6805,237.22832900719965,12.700000000000001,0.7322459512666446,71091.95964715535,37153.6700370011,0.041997508156528376,0.041997508156528376,VLG12BR_219
167,2086.864,51.96254038138415,4.808055640081871,6846,237.22832900719965,12.700000000000001,0.7323465485756524,71091.22740120409,37158.24272290848,0.041961661847368915,0.041961661847368915,VLG12BR_219
168,2099.564,51.96054225694775,4.806842206713578,6888,237.22832900719965,12.700000000000001,0.7324511823587887,71090.4950546555,37162.998768165504,0.04185444659481272,0.04185444659481272,VLG12BR_219
169,2112.264,51.958558916262405,4.805566552663279,6930,237.22832900719965,12.700000000000001,0.7325571872714893,71089.76260347315,37167.8171209707,0.04174958973695528,0.04174958973695528,VLG12BR_219
170,2124.964,51.95659109627676,4.804229156944537,6971,237.22832900719965,12.700000000000001,0.7326617669528248,71089.03004628589,37172.5707756228,0.0416658921737574,0.0416658921737574,VLG12BR_219
171,2137.664,51.95463952817244,4.802830521381849,7013,237.22832900719965,12.700000000000001,0.732770485150569,71088.29738451894,37177.51243071326,0.04159810130834516,0.04159810130834516,VLG12BR_219
172,2150.364,51.95269460646791,4.801407780348655,7055,237.22832900719965,12.700000000000001,0.7328805784849062,71087.56461403379,37182.51657944283,0.04153120581312611,0.04153120581312611,VLG12BR_219
173,2163.064,51.950749667614836,4.799985162738234,7096,237.22832900719965,12.700000000000001,0.7329891521707403,71086.83173345531,37187.451743048114,0.04146411122021871,0.04146411122021871,VLG12BR_219
174,2175.764,51.94880471161591,4.798562668532344,7138,237.22832900719965,12.700000000000001,0.7331019667359586,71086.09874430315,37192.579563244566,0.041396819114945776,0.041396819114945776,VLG12BR_219
175,2188.464,51.94685973847381,4.7971402977127475,7179,237.22832900719965,12.700000000000001,0.7332131988152213,71085.36564233642,37197.635545145065,0.041329331082379434,0.041329331082379434,VLG12BR_219
176,2201.164,51.94491474819123,4.79571805026121,7221,237.22832900719965,12.700000000000001,0.7333287399187036,71084.6324291376,37202.887283591765,0.04126164870734095,0.04126164870734095,VLG12BR_219
177,2213.864,51.94296974077084,4.7942959261595,7263,237.22832900719965,12.700000000000001,0.7334456628905088,71083.89910039767,37208.20182869346,0.04119377357440085,0.04119377357440085,VLG12BR_219
178,2226.564,51.94102471621533,4.79287392538939,7304,237.22832900719965,12.700000000000001,0.7335609085160459,71083.16565473478,37213.440228207895,0.04112570726787908,0.04112570726787908,VLG12BR_219
179,2239.264,51.939079674527385,4.791452047932656,7346,237.22832900719965,12.700000000000001,0.7336805660673746,71082.43209382627,37218.87906575758,0.041057451371844966,0.041057451371844966,VLG12BR_219
180,2251.964,51.93713461570968,4.790030293771075,7388,237.22832900719965,12.700000000000001,0.7338016095713744,71081.6984132602,37224.380900117794,0.040989007470117286,0.040989007470117286,VLG12BR_219
181,2264.664,51.9351895397649,4.788608662886429,7430,237.22832900719965,12.700000000000001,0.7339240404070828,71080.96461165062,37229.94579553401,0.04092037714626427,0.04092037714626427,VLG12BR_219
182,2277.364,51.93324444669572,4.787187155260504,7471,237.22832900719965,12.700000000000001,0.7340446667407823,71080.23068761021,37235.428771436505,0.040862033659245,0.040862033659245,VLG12BR_219
183,2290.064,51.93129933650482,4.785765770875089,7513,237.22832900719965,12.700000000000001,0.7341698429894064,71079.49664294347,37241.11846399428,0.04080376699323156,0.04080376699323156,VLG12BR_219
184,2302.764,51.929354209194884,4.784344509711974,7555,237.22832900719965,12.700000000000001,0.7342964106931651,71078.76247310048,37246.87140983075,0.040744031532709696,0.040744031532709696,VLG12BR_219
185,2315.464,51.92740906476859,4.782923371752955,7596,237.22832900719965,12.700000000000001,0.7344210784029468,71078.02817668978,37252.53809985799,0.04068284341465552,0.04068284341465552,VLG12BR_219
186,2328.164,51.92546390322861,4.781502356979829,7638,237.22832900719965,12.700000000000001,0.7345503996958784,71077.29375561138,37258.41622417504,0.040620218773526784,0.040620218773526784,VLG12BR_219
187,2340.864,51.92351872457763,4.780081465374399,7680,237.22832900719965,12.700000000000001,0.7346811165967468,71076.55920521168,37264.357795553384,0.040556173741263746,0.040556173741263746,VLG12BR_219
188,2353.564,51.92157352881833,4.778660696918467,7721,237.22832900719965,12.700000000000001,0.7348098377378596,71075.8245240951,37270.20876223883,0.040490724447289336,0.040490724447289336,VLG12BR_219
189,2366.264,51.919628315953375,4.777240051593844,7763,237.22832900719965,12.700000000000001,0.7349433164623054,71075.08971425735,37276.27589652971,0.040423887018510005,0.040423887018510005,VLG12BR_219
190,2378.964,51.917683085985445,4.775819529382339,7804,237.22832900719965,12.700000000000001,0.7350747356884628,71074.35477094089,37282.2495315648,0.04035567757931614,0.04035567757931614,VLG12BR_219
191,2391.664,51.91573783891722,4.774399130265767,7846,237.22832900719965,12.700000000000001,0.7352109817360719,71073.6196962052,37288.44248573657,0.040286112251582795,0.040286112251582795,VLG12BR_219
192,2404.364,51.91379257475137,4.772978854225945,7888,237.22832900719965,12.700000000000001,0.7353486303671333,71072.88448522348,37294.69921290416,0.04021520715467007,0.04021520715467007,VLG12BR_219
193,2417.064,51.91184729349057,4.771558701244696,7929,237.22832900719965,12.700000000000001,0.7354841232739344,71072.14913659311,37300.85807075441,0.040142978405423496,0.040142978405423496,VLG12BR_219
194,2429.764,51.909901995137496,4.770138671303842,7971,237.22832900719965,12.700000000000001,0.7356245475597738,71071.41365246984,37307.24100742979,0.040069442118175175,0.040069442118175175,VLG12BR_219
195,2442.464,51.90795667969482,4.768718764385211,8013,237.22832900719965,12.700000000000001,0.7357663786606354,71070.67802792229,37313.687915093105,0.03999461440474365,0.03999461440474365,VLG12BR_219
196,2455.164,51.90601134716522,4.767298980470634,8055,237.22832900719965,12.700000000000001,0.7359096180051448,71069.94226154362,37320.1988606355,0.039918511374434945,0.039918511374434945,VLG12BR_219
197,2467.864,51.904065997551356,4.765879319541945,8096,237.22832900719965,12.700000000000001,0.736050572628999,71069.20635192562,37326.60607825774,0.039841149134042714,0.039841149134042714,VLG12BR_219
198,2480.564,51.90212063085591,4.764459781580981,8138,237.22832900719965,12.700000000000001,0.736196598851222,71068.470301353,37333.24375878496,0.03977866470522013,0.03977866470522013,VLG12BR_219
199,2493.264,51.900175247081556,4.763040366569582,8180,237.22832900719965,12.700000000000001,0.7363440375884334,71067.73410475414,37339.94567732435,0.0397189671026024,0.0397189671026024,VLG12BR_219
200,2505.964,51.89822984623096,4.761621074489592,8221,237.22832900719965,12.700000000000001,0.7364890947232223,71066.99776071655,37346.539467656585,0.039657859961147575,0.039657859961147575,VLG12BR_219
201,2518.664,51.89628442830679,4.760201905322858,8263,237.22832900719965,12.700000000000001,0.736639328807152,71066.26127162183,37353.36851820414,0.03959535771310788,0.03959535771310788,VLG12BR_219
202,2531.364,51.89433899331172,4.758782859051229,8305,237.22832900719965,12.700000000000001,0.7367909797072885,71065.52463229302,37360.26200851272,0.039531474788485135,0.039531474788485135,VLG12BR_219
203,2544.064,51.89239354124842,4.75736393565656,8346,237.22832900719965,12.700000000000001,0.7369401518390015,71064.78784131331,37367.04295720994,0.039466225615031054,0.039466225615031054,VLG12BR_219
204,2556.764,51.89044807211955,4.755945135120707,8388,237.22832900719965,12.700000000000001,0.7370946066139878,71064.05090116148,37374.06397975369,0.03939962461824764,0.03939962461824764,VLG12BR_219
205,2569.464,51.88850258592778,4.75452645742553,8430,237.22832900719965,12.700000000000001,0.7372504825363686,71063.31380655487,37381.14964543448,0.03933168622138801,0.03933168622138801,VLG12BR_219
206,2582.164,51.88655708267579,4.753107902552891,8471,237.22832900719965,12.700000000000001,0.7374037822379769,71062.57655607234,37388.11834287452,0.03926242484545663,0.03926242484545663,VLG12BR_219
207,2594.864,51.88461156236624,4.751689470484658,8513,237.22832900719965,12.700000000000001,0.7375624706226418,71061.8391522901,37395.33194424379,0.0391918549092096,0.0391918549092096,VLG12BR_219
208,2607.564,51.8826660250018,4.7502711612027,8554,237.22832900719965,12.700000000000001,0.73771851792123,71061.10158981947,37402.42563083541,0.039119990829155904,0.039119990829155904,VLG12BR_219
209,2620.264,51.880720470585125,4.74885297468889,8596,237.22832900719965,12.700000000000001,0.7378800245027906,71060.36387130155,37409.767437565366,0.03904684701955689,0.03904684701955689,VLG12BR_219
210,2632.964,51.87877489911889,4.7474349109251035,8638,237.22832900719965,12.700000000000001,0.738042959505365,71059.62599127705,37417.17422948066,0.03897243789242755,0.03897243789242755,VLG12BR_219
211,2645.664,51.87682931060576,4.746016969893221,8680,237.22832900719965,12.700000000000001,0.7382073244079781,71058.88794831754,37424.64607621287,0.038896777857536806,0.038896777857536806,VLG12BR_219
212,2658.364,51.87488370504839,4.744599151575124,8721,237.22832900719965,12.700000000000001,0.7383689173175567,71058.14974099313,37431.99206133368,0.038819881322407726,0.038819881322407726,VLG12BR_219
213,2671.064,51.87293808244946,4.743181455952699,8763,237.22832900719965,12.700000000000001,0.7385361120359197,71057.41137207582,37439.59266043169,0.03874176269231853,0.03874176269231853,VLG12BR_219
214,2683.764,51.87099244281162,4.741763883007834,8805,237.22832900719965,12.700000000000001,0.7387047410759433,71056.67283596378,37447.25852267376,0.03866243637030247,0.03866243637030247,VLG12BR_219
215,2696.464,51.86904678613754,4.740346432722422,8846,237.22832900719965,12.700000000000001,0.7388704997987441,71055.9341312227,37454.794056343366,0.038581916757148824,0.038581916757148824,VLG12BR_219
216,2709.164,51.86710111242988,4.738929105078359,8888,237.22832900719965,12.700000000000001,0.7390419674208755,71055.1952607229,37462.58908422153,0.038500218251403207,0.038500218251403207,VLG12BR_219
217,2721.864,51.8651554216913,4.737511900057544,8930,237.22832900719965,12.700000000000001,0.7392148738165976,71054.45621875548,37470.4495852448,0.03841735524936793,0.03841735524936793,VLG12BR_219
218,2734.564,51.86320971392446,4.736094817641877,8971,237.22832900719965,12.700000000000001,0.7393848112759995,71053.71700388167,37478.17527706937,0.0383333421451028,0.0383333421451028,VLG12BR_219
219,2747.264,51.86126398913203,4.734677857813265,9013,237.22832900719965,12.700000000000001,0.739560565080144,71052.9776190704,37486.16536031795,0.03824819333042526,0.03824819333042526,VLG12BR_219
220,2759.964,51.85931824731666,4.733261020553616,9055,237.22832900719965,12.700000000000001,0.7397377621401933,71052.23805850532,37494.22112839848,0.03816192319491127,0.03816192319491127,VLG12BR_219
221,2772.664,51.85737248848101,4.7318443058448425,9096,237.22832900719965,12.700000000000001,0.7399118913477527,71051.49832074318,37502.13759287695,0.03807454612589538,0.03807454612589538,VLG12BR_219
222,2785.364,51.855426712627754,4.730427713668859,9138,237.22832900719965,12.700000000000001,0.7400919447026435,71050.75840885183,37510.32336311458,0.03798607650847167,0.03798607650847167,VLG12BR_219
223,2798.064,51.853480919759534,4.729011244007583,9179,237.22832900719965,12.700000000000001,0.7402688643618784,71050.01831690714,37518.36683790746,0.03789652872549364,0.03789652872549364,VLG12BR_219
224,2810.764,51.851535109879016,4.727594896842937,9221,237.22832900719965,12.700000000000001,0.7404517799451675,71049.27804804278,37526.68289098036,0.03780591715757545,0.03780591715757545,VLG12BR_219
225,2823.464,51.84958928298886,4.726178672156844,9263,237.22832900719965,12.700000000000001,0.7406361463103184,71048.53759626283,37535.06498489353,0.03771430838137908,0.03771430838137908,VLG12BR_219
226,2836.164,51.84764343909171,4.724762569931234,9305,237.22832900719965,12.700000000000001,0.740821964987439,71047.79696011652,37543.51319211773,0.03763393610315552,0.03763393610315552,VLG12BR_219
227,2848.864,51.84569757819024,4.7233465901480365,9346,237.22832900719965,12.700000000000001,0.7410045170798158,71047.05613815154,37551.81306515007,0.037552395995699865,0.037552395995699865,VLG12BR_219
228,2861.564,51.8437517002871,4.721930732789187,9388,237.22832900719965,12.700000000000001,0.7411932100054854,71046.31513363446,37560.392124518214,0.03746970085187336,0.03746970085187336,VLG12BR_219
229,2874.264,51.84180580538494,4.720514997836623,9430,237.22832900719965,12.700000000000001,0.7413833598170125,71045.57394042445,37569.037514014024,0.037385863462545015,0.037385863462545015,VLG12BR_219
230,2886.964,51.83985989348643,4.719099385272284,9471,237.22832900719965,12.700000000000001,0.7415701432233388,71044.83255706464,37577.53003290365,0.03730089661659243,0.03730089661659243,VLG12BR_219
231,2899.664,51.8379139645942,4.717683895078116,9513,237.22832900719965,12.700000000000001,0.7417631763509613,71044.09098692142,37586.30670464662,0.037214813100901786,0.037214813100901786,VLG12BR_219
232,2912.364,51.83596801871092,4.716268527236065,9555,237.22832900719965,12.700000000000001,0.741957670968983,71043.34922374507,37595.14992506829,0.037127625700368753,0.037127625700368753,VLG12BR_219
233,2925.064,51.83402205583925,4.714853281728082,9596,237.22832900719965,12.700000000000001,0.7421486990555319,71042.6072660741,37603.835724236546,0.03703934719789866,0.03703934719789866,VLG12BR_219
234,2937.764,51.832076075981824,4.713438158536121,9638,237.22832900719965,12.700000000000001,0.7423460861178204,71041.86511737505,37612.810660447656,0.0369499903744066,0.0369499903744066,VLG12BR_219
235,2950.464,51.830130079141306,4.712023157642139,9680,237.22832900719965,12.700000000000001,0.7425449393057622,71041.12277128894,37621.85236563533,0.036859568008818594,0.036859568008818594,VLG12BR_219
236,2963.164,51.82818406532035,4.710608279028095,9721,237.22832900719965,12.700000000000001,0.7427402255279338,71040.38022634963,37630.73208457339,0.036768092878071715,0.036768092878071715,VLG12BR_219
237,2975.864,51.8262380345216,4.709193522675954,9763,237.22832900719965,12.700000000000001,0.742941980349048,71039.6374861241,37639.905942556405,0.03667557775711402,0.03667557775711402,VLG12BR_219
238,2988.564,51.82429198674772,4.707778888567682,9804,237.22832900719965,12.700000000000001,0.7431401013471806,71038.89454414375,37648.914775258534,0.03658203541890588,0.03658203541890588,VLG12BR_219
239,3001.264,51.82234592200135,4.706364376685249,9846,237.22832900719965,12.700000000000001,0.743344763936201,71038.15140404241,37658.22107811915,0.036487478634419764,0.036487478634419764,VLG12BR_219
240,3013.964,51.820399840285134,4.704949987010628,9888,237.22832900719965,12.700000000000001,0.7435509004320009,71037.40805927847,37667.59452042987,0.03639192017264069,0.03639192017264069,VLG12BR_219
241,3026.664,51.818453741601736,4.703535719525795,9930,237.22832900719965,12.700000000000001,0.7437585124163146,71036.66450837805,37677.03517760351,0.03629537280056727,0.03629537280056727,VLG12BR_219
242,3039.364,51.8165076259538,4.70212157421273,9971,237.22832900719965,12.700000000000001,0.7439623556333188,71035.92074986563,37686.304675020096,0.03619784928321133,0.03619784928321133,VLG12BR_219
243,3052.064,51.814561493343966,4.700707551053416,10013,237.22832900719965,12.700000000000001,0.7441728878112355,71035.17678751,37695.878369491365,0.03609936238359892,0.03609936238359892,VLG12BR_219
244,3064.764,51.81261534377489,4.699293650029839,10055,237.22832900719965,12.700000000000001,0.7443849002053695,71034.43261462219,37705.51950443936,0.03599992486277041,0.03599992486277041,VLG12BR_219
245,3077.464,51.81066917724922,4.6978798711239875,10096,237.22832900719965,12.700000000000001,0.7445930424604961,71033.68822972199,37714.98487088295,0.03589954947978156,0.03589954947978156,VLG12BR_219
246,3090.164,51.80872299376959,4.696466214317855,10138,237.22832900719965,12.700000000000001,0.7448079844199413,71032.94363667953,37724.75949067519,0.035798248991702766,0.035798248991702766,VLG12BR_219
247,3102.864,51.80677679333866,4.695052679593436,10180,237.22832900719965,12.700000000000001,0.7450244113542155,71032.19882869511,37734.60177835547,0.03569603615362074,0.03569603615362074,VLG12BR_219
248,3115.564,51.80483057595908,4.693639266932731,10221,237.22832900719965,12.700000000000001,0.7452368664608475,71031.45380428375,37744.263673962625,0.03559292371863836,0.03559292371863836,VLG12BR_219
249,3128.264,51.80288434163349,4.692225976317741,10263,237.22832900719965,12.700000000000001,0.7454562323932461,71030.70856741728,37754.2398975979,0.035488924437875026,0.035488924437875026,VLG12BR_219
250,3140.964,51.800938090364525,4.690812807730471,10305,237.22832900719965,12.700000000000001,0.7456770880900312,71029.96311118489,37764.28401834294,0.03538405106046719,0.03538405106046719,VLG12BR_219
251,3153.664,51.79899182215484,4.689399761152931,10346,237.22832900719965,12.700000000000001,0.7458938699513551,71029.21743409679,37774.14310850457,0.03527831633356888,0.03527831633356888,VLG12BR_219
252,3166.364,51.79704553700707,4.6879868365671316,10388,237.22832900719965,12.700000000000001,0.7461176741402558,71028.47154022683,37784.321619905175,0.03517173300235207,0.03517173300235207,VLG12BR_219
253,3179.064,51.79509923492387,4.686574033955089,10429,237.22832900719965,12.700000000000001,0.7463373365855446,71027.7254225527,37794.31201255136,0.035065940849389333,0.035065940849389333,VLG12BR_219
254,3191.764,51.79315291590787,4.685161353298819,10471,237.22832900719965,12.700000000000001,0.7465640956040864,71026.97908521611,37804.62521850873,0.03496520050435389,0.03496520050435389,VLG12BR_219
255,3204.464,51.79120657996172,4.683748794580346,10513,237.22832900719965,12.700000000000001,0.7467923524253621,71026.2325211205,37815.00670704083,0.03486352537594613,0.03486352537594613,VLG12BR_219
256,3217.164,51.78926022708806,4.682336357781693,10555,237.22832900719965,12.700000000000001,0.747022108683111,71025.48572876808,37825.45655660969,0.034760926804569436,0.034760926804569436,VLG12BR_219
257,3229.864,51.787313857289526,4.680924042884889,10596,237.22832900719965,12.700000000000001,0.7472475861231787,71024.7387066594,37835.712053264426,0.03465741612886381,0.03465741612886381,VLG12BR_219
258,3242.564,51.785367470568765,4.679511849871964,10638,237.22832900719965,12.700000000000001,0.7474803100448033,71023.99145907327,37846.297213763064,0.03455300468570662,0.03455300468570662,VLG12BR_219
259,3255.264,51.78342106692841,4.6780997787249525,10680,237.22832900719965,12.700000000000001,0.7477145382854866,71023.24397876322,37856.9509700301,0.034447703810212525,0.034447703810212525,VLG12BR_219
260,3267.964,51.781474646371116,4.676687829425893,10721,237.22832900719965,12.700000000000001,0.7479443847295575,71022.49626422493,37867.40568931785,0.03434152483573467,0.03434152483573467,VLG12BR_219
261,3280.664,51.77952820889951,4.675276001956825,10763,237.22832900719965,12.700000000000001,0.7481815903119855,71021.7483198402,37878.195222140654,0.034234479093863734,0.034234479093863734,VLG12BR_219
262,3293.364,51.77758175451623,4.673864296299794,10805,237.22832900719965,12.700000000000001,0.7484203051271145,71021.00013824989,37889.053587326714,0.034126577914429634,0.034126577914429634,VLG12BR_219
263,3306.064,51.77563528322391,4.672452712436845,10846,237.22832900719965,12.700000000000001,0.7486545348384537,71020.25171794476,37899.70821603709,0.03401783262550113,0.03401783262550113,VLG12BR_219
264,3318.764,51.7736887950252,4.67104125035003,10888,237.22832900719965,12.700000000000001,0.748896236734576,71019.50306340992,37910.70282709947,0.03390825455338646,0.03390825455338646,VLG12BR_219
265,3331.464,51.77174228992273,4.669629910021403,10930,237.22832900719965,12.700000000000001,0.7491394528081146,71018.75416717319,37921.76650899664,0.033797855022633744,0.033797855022633744,VLG12BR_219
266,3344.164,51.76979576791913,4.668218691433019,10971,237.22832900719965,12.700000000000001,0.7493780801401573,71018.00502772038,37932.62173936583,0.033686645356031344,0.033686645356031344,VLG12BR_219
267,3356.864,51.767849229017045,4.666807594566939,11013,237.22832900719965,12.700000000000001,0.7496242930953432,71017.25564964024,37943.82214018111,0.03357463687460856,0.03357463687460856,VLG12BR_219
268,3369.564,51.76590267321911,4.665396619405227,11054,237.22832900719965,12.700000000000001,0.7498658483124216,71016.50602534715,37954.81095013526,0.033461840897635174,0.033461840897635174,VLG12BR_219
269,3382.264,51.763956100527956,4.663985765929949,11096,237.22832900719965,12.700000000000001,0.7501150646905033,71015.75615949884,37966.148386021094,0.033348268742622644,0.033348268742622644,VLG12BR_219
270,3394.964,51.76200951094622,4.662575034123175,11138,237.22832900719965,12.700000000000001,0.7503658035427476,71015.00604443415,37977.55529374649,0.03323393172532426,0.03323393172532426,VLG12BR_219
271,3407.664,51.760062904476534,4.6611644239669765,11180,237.22832900719965,12.700000000000001,0.7506180665551014,71014.25567863061,37989.03175493429,0.03311884115973521,0.03311884115973521,VLG12BR_219
272,3420.364,51.75811628112153,4.6597539354434305,11221,237.22832900719965,12.700000000000001,0.7508655325497977,71013.50506056406,38000.290287318596,0.03300300835809353,0.03300300835809353,VLG12BR_219
273,3433.064,51.75616964088385,4.658343568534617,11263,237.22832900719965,12.700000000000001,0.7511208122293884,71012.7541950315,38011.90442477998,0.03288644463088023,0.03288644463088023,VLG12BR_219
274,3445.764,51.75422298376611,4.656933323222618,11305,237.22832900719965,12.700000000000001,0.7513776211070742,71012.00307421928,38023.58835988738,0.032751141481760115,0.032751141481760115,VLG12BR_219
275,3458.464,51.752276309770956,4.655523199489519,11346,237.22832900719965,12.700000000000001,0.7516295283240537,71011.25169659816,38035.049603714324,0.03261444116129128,0.03261444116129128,VLG12BR_219
276,3471.164,51.75032961890101,4.654113197317408,11388,237.22832900719965,12.700000000000001,0.7518893638539177,71010.50006706984,38046.8716994635,0.032477906072359355,0.032477906072359355,VLG12BR_219
277,3483.864,51.74838291115891,4.652703316688379,11430,237.22832900719965,12.700000000000001,0.7521507336509525,71009.74817770599,38058.76383897402,0.03234153650570645,0.03234153650570645,VLG12BR_219
278,3496.564,51.746436186547285,4.651293557584527,11471,237.22832900719965,12.700000000000001,0.7524070968045131,71008.99602697234,38070.42850866355,0.03220533275202893,0.03220533275202893,VLG12BR_219
279,3509.264,51.74448944506876,4.649883919987949,11513,237.22832900719965,12.700000000000001,0.7526715033000859,71008.24361987553,38082.45929701448,0.03206929510197748,0.03206929510197748,VLG12BR_219
280,3521.964,51.74254268672596,4.648474403880748,11555,237.22832900719965,12.700000000000001,0.7529374491629857,71007.49094837223,38094.56037718779,0.03193342384615711,0.03193342384615711,VLG12BR_219
281,3534.664,51.740595911521524,4.647065009245029,11596,237.22832900719965,12.700000000000001,0.7531982830576143,71006.73801092307,38106.4291928068,0.03179962274785841,0.03179962274785841,VLG12BR_219
282,3547.364,51.738649119458074,4.6456557360629,11638,237.22832900719965,12.700000000000001,0.7534672757268075,71005.98481264002,38118.66941387746,0.03166849132601623,0.03166849132601623,VLG12BR_219
283,3560.064,51.73670231053824,4.644246584316472,11679,237.22832900719965,12.700000000000001,0.7537310863045921,71005.23134536429,38130.67417780178,0.031537429597412056,0.031537429597412056,VLG12BR_219
284,3572.764,51.734755484764655,4.642837553987861,11721,237.22832900719965,12.700000000000001,0.7540031325252048,71004.47761427797,38143.053868623974,0.03140643833964939,0.03140643833964939,VLG12BR_219
285,3585.464,51.732808642139936,4.641428645059183,11763,237.22832900719965,12.700000000000001,0.7542767266684895,71003.72361114545,38155.50426838463,0.03127551833021004,0.03127551833021004,VLG12BR_219
286,3598.164,51.73086178266671,4.64001985751256,11805,237.22832900719965,12.700000000000001,0.7545518704725958,71002.96933441878,38168.02546198382,0.031144670346454514,0.031144670346454514,VLG12BR_219
287,3610.864,51.728914906347605,4.638611191330115,11846,237.22832900719965,12.700000000000001,0.7548216906234717,71002.21478254831,38180.30475246179,0.031013895165622776,0.031013895165622776,VLG12BR_219
288,3623.564,51.72696801318524,4.637202646493977,11888,237.22832900719965,12.700000000000001,0.7550999016334272,71001.45996085768,38192.9660827597,0.030883193564832434,0.030883193564832434,VLG12BR_219
289,3636.264,51.72502110318225,4.635794222986275,11930,237.22832900719965,12.700000000000001,0.7553796674974986,71000.70486095604,38205.69846087996,0.030752566321080626,0.030752566321080626,VLG12BR_219
290,3648.964,51.72307417634126,4.6343859207891445,11971,237.22832900719965,12.700000000000001,0.755654003343533,70999.94948128855,38218.18409178229,0.030622014211243255,0.030622014211243255,VLG12BR_219
291,3661.664,51.72112723266488,4.632977739884722,12013,237.22832900719965,12.700000000000001,0.7559368467051537,70999.19382728521,38231.05711040257,0.03049153801207437,0.03049153801207437,VLG12BR_219
292,3674.364,51.71918027215574,4.631569680255146,12055,237.22832900719965,12.700000000000001,0.7562212501451753,70998.43789043851,38244.001432832105,0.030361138500207583,0.030361138500207583,VLG12BR_219
293,3687.064,51.71723329481647,4.630161741882563,12096,237.22832900719965,12.700000000000001,0.7565001168510301,70997.68166918836,38256.694147227754,0.03023081645215503,0.03023081645215503,VLG12BR_219
294,3699.764,51.71528630064968,4.628753924749117,12138,237.22832900719965,12.700000000000001,0.7567876081414959,70996.9251690715,38269.779617930675,0.030100572644307745,0.030100572644307745,VLG12BR_219
295,3712.464,51.713339289657995,4.6273462288369585,12180,237.22832900719965,12.700000000000001,0.7570766647656035,70996.16838146336,38282.93665044753,0.029970407852935352,0.029970407852935352,VLG12BR_219
296,3725.164,51.71139226184404,4.625938654128241,12221,237.22832900719965,12.700000000000001,0.7573600775857572,70995.41130479859,38295.83719726128,0.029840322854187154,0.029840322854187154,VLG12BR_219
297,3737.864,51.70944521721043,4.62453120060512,12263,237.22832900719965,12.700000000000001,0.7576522324743233,70994.65394472101,38309.135889826066,0.029710318424090724,0.029710318424090724,VLG12BR_219
298,3750.564,51.70749815575979,4.623123868249755,12304,237.22832900719965,12.700000000000001,0.7579386722707655,70993.89629248854,38322.174848662624,0.029580395338553,0.029580395338553,VLG12BR_219
299,3763.264,51.70555107749473,4.621716657044309,12346,237.22832900719965,12.700000000000001,0.758233932372083,70993.13835381628,38335.61554330083,0.029450554373359965,0.029450554373359965,VLG12BR_219
300,3775.964,51.70360398241788,4.620309566970947,12388,237.22832900719965,12.700000000000001,0.7585307666200829,70992.3801198839,38349.128233576186,0.02932079630417633,0.02932079630417633,VLG12BR_219
301,3788.664,51.701656870531856,4.6189025980118394,12430,237.22832900719965,12.700000000000001,0.75882917680489,70991.62158911729,38362.713007787315,0.029191121906546207,0.029191121906546207,VLG12BR_219
302,3801.364,51.69970974183927,4.617495750149157,12471,237.22832900719965,12.700000000000001,0.7591217279758411,70990.86275994049,38376.03148985581,0.029061531955892537,0.029061531955892537,VLG12BR_219
303,3814.064,51.69776259634274,4.616089023365076,12513,237.22832900719965,12.700000000000001,0.7594232574361135,70990.10363821252,38389.75895978471,0.028932027227517348,0.028932027227517348,VLG12BR_219
304,3826.764,51.69581543404489,4.614682417641775,12555,237.22832900719965,12.700000000000001,0.7597263681810162,70989.34421495508,38403.558777796454,0.02880260849660224,0.02880260849660224,VLG12BR_219
305,3839.464,51.69386825494833,4.613275932961435,12596,237.22832900719965,12.700000000000001,0.7600235117672631,70988.5844885869,38417.08737462241,0.02867327653820763,0.02867327653820763,VLG12BR_219
306,3852.164,51.69192105905567,4.611869569306242,12638,237.22832900719965,12.700000000000001,0.7603297523844035,70987.82446507513,38431.03041230653,0.028544032127273154,0.028544032127273154,VLG12BR_219
307,3864.864,51.68997384636954,4.610463326658382,12680,237.22832900719965,12.700000000000001,0.7606375796647435,70987.06413532274,38445.04606429816,0.028414876038617726,0.028414876038617726,VLG12BR_219
308,3877.564,51.68802661689254,4.609057205000049,12721,237.22832900719965,12.700000000000001,0.7609393312786026,70986.30349774308,38458.78554866156,0.028285809046939524,0.028285809046939524,VLG12BR_219
309,3890.264,51.6860793706273,4.607651204313436,12763,237.22832900719965,12.700000000000001,0.7612502990886341,70985.5425584118,38472.944948399985,0.028158468314398822,0.028158468314398822,VLG12BR_219
310,3902.964,51.68413210757642,4.606245324580741,12805,237.22832900719965,12.700000000000001,0.7615628589711121,70984.78130811272,38487.17723076342,0.028032098215068642,0.028032098215068642,VLG12BR_219
311,3915.664,51.68218482774252,4.604839565784165,12846,237.22832900719965,12.700000000000001,0.7618692343139066,70984.01974525375,38501.12838151784,0.027905749634135724,0.027905749634135724,VLG12BR_219
312,3928.364,51.680237531128206,4.603433927905913,12888,237.22832900719965,12.700000000000001,0.7621849454440686,70983.25787601944,38515.50494385255,0.027779423681417392,0.027779423681417392,VLG12BR_219
313,3941.064,51.6782902177361,4.602028410928191,12929,237.22832900719965,12.700000000000001,0.7624943995425053,70982.495691074,38529.597068865216,0.027653121466558666,0.027653121466558666,VLG12BR_219
314,3953.764,51.6763428875688,4.60062301483321,12971,237.22832900719965,12.700000000000001,0.7628132690701273,70981.73319667445,38544.118266857804,0.027526844099031614,0.027526844099031614,VLG12BR_219
315,3966.464,51.67439554062893,4.5992177396031835,13013,237.22832900719965,12.700000000000001,0.7631337397388014,70980.97038340538,38558.712798626926,0.02740059268813603,0.02740059268813603,VLG12BR_219
316,3979.164,51.67244817691909,4.597812585220328,13055,237.22832900719965,12.700000000000001,0.7634558133901432,70980.20724966565,38573.38075599629,0.027274368342998862,0.027274368342998862,VLG12BR_219
317,3991.864,51.6705007964419,4.596407551666864,13096,237.22832900719965,12.700000000000001,0.7637714836498593,70979.44379385226,38587.75760061876,0.027148172172574894,0.027148172172574894,VLG12BR_219
318,4004.564,51.668553399199965,4.595002638925015,13138,237.22832900719965,12.700000000000001,0.7640967301658526,70978.68002236862,38602.57091498108,0.0270133492023896,0.0270133492023896,VLG12BR_219
319,4017.264,51.66660598519589,4.593597846977008,13180,237.22832900719965,12.700000000000001,0.764423585165316,70977.91592563844,38617.45792963254,0.026869139199147764,0.026869139199147764,VLG12BR_219
320,4029.964,51.66465855443229,4.59219317580507,13221,237.22832900719965,12.700000000000001,0.7647439267897098,70977.15150205328,38632.04881409699,0.026725625095615574,0.026725625095615574,VLG12BR_219
321,4042.664,51.66271110691177,4.590788625391436,13263,237.22832900719965,12.700000000000001,0.7650739655524481,70976.3867581265,38647.08173060045,0.026582804303149896,0.026582804303149896,VLG12BR_219
322,4055.364,51.66076364263694,4.589384195718342,13305,237.22832900719965,12.700000000000001,0.7654056183297973,70975.62168416094,38662.18862423722,0.02644067423350887,0.02644067423350887,VLG12BR_219
323,4068.064,51.658816161610396,4.587979886768027,13346,237.22832900719965,12.700000000000001,0.7657306473738403,70974.85627854262,38676.99435214209,0.026299232298851893,0.026299232298851893,VLG12BR_219
324,4080.764,51.65686866383476,4.586575698522733,13388,237.22832900719965,12.700000000000001,0.766065494872922,70974.09054789525,38692.24769676366,0.02615847591173949,0.02615847591173949,VLG12BR_219
325,4093.464,51.65492114931263,4.585171630964705,13430,237.22832900719965,12.700000000000001,0.7664019619479865,70973.32448240038,38707.57529753385,0.02601840248513322,0.02601840248513322,VLG12BR_219
326,4106.164,51.65297361804661,4.583767684076193,13471,237.22832900719965,12.700000000000001,0.7667316945543619,70972.55808043842,38722.59667877829,0.02587900943239531,0.02587900943239531,VLG12BR_219
327,4118.864,51.65102607003931,4.582363857839448,13513,237.22832900719965,12.700000000000001,0.7670713673692406,70971.79134874386,38738.07128397155,0.02574029416728916,0.02574029416728916,VLG12BR_219
328,4131.564,51.64907850529333,4.580960152236726,13555,237.22832900719965,12.700000000000001,0.7674126653515954,70971.02427737649,38753.62042651591,0.025602254103978976,0.025602254103978976,VLG12BR_219
329,4144.264,51.647130923811275,4.579556567250284,13596,237.22832900719965,12.700000000000001,0.7677471177503745,70970.25686471113,38768.85827734642,0.025464886657029014,0.025464886657029014,VLG12BR_219
330,4156.964,51.64518332559575,4.578153102862385,13638,237.22832900719965,12.700000000000001,0.7680916325500204,70969.48911759339,38784.554982089365,0.025328189241405112,0.025328189241405112,VLG12BR_219
331,4169.664,51.64323571064936,4.576749759055292,13679,237.22832900719965,12.700000000000001,0.7684292277778595,70968.72102596084,38799.93701708459,0.02519215927247264,0.02519215927247264,VLG12BR_219
332,4182.364,51.641288078974696,4.575346535811274,13721,237.22832900719965,12.700000000000001,0.7687769667825908,70967.95259673306,38815.78165678202,0.02505679416599809,0.02505679416599809,VLG12BR_219
333,4195.064,51.63934043057437,4.573943433112602,13763,237.22832900719965,12.700000000000001,0.7691263403253059,70967.18381976627,38831.70130663365,0.024922091338147948,0.024922091338147948,VLG12BR_219
334,4207.764,51.63739276545098,4.572540450941549,13805,237.22832900719965,12.700000000000001,0.7694773503083665,70966.41469342595,38847.69606286795,0.024788048205488973,0.024788048205488973,VLG12BR_219
335,4220.464,51.63544508360713,4.571137589280394,13846,237.22832900719965,12.700000000000001,0.7698212913301377,70965.64521607565,38863.369327242675,0.024654662184988102,0.024654662184988102,VLG12BR_219
336,4233.164,51.633497385045416,4.569734848111416,13888,237.22832900719965,12.700000000000001,0.770175540462646,70964.87539478432,38879.51277436724,0.024521930694012352,0.024521930694012352,VLG12BR_219
337,4245.864,51.63154966976844,4.5683322274169,13929,237.22832900719965,12.700000000000001,0.7705226461343884,70964.10521924387,38895.33132671674,0.024391094730524,0.024391094730524,VLG12BR_219
338,4258.564,51.6296019377788,4.566929727179133,13971,237.22832900719965,12.700000000000001,0.7708801418822284,70963.33469659773,38911.623843347195,0.024261094869726357,0.024261094869726357,VLG12BR_219
339,4271.264,51.627654189079095,4.565527347380404,14013,237.22832900719965,12.700000000000001,0.7712392835399715,70962.56381645585,38927.991946596245,0.024131699824995675,0.024131699824995675,VLG12BR_219
340,4283.964,51.62570642367192,4.564125088003006,14055,237.22832900719965,12.700000000000001,0.7716000730298862,70961.79257717231,38944.43573420451,0.024002907407971705,0.024002907407971705,VLG12BR_219
341,4296.664,51.62375864155988,4.562722949029237,14096,237.22832900719965,12.700000000000001,0.7719535686345096,70961.02097709928,38960.54775445969,0.023874715430633103,0.023874715430633103,VLG12BR_219
342,4309.364,51.62181084274557,4.561320930441396,14138,237.22832900719965,12.700000000000001,0.7723176198404949,70960.24902353065,38977.14137938812,0.02374712170529706,0.02374712170529706,VLG12BR_219
343,4322.064,51.61986302723158,4.559919032221786,14180,237.22832900719965,12.700000000000001,0.7726833246188103,70959.47670591081,38993.810981060014,0.02362012404461985,0.02362012404461985,VLG12BR_219
344,4334.764,51.617915195020515,4.558517254352712,14221,237.22832900719965,12.700000000000001,0.7730416224640946,70958.7040225862,39010.14364900195,0.02349372026159613,0.02349372026159613,VLG12BR_219
345,4347.464,51.615967346114964,4.557115596816485,14263,237.22832900719965,12.700000000000001,0.7734106003289791,70957.93098096373,39026.963667943404,0.02336790816955918,0.02336790816955918,VLG12BR_219
346,4360.164,51.61401948051753,4.555714059595415,14304,237.22832900719965,12.700000000000001,0.773772095982767,70957.1575703634,39043.44331217084,0.02324268558218114,0.02324268558218114,VLG12BR_219
347,4372.864,51.6120715982308,4.554312642671819,14346,237.22832900719965,12.700000000000001,0.7741443545157738,70956.38379826742,39060.41413595144,0.0231180503134723,0.0231180503134723,VLG12BR_219
348,4385.564,51.610123699257365,4.552911346028016,14388,237.22832900719965,12.700000000000001,0.7745182762373877,70955.6096539129,39077.46142806916,0.022994000177781058,0.022994000177781058,VLG12BR_219
349,4398.264,51.608175783599826,4.551510169646327,14430,237.22832900719965,12.700000000000001,0.7748938630993403,70954.83513563666,39094.585288575305,0.022870532989794724,0.022870532989794724,VLG12BR_219
350,4410.964,51.606227851260776,4.550109113509077,14471,237.22832900719965,12.700000000000001,0.7752618157495408,70954.06024177356,39111.36182457755,0.022747646564538603,0.022747646564538603,VLG12BR_219
351,4423.664,51.6042799022428,4.548708177598594,14513,237.22832900719965,12.700000000000001,0.7756406986118054,70953.28497995781,39128.6372758885,0.022625338717375803,0.022625338717375803,VLG12BR_219
352,4436.364,51.6023319365485,4.547307361897211,14554,237.22832900719965,12.700000000000001,0.7760118714573945,70952.5093392592,39145.56193582624,0.02250360726400822,0.02250360726400822,VLG12BR_219
353,4449.064,51.600383954180465,4.545906666387261,14596,237.22832900719965,12.700000000000001,0.776394057977529,70951.73332738774,39162.989371592645,0.0223824500204751,0.0223824500204751,VLG12BR_219
354,4461.764,51.598435955141284,4.544506091051082,14638,237.22832900719965,12.700000000000001,0.7767779193506845,70950.95693332977,39180.49387505475,0.022261864803153973,0.022261864803153973,VLG12BR_219
355,4474.464,51.596487939433544,4.543105635871016,14679,237.22832900719965,12.700000000000001,0.7771539562057286,70950.18015541042,39197.642349342685,0.022141849428759956,0.022141849428759956,VLG12BR_219
356,4487.164,51.59453990705984,4.541705300829406,14721,237.22832900719965,12.700000000000001,0.7775411328169286,70949.40300145421,39215.29943398867,0.022022401714346267,0.022022401714346267,VLG12BR_219
357,4499.864,51.59259185802276,4.540305085908599,14763,237.22832900719965,12.700000000000001,0.777929990156389,70948.62546032139,39233.03388952544,0.02190351947730353,0.02190351947730353,VLG12BR_219
358,4512.564,51.59064379232489,4.538904991090947,14805,237.22832900719965,12.700000000000001,0.7783205302047571,70947.84753033123,39250.84581836714,0.021785200535360365,0.021785200535360365,VLG12BR_219
359,4525.264,51.58869570996882,4.537505016358802,14846,237.22832900719965,12.700000000000001,0.7787030921300266,70947.06920980102,39268.29468918125,0.021667442706582347,0.021667442706582347,VLG12BR_219
360,4537.964,51.58674761095714,4.536105161694521,14888,237.22832900719965,12.700000000000001,0.77909696297577,70946.29050670889,39286.26000373326,0.02155024380937348,0.02155024380937348,VLG12BR_219
361,4550.664,51.58479949529244,4.534705427080465,14929,237.22832900719965,12.700000000000001,0.7794827790915493,70945.51140974592,39303.858753786146,0.021433601662474294,0.021433601662474294,VLG12BR_219
362,4563.364,51.582851362977294,4.5333058124989964,14971,237.22832900719965,12.700000000000001,0.7798799885043273,70944.73192696682,39321.97785699228,0.021317514084962963,0.021317514084962963,VLG12BR_219
363,4576.064,51.5809032140143,4.531906317932481,15013,237.22832900719965,12.700000000000001,0.7802788904808864,70943.95204697832,39340.17494459864,0.02120197889625497,0.02120197889625497,VLG12BR_219
364,4588.764,51.578955048406044,4.53050694336329,15055,237.22832900719965,12.700000000000001,0.7806794870208071,70943.17176808784,39358.45012062431,0.02108704008439593,0.02108704008439593,VLG12BR_219
365,4601.464,51.57700686615511,4.529107688773793,15096,237.22832900719965,12.700000000000001,0.7810718741406193,70942.39108860081,39376.351649539094,0.02097339930382515,0.02097339930382515,VLG12BR_219
366,4614.164,51.57505866726408,4.527708554146368,15138,237.22832900719965,12.700000000000001,0.7814758249556055,70941.61001672667,39394.78143135189,0.020860274211121473,0.020860274211121473,VLG12BR_219
367,4626.864,51.57311045173554,4.526309539463394,15179,237.22832900719965,12.700000000000001,0.7818714892012499,70940.82854090171,39412.83403265539,0.020747662933978155,0.020747662933978155,VLG12BR_219
368,4639.564,51.57116221957207,4.524910644707253,15221,237.22832900719965,12.700000000000001,0.7822788021342746,70940.0466694125,39431.41882951121,0.0206355636003783,0.0206355636003783,VLG12BR_219
369,4652.264,51.569213970776254,4.52351186986033,15263,237.22832900719965,12.700000000000001,0.7826878195785261,70939.26439061038,39450.08223388828,0.02052397433859447,0.02052397433859447,VLG12BR_219
370,4664.964,51.56726570535068,4.522113214905013,15304,237.22832900719965,12.700000000000001,0.7830884339176147,70938.4817027908,39468.363119094065,0.020412893277188326,0.020412893277188326,VLG12BR_219
371,4677.664,51.56531742329793,4.520714679823694,15346,237.22832900719965,12.700000000000001,0.7835008253375217,70937.69861435688,39487.182158892036,0.020302318545011164,0.020302318545011164,VLG12BR_219
372,4690.364,51.56336912462058,4.519316264598769,15388,237.22832900719965,12.700000000000001,0.7839149272837584,70936.91511353155,39506.08012142127,0.020192248271203257,0.020192248271203257,VLG12BR_219
373,4703.064,51.56142080932122,4.5179179692126334,15430,237.22832900719965,12.700000000000001,0.7843307417837133,70936.13119860427,39525.05711315362,0.020082680585194378,0.020082680585194378,VLG12BR_219
374,4715.764,51.55947247740242,4.51651979364769,15471,237.22832900719965,12.700000000000001,0.7847379968373553,70935.34686786249,39543.644420859695,0.019973613616702846,0.019973613616702846,VLG12BR_219
375,4728.464,51.557524128866774,4.515121737886344,15513,237.22832900719965,12.700000000000001,0.7851572012394228,70934.56212986565,39562.77788441296,0.019865045495736672,0.019865045495736672,VLG12BR_219
376,4741.164,51.555575763716845,4.513723801911001,15554,237.22832900719965,12.700000000000001,0.7855677682208606,70933.7769726644,39581.51808934731,0.019756974352592292,0.019756974352592292,VLG12BR_219
377,4753.864,51.55362738195522,4.512325985704073,15596,237.22832900719965,12.700000000000001,0.7859903704755817,70932.99140489618,39600.808443624504,0.01964939831785567,0.01964939831785567,VLG12BR_219
378,4766.564,51.55167898358449,4.510928289247973,15638,237.22832900719965,12.700000000000001,0.7864146953683284,70932.2054145257,39620.178358443816,0.019542315522401394,0.019542315522401394,VLG12BR_219
379,4779.264,51.54973056860721,4.509530712525118,15680,237.22832900719965,12.700000000000001,0.7868407449445909,70931.41899983033,39639.6279419432,0.019435724097392554,0.019435724097392554,VLG12BR_219
380,4791.964,51.54778213702597,4.5081332555179285,15721,237.22832900719965,12.700000000000001,0.7872579996429916,70930.63215908539,39658.67704605058,0.019445436379039623,0.019445436379039623,VLG12BR_219
381,4804.664,51.545833688843345,4.506735918208828,15763,237.22832900719965,12.700000000000001,0.7876874631405701,70929.84490108574,39678.284369761495,0.019471510287024964,0.019471510287024964,VLG12BR_219
382,4817.364,51.54388522406192,4.505338700580242,15804,237.22832900719965,12.700000000000001,0.7881080532282767,70929.0572136226,39697.487611479555,0.019498394786428792,0.019498394786428792,VLG12BR_219
383,4830.064,51.54193674268426,4.503941602614601,15846,237.22832900719965,12.700000000000001,0.7885409386676581,70928.26910556937,39717.253100858245,0.019526080019530052,0.019526080019530052,VLG12BR_219
384,4842.764,51.53998824471294,4.502544624294337,15888,237.22832900719965,12.700000000000001,0.7889755589635823,70927.4805646307,39737.09879856853,0.0195545561301311,0.0195545561301311,VLG12BR_219
385,4855.464,51.53803973015054,4.501147765601887,15929,237.22832900719965,12.700000000000001,0.7894011872216198,70926.69158907175,39756.534970711335,0.019583813263557154,0.019583813263557154,VLG12BR_219
386,4868.164,51.536091198999635,4.499751026519689,15971,237.22832900719965,12.700000000000001,0.7898392415820643,70925.90218788452,39776.53947901938,0.01961384156665616,0.01961384156665616,VLG12BR_219
387,4880.864,51.5341426512628,4.498354407030186,16013,237.22832900719965,12.700000000000001,0.7902790369476407,70925.11234864294,39796.624523342965,0.01964463118779884,0.01964463118779884,VLG12BR_219
388,4893.564,51.5321940869426,4.496957907115824,16055,237.22832900719965,12.700000000000001,0.7907205753902669,70924.322069606,39816.79021436663,0.019676172276877624,0.019676172276877624,VLG12BR_219
389,4906.264,51.530245506041624,4.495561526759051,16096,237.22832900719965,12.700000000000001,0.7911529626407272,70923.53134903061,39836.539073505424,0.019708454985306816,0.019708454985306816,VLG12BR_219
390,4918.964,51.52829690856243,4.494165265942318,16138,237.22832900719965,12.700000000000001,0.7915979514241274,70922.74019606797,39856.86444461868,0.019741469466022135,0.019741469466022135,VLG12BR_219
391,4931.664,51.5263482945076,4.49276912464808,16179,237.22832900719965,12.700000000000001,0.7920337096354653,70921.94859811655,39876.769338399165,0.019775205873480375,0.019775205873480375,VLG12BR_219
392,4944.364,51.5243996638797,4.491373102858796,16221,237.22832900719965,12.700000000000001,0.7924821568820843,70921.15656440692,39897.25482507487,0.01980983429744664,0.01980983429744664,VLG12BR_219
393,4957.064,51.522451016681295,4.489977200556927,16263,237.22832900719965,12.700000000000001,0.7929323575081084,70920.36408225003,39917.8215108081,0.01984567652861783,0.01984567652861783,VLG12BR_219
394,4969.764,51.52050235291497,4.488581417724937,16305,237.22832900719965,12.700000000000001,0.7933843136025431,70919.57114989252,39938.469508013404,0.01988224121059625,0.01988224121059625,VLG12BR_219
395,4982.464,51.51855367258328,4.487185754345295,16346,237.22832900719965,12.700000000000001,0.7938268788241338,70918.77776557893,39958.68966340792,0.01991951959607477,0.01991951959607477,VLG12BR_219
396,4995.164,51.51660497568881,4.48579021040047,16388,237.22832900719965,12.700000000000001,0.7942823097922542,70917.9839387001,39979.49865925724,0.019957502939097073,0.019957502939097073,VLG12BR_219
397,5007.864,51.51465626223411,4.4843947858729365,16429,237.22832900719965,12.700000000000001,0.7947282699348897,70917.1896563903,39999.87613871686,0.019996182495057812,0.019996182495057812,VLG12BR_219
398,5020.564,51.51270753222177,4.482999480745171,16471,237.22832900719965,12.700000000000001,0.7951871839649549,70916.39492812037,40020.84657548795,0.020035549520701836,0.020035549520701836,VLG12BR_219
399,5033.264,51.51075878565434,4.481604294999655,16513,237.22832900719965,12.700000000000001,0.7956478638492672,70915.5997409364,40041.89888472044,0.020075595274124353,0.020075595274124353,VLG12BR_219
400,5045.964,51.50881002253439,4.480209228618871,16555,237.22832900719965,12.700000000000001,0.7961103116934527,70914.80409307255,40063.03318058529,0.02011631101477042,0.02011631101477042,VLG12BR_219
401,5058.664,51.506861242864495,4.478814281585305,16596,237.22832900719965,12.700000000000001,0.7965631272528904,70914.00798276086,40083.72853650084,0.020157688003434423,0.020157688003434423,VLG12BR_219
402,5071.364,51.50491244664722,4.477419453881447,16638,237.22832900719965,12.700000000000001,0.7970290747000492,70913.2114196336,40105.02517016585,0.020199717502260205,0.020199717502260205,VLG12BR_219
403,5084.064,51.50296363388512,4.476024745489791,16680,237.22832900719965,12.700000000000001,0.7974967963894557,70912.4143905589,40126.404131988325,0.020242390774740583,0.020242390774740583,VLG12BR_219
404,5096.764,51.50101480458078,4.4746301563928315,16721,237.22832900719965,12.700000000000001,0.7979547644333911,70911.6168937625,40147.3385712772,0.02028569908571703,0.02028569908571703,VLG12BR_219
405,5109.464,51.49906595873674,4.4732356865730685,16763,237.22832900719965,12.700000000000001,0.7984259981622523,70910.81893899807,40168.88054830153,0.020329633701379368,0.020329633701379368,VLG12BR_219
406,5122.164,51.49711709635559,4.471841336013004,16805,237.22832900719965,12.700000000000001,0.7988990124396613,70910.02051299991,40190.50519766521,0.0203741858892655,0.0203741858892655,VLG12BR_219
407,5134.864,51.495168217439875,4.470447104695142,16846,237.22832900719965,12.700000000000001,0.7993621512714197,70909.22161398747,40211.67971933265,0.020419346918261104,0.020419346918261104,VLG12BR_219
408,5147.564,51.493219321992164,4.469052992601994,16888,237.22832900719965,12.700000000000001,0.7998386900716437,70908.4222518362,40233.46806656862,0.02046510805859955,0.02046510805859955,VLG12BR_219
409,5160.264,51.49127041001502,4.46765899971607,16930,237.22832900719965,12.700000000000001,0.8003170157502444,70907.62241314612,40255.33943300277,0.020511460581861197,0.020511460581861197,VLG12BR_219
410,5172.964,51.489321481511006,4.466265126019886,16971,237.22832900719965,12.700000000000001,0.8007853437413679,70906.82209613037,40276.75504382178,0.020558395760973246,0.020558395760973246,VLG12BR_219
411,5185.664,51.48737253648268,4.464871371495959,17013,237.22832900719965,12.700000000000001,0.8012672064722257,70906.02131078663,40298.790796107576,0.020605904870209753,0.020605904870209753,VLG12BR_219
412,5198.364,51.48542357493261,4.46347773612681,17054,237.22832900719965,12.700000000000001,0.8017389901053353,70905.22004358016,40320.367043338854,0.02065397918519083,0.02065397918519083,VLG12BR_219
413,5211.064,51.48347459686335,4.462084219894965,17096,237.22832900719965,12.700000000000001,0.8022243982326864,70904.41830459006,40342.56764122425,0.020702609982882827,0.020702609982882827,VLG12BR_219
414,5223.764,51.48152560227747,4.460690822782951,17138,237.22832900719965,12.700000000000001,0.8027116038220998,70903.61608019183,40364.85184145785,0.020751788541597566,0.020751788541597566,VLG12BR_219
415,5236.464,51.479576591177526,4.459297544773297,17180,237.22832900719965,12.700000000000001,0.803200609018482,70902.813368588,40387.219762719964,0.020801506140992514,0.020801506140992514,VLG12BR_219
416,5249.164,51.477627563566074,4.457904385848539,17221,237.22832900719965,12.700000000000001,0.8036793707101058,70902.01016797898,40409.12060354216,0.020851754062070255,0.020851754062070255,VLG12BR_219
417,5261.864,51.47567851944567,4.4565113459912125,17263,237.22832900719965,12.700000000000001,0.8041719381525563,70901.20648860827,40431.65430270392,0.02090252358717821,0.02090252358717821,VLG12BR_219
418,5274.564,51.47372945881888,4.4551184251838585,17305,237.22832900719965,12.700000000000001,0.8046663115998762,70900.40231667011,40454.272077907124,0.02095380600000832,0.02095380600000832,VLG12BR_219
419,5287.264,51.471780381688255,4.453725623409021,17346,237.22832900719965,12.700000000000001,0.8051503179626855,70899.59765035851,40476.41707540222,0.021005592585596748,0.021005592585596748,VLG12BR_219
420,5299.964,51.46983128805635,4.452332940649245,17388,237.22832900719965,12.700000000000001,0.8056482663187048,70898.79250004055,40499.201332655706,0.021058381433700906,0.021058381433700906,VLG12BR_219
421,5312.664,51.46788217792572,4.450940376887081,17430,237.22832900719965,12.700000000000001,0.8061480270992969,70897.98685177423,40522.070023723296,0.02111224221358051,0.02111224221358051,VLG12BR_219
422,5325.364,51.46593305129894,4.449547932105081,17471,237.22832900719965,12.700000000000001,0.8066372967653732,70897.18070374713,40544.46021633328,0.02116662442461061,0.02116662442461061,VLG12BR_219
423,5338.064,51.46398390817855,4.448155606285802,17513,237.22832900719965,12.700000000000001,0.8071406451599064,70896.37406645037,40567.49609907496,0.021221520291208263,0.021221520291208263,VLG12BR_219
424,5350.764,51.4620347485671,4.446763399411802,17555,237.22832900719965,12.700000000000001,0.8076458124200465,70895.56692580521,40590.61677618421,0.02127692203898953,0.02127692203898953,VLG12BR_219
425,5363.464,51.46008557246716,4.445371311465644,17596,237.22832900719965,12.700000000000001,0.8081403640833056,70894.75927999278,40613.25321042036,0.02133282189476878,0.02133282189476878,VLG12BR_219
426,5376.164,51.45813637988127,4.443979342429894,17638,237.22832900719965,12.700000000000001,0.8086491317042961,70893.9511396287,40636.54179434259,0.021389212086559545,0.021389212086559545,VLG12BR_219
427,5388.864,51.456187170811994,4.442587492287119,17679,237.22832900719965,12.700000000000001,0.8091472008246385,70893.14249049699,40659.34230809806,0.021446084843572896,0.021446084843572896,VLG12BR_219
428,5401.564,51.45423794526188,4.441195761019892,17721,237.22832900719965,12.700000000000001,0.8096595772925974,70892.33334329617,40682.799276729034,0.0215034323962186,0.0215034323962186,VLG12BR_219
429,5414.264,51.452288703233485,4.439804148610787,17763,237.22832900719965,12.700000000000001,0.8101737833898177,70891.52368371887,40706.34164589791,0.021561246976103617,0.021561246976103617,VLG12BR_219
430,5426.964,51.45033944472935,4.4384126550423835,17805,237.22832900719965,12.700000000000001,0.8106898212967526,70890.71350993548,40729.9695389695,0.021619520816032856,0.021619520816032856,VLG12BR_219
431,5439.664,51.44839016975204,4.437021280297261,17846,237.22832900719965,12.700000000000001,0.8111949932766358,70889.90282011418,40753.10162859245,0.02167824615000792,0.02167824615000792,VLG12BR_219
432,5452.364,51.446440878304095,4.435630024358004,17888,237.22832900719965,12.700000000000001,0.8117146571593046,70889.0916251209,40776.898875469844,0.02173741521322756,0.02173741521322756,VLG12BR_219
433,5465.064,51.444491570388074,4.434238887207201,17930,237.22832900719965,12.700000000000001,0.8122361593537402,70888.27991046374,40800.782015274825,0.02179702024208719,0.02179702024208719,VLG12BR_219
434,5477.764,51.442542246006525,4.432847868827442,17971,237.22832900719965,12.700000000000001,0.8127466697692014,70887.46767430438,40824.163535094835,0.021857053474178625,0.021857053474178625,VLG12BR_219
435,5490.464,51.44059290516199,4.43145696920132,18013,237.22832900719965,12.700000000000001,0.8132718108052945,70886.65492763462,40848.21676064525,0.02191750714829005,0.02191750714829005,VLG12BR_219
436,5503.164,51.43864354785703,4.430066188311433,18055,237.22832900719965,12.700000000000001,0.8137987966744971,70885.84165582381,40872.35625101544,0.02197837350440501,0.02197837350440501,VLG12BR_219
437,5515.864,51.43669417409419,4.428675526140381,18096,237.22832900719965,12.700000000000001,0.8143146644521921,70885.02785702713,40895.98828044499,0.02203964478370318,0.02203964478370318,VLG12BR_219
438,5528.564,51.43474478387601,4.427284982670767,18138,237.22832900719965,12.700000000000001,0.8148453020665425,70884.21354236268,40920.29859418694,0.022101313228559568,0.022101313228559568,VLG12BR_219
439,5541.264,51.432795377205046,4.425894557885197,18180,237.22832900719965,12.700000000000001,0.815377791054082,70883.3986970606,40944.69554753027,0.02216337108254401,0.02216337108254401,VLG12BR_219
440,5553.964,51.43084595408384,4.424504251766281,18221,237.22832900719965,12.700000000000001,0.815899035174962,70882.58331926956,40968.57917436605,0.022225810590421193,0.022225810590421193,VLG12BR_219
441,5566.664,51.42889651451494,4.423114064296632,18263,237.22832900719965,12.700000000000001,0.8164351888475958,70881.76742023438,40993.147694437976,0.022288623998150837,0.022288623998150837,VLG12BR_219
442,5579.364,51.42694705850089,4.421723995458865,18304,237.22832900719965,12.700000000000001,0.8169600132218799,70880.95098504554,41017.198979744135,0.022351803552886212,0.022351803552886212,VLG12BR_219
443,5592.064,51.42499758604424,4.420334045235599,18346,237.22832900719965,12.700000000000001,0.8174998401909404,70880.13402503231,41041.93956329605,0.02241534150297539,0.02241534150297539,VLG12BR_219
444,5604.764,51.423048097147536,4.418944213609456,18388,237.22832900719965,12.700000000000001,0.8180415294556735,70879.31652519212,41066.767416538016,0.02247923009795972,0.02247923009795972,VLG12BR_219
445,5617.464,51.42109859181331,4.417554500563062,18430,237.22832900719965,12.700000000000001,0.8185850832276684,70878.49848366265,41091.682667702305,0.022543461588574547,0.022543461588574547,VLG12BR_219
446,5630.164,51.41914907004412,4.416164906079046,18471,237.22832900719965,12.700000000000001,0.8191171371869017,70877.67989857943,41116.072786615776,0.022608028226747984,0.022608028226747984,VLG12BR_219
447,5642.864,51.4171995318425,4.414775430140038,18513,237.22832900719965,12.700000000000001,0.8196643816286346,70876.86078144224,41141.16110859119,0.022672922265601646,0.022672922265601646,VLG12BR_219
448,5655.564,51.415249977211,4.413386072728674,18555,237.22832900719965,12.700000000000001,0.8202134971704251,70876.04111706061,41166.33721207341,0.02273920181339423,0.02273920181339423,VLG12BR_219
449,5668.264,51.41330040615215,4.41199683382759,18596,237.22832900719965,12.700000000000001,0.8207509847246071,70875.22090356344,41190.98224273743,0.02280631952937246,0.02280631952937246,VLG12BR_219
450,5680.964,51.41135081866851,4.41060771341943,18638,237.22832900719965,12.700000000000001,0.8213038039784317,70874.40015257872,41216.332177846096,0.0228737940788516,0.0228737940788516,VLG12BR_219
451,5693.664,51.40940121476261,4.409218711486836,18680,237.22832900719965,12.700000000000001,0.8218585009414541,70873.57884877473,41241.770281025834,0.022941618524075863,0.022941618524075863,VLG12BR_219
452,5706.364,51.40745159443699,4.4078298280124555,18721,237.22832900719965,12.700000000000001,0.8224014412715945,70872.75699027379,41266.671345426,0.023009785928357868,0.023009785928357868,VLG12BR_219
453,5719.064,51.4055019576942,4.4064410629789394,18763,237.22832900719965,12.700000000000001,0.822959855020601,70871.93458883252,41292.2840469573,0.023078289356077784,0.023078289356077784,VLG12BR_219
454,5731.764,51.40355230453677,4.4050524163689415,18805,237.22832900719965,12.700000000000001,0.8235201531036438,70871.1116289775,41317.985306126844,0.02314712187268372,0.02314712187268372,VLG12BR_219
455,5744.464,51.40160263496723,4.403663888165118,18846,237.22832900719965,12.700000000000001,0.8240685654362148,70870.28810882439,41343.14353496191,0.023216276544691158,0.023216276544691158,VLG12BR_219
456,5757.164,51.39965294898814,4.40227547835013,18888,237.22832900719965,12.700000000000001,0.8246325934095495,70869.46404025896,41369.02016516378,0.023261609278903722,0.023261609278903722,VLG12BR_219
457,5769.864,51.39770324660203,4.400887186906639,18929,237.22832900719965,12.700000000000001,0.8251846496401591,70868.63940766554,41394.349772576745,0.023275538966506738,0.023275538966506738,VLG12BR_219
458,5782.564,51.39575352781143,4.399499013817311,18971,237.22832900719965,12.700000000000001,0.825752416220793,70867.8142230159,41420.40229015774,0.023288831233269452,0.023288831233269452,VLG12BR_219
459,5795.264,51.39380379261889,4.398110959064818,19013,237.22832900719965,12.700000000000001,0.8263220781919931,70866.98847059968,41446.54402032248,0.02330149098534921,0.02330149098534921,VLG12BR_219
460,5807.964,51.39185404102694,4.39672302263183,19055,237.22832900719965,12.700000000000001,0.8268936377913214,70866.16214852149,41472.775096361926,0.02331352312814997,0.02331352312814997,VLG12BR_219
461,5820.664,51.38990427303811,4.395335204501024,19096,237.22832900719965,12.700000000000001,0.8274530519806296,70865.3352548837,41498.45108137066,0.023324932566321666,0.023324932566321666,VLG12BR_219
462,5833.364,51.38795448865495,4.393947504655078,19138,237.22832900719965,12.700000000000001,0.8280283677645615,70864.50780183171,41524.85909185625,0.023335724203760667,0.023335724203760667,VLG12BR_219
463,5846.064,51.38600468787998,4.392559923076675,19180,237.22832900719965,12.700000000000001,0.8286055878444825,70863.67977346395,41551.356846933035,0.02334590294360996,0.02334590294360996,VLG12BR_219
464,5858.764,51.38405487071575,4.391172459748499,19221,237.22832900719965,12.700000000000001,0.8291705319687936,70862.85116787611,41577.293441431335,0.02335547368825926,0.02335547368825926,VLG12BR_219
465,5871.464,51.382105037164784,4.389785114653239,19263,237.22832900719965,12.700000000000001,0.8297515214205278,70862.02199734414,41603.968921780965,0.023364441339345485,0.023364441339345485,VLG12BR_219
466,5884.164,51.38015518722961,4.388397887773586,19305,237.22832900719965,12.700000000000001,0.8303344218490254,70861.19224582272,41630.73454853567,0.02337281079775259,0.02337281079775259,VLG12BR_219
467,5896.864,51.37820532091278,4.387010779092234,19346,237.22832900719965,12.700000000000001,0.8309049152967385,70860.36191140088,41656.93291875711,0.023380586963611324,0.023380586963611324,VLG12BR_219
468,5909.564,51.3762554382168,4.385623788591882,19388,237.22832900719965,12.700000000000001,0.8314915983090319,70859.53100648557,41683.87706775443,0.023387774736300576,0.023387774736300576,VLG12BR_219
469,5922.264,51.374305539144224,4.38423691625523,19430,237.22832900719965,12.700000000000001,0.8320801989910258,70858.69951488727,41710.91176809215,0.023394379014446316,0.023394379014446316,VLG12BR_219
470,5934.964,51.37235562369758,4.382850162064983,19471,237.22832900719965,12.700000000000001,0.8326562611857355,70857.86743468828,41737.37308932755,0.02340040469592229,0.02340040469592229,VLG12BR_219
471,5947.664,51.37040569187939,4.381463526003847,19513,237.22832900719965,12.700000000000001,0.8332486576867795,70857.03477842709,41764.58711506869,0.023405856677850598,0.023405856677850598,VLG12BR_219
472,5960.364,51.368455743692195,4.380077008054532,19554,237.22832900719965,12.700000000000001,0.8338284281172545,70856.2015297694,41791.22368169815,0.02341073985660096,0.02341073985660096,VLG12BR_219
473,5973.064,51.36650577913852,4.378690608199753,19596,237.22832900719965,12.700000000000001,0.8344246292372872,70855.36770134128,41818.61756955825,0.023415059127791585,0.023415059127791585,VLG12BR_219
474,5985.764,51.36455579822089,4.377304326422226,19638,237.22832900719965,12.700000000000001,0.8350227591887462,70854.53327671204,41846.1026895421,0.023418819386289275,0.023418819386289275,VLG12BR_219
475,5998.464,51.36260580094184,4.37591816270467,19680,237.22832900719965,12.700000000000001,0.8356228202291676,70853.69825395285,41873.6791801993,0.023422025526208975,0.023422025526208975,VLG12BR_219
476,6011.164,51.3606557873039,4.374532117029808,19721,237.22832900719965,12.700000000000001,0.8362100783185105,70852.86263113262,41900.669965935056,0.022686962784697964,0.022686962784697964,VLG12BR_219
477,6023.864,51.35870575730959,4.373146189380368,19763,237.22832900719965,12.700000000000001,0.8368139617120702,70852.02642105431,41928.427407084,0.021866826415140456,0.021866826415140456,VLG12BR_219
478,6036.564,51.356755710961444,4.371760379739077,19805,237.22832900719965,12.700000000000001,0.8374197829193042,70851.1896070926,41956.27663335317,0.021044503032207326,0.021044503032207326,VLG12BR_219
479,6049.264,51.35480564826199,4.370374688088668,19846,237.22832900719965,12.700000000000001,0.8380126682148599,70850.35218730968,41983.53395102849,0.02022003708037147,0.02022003708037147,VLG12BR_219
480,6061.964,51.352855569213745,4.368989114411876,19888,237.22832900719965,12.700000000000001,0.8386223250708382,70849.51417464146,42011.56494981491,0.019393472997301087,0.019393472997301087,VLG12BR_219
481,6074.664,51.350905473819246,4.367603658691442,19930,237.22832900719965,12.700000000000001,0.8392339264741444,70848.67555231639,42039.68815138876,0.01856485521386077,0.01856485521386077,VLG12BR_219
482,6087.364,51.348955362081014,4.3662183209101055,19971,237.22832900719965,12.700000000000001,0.8398324585172203,70847.83631838992,42067.21321323638,0.017734228154113307,0.017734228154113307,VLG12BR_219
483,6100.064,51.34700523400157,4.364833101050612,20013,237.22832900719965,12.700000000000001,0.8404479088816881,70846.9964859314,42095.519015739934,0.016901636235320896,0.016901636235320896,VLG12BR_219
484,6112.764,51.34505508958345,4.36344799909571,20055,237.22832900719965,12.700000000000001,0.8410653105352144,70846.15603802253,42123.917441943624,0.016067123867946766,0.016067123867946766,VLG12BR_219
485,6125.464,51.34310492882916,4.36206301502815,20096,237.22832900719965,12.700000000000001,0.8416695088904385,70845.31497271199,42151.71146961318,0.015230735455656607,0.015230735455656607,VLG12BR_219
486,6138.164,51.341154751741236,4.360678148830687,20138,237.22832900719965,12.700000000000001,0.842290772832623,70844.47330320309,42180.29333159614,0.01439181985271853,0.01439181985271853,VLG12BR_219
487,6150.864,51.339204558322194,4.359293400486079,20179,237.22832900719965,12.700000000000001,0.8428987442743359,70843.63101243025,42208.26662398952,0.013551263570482702,0.013551263570482702,VLG12BR_219
488,6163.564,51.33725434857456,4.357908769977086,20221,237.22832900719965,12.700000000000001,0.8435238793617312,70842.78811368598,42237.032479644564,0.01270914338583988,0.01270914338583988,VLG12BR_219
489,6176.264,51.33530412250086,4.3565242572864715,20263,237.22832900719965,12.700000000000001,0.8441509769717266,70841.94458980662,42265.891666646785,0.011865482570867886,0.011865482570867886,VLG12BR_219
490,6188.964,51.33335388010361,4.355139862397003,20305,237.22832900719965,12.700000000000001,0.8447800393748921,70841.10043882964,42294.8443290133,0.01102030439409251,0.01102030439409251,VLG12BR_219
491,6201.664,51.33140362138533,4.353755585291451,20346,237.22832900719965,12.700000000000001,0.845395629128971,70840.25565879027,42323.179991332145,0.01017363212048863,0.01017363212048863,VLG12BR_219
492,6214.364,51.329453346348544,4.3523714259525885,20388,237.22832900719965,12.700000000000001,0.8460285805138499,70839.41026316113,42352.31777869103,0.009325489011480583,0.009325489011480583,VLG12BR_219
493,6227.064,51.327503054995766,4.350987384363192,20430,237.22832900719965,12.700000000000001,0.8466635034524257,70838.56423458061,42381.549472217324,0.008475898324943429,0.008475898324943429,VLG12BR_219
494,6239.764,51.325552747329525,4.349603460506041,20471,237.22832900719965,12.700000000000001,0.84728481832628,70837.71757107716,42410.15782255114,0.007624883315203396,0.007624883315203396,VLG12BR_219
495,6252.464,51.32360242335233,4.348219654363919,20513,237.22832900719965,12.700000000000001,0.8479236436084128,70836.87028625883,42439.5754955358,0.006772467233038763,0.006772467233038763,VLG12BR_219
496,6265.164,51.3216520830667,4.3468359659196105,20554,237.22832900719965,12.700000000000001,0.8485487706402197,70836.02236261521,42468.365597911674,0.00591867332568048,0.00591867332568048,VLG12BR_219
497,6277.864,51.31970172647516,4.345452395155906,20596,237.22832900719965,12.700000000000001,0.8491915071421607,70835.17381384458,42497.96982135734,0.005063524836813268,0.005063524836813268,VLG12BR_219
498,6290.564,51.31775135358022,4.344068942055597,20638,237.22832900719965,12.700000000000001,0.8498362264563282,70834.32462233744,42527.668675247536,0.004207045006576008,0.004207045006576008,VLG12BR_219
499,6303.264,51.3158009643844,4.34268560660148,20680,237.22832900719965,12.700000000000001,0.8504829308573569,70833.474786111,42557.46230698426,0.003349257071562968,0.003349257071562968,VLG12BR_219
500,6315.964,51.313850558890216,4.341302388776351,20721,237.22832900719965,12.700000000000001,0.851115754874872,70832.62430318014,42586.61982335001,0.0024901842648241143,0.0024901842648241143,VLG12BR_219
501,6328.664,51.31190013710018,4.3399192885630145,20763,237.22832900719965,12.700000000000001,0.8517663883641005,70831.77318742526,42616.601163455794,0.0016298498158661672,0.0016298498158661672,VLG12BR_219
502,6341.364,51.30994969901681,4.338536305944274,20804,237.22832900719965,12.700000000000001,0.8524030506240043,70830.9214210369,42645.94212245922,0.0007682769506532962,0.0007682769506532962,VLG12BR_219
503,6354.064,51.30799924464262,4.337153440902937,20846,237.22832900719965,12.700000000000001,0.8530576220843009,70830.06901798627,42676.11175084979,0.0,0.0,VLG12BR_219
504,6366.764,51.30604877398012,4.335770693421816,20888,237.22832900719965,12.700000000000001,0.8537141898983855,70829.21596036419,42706.37689267055,0.0,0.0,VLG12BR_219
505,6379.464,51.304098287031835,4.334388063483725,20930,237.22832900719965,12.700000000000001,0.854372756341887,70828.36224617429,42736.73769762487,0.0,0.0,VLG12BR_219
506,6392.164,51.302147783800265,4.33300555107148,20971,237.22832900719965,12.700000000000001,0.855017168090904,70827.50787341796,42766.44949900874,0.0,0.0,VLG12BR_219
507,6404.864,51.30019726428793,4.331623156167903,21013,237.22832900719965,12.700000000000001,0.8556796903816561,70826.65285624986,42796.99976823285,0.0,0.0,VLG12BR_219
508,6417.564,51.29824672849734,4.330240878755817,21055,237.22832900719965,12.700000000000001,0.8563442180739864,70825.79717655947,42827.64614840434,0.0,0.0,VLG12BR_219
509,6430.264,51.29629617643101,4.32885871881805,21096,237.22832900719965,12.700000000000001,0.8569944531661482,70824.9408323414,42857.63703682774,0.0,0.0,VLG12BR_219
510,6442.964,51.29434560809144,4.327476676337431,21138,237.22832900719965,12.700000000000001,0.8576629500853754,70824.08383788823,42888.47376947444,0.0,0.0,VLG12BR_219
511,6455.664,51.29239502348115,4.326094751296795,21179,237.22832900719965,12.700000000000001,0.8583170625620478,70823.22617493814,42918.650686033834,0.0,0.0,VLG12BR_219
512,6468.364,51.29044442260265,4.324712943678977,21221,237.22832900719965,12.700000000000001,0.8589895375904675,70822.36785787558,42949.67836470734,0.0,0.0,VLG12BR_219
513,6481.064,51.28849380545844,4.323331253466816,21263,237.22832900719965,12.700000000000001,0.8596640292866662,70821.50886833799,42980.80290720938,0.0,0.0,VLG12BR_219
514,6493.764,51.28654317205103,4.321949680643155,21305,237.22832900719965,12.700000000000001,0.8603405399250028,70820.6492043087,43012.02446676421,0.0,0.0,VLG12BR_219
515,6506.464,51.284592522382944,4.320568225190841,21346,237.22832900719965,12.700000000000001,0.8610024806455472,70819.78886376879,43042.577468902346,0.0,0.0,VLG12BR_219
516,6519.164,51.28264185645668,4.319186887092722,21388,237.22832900719965,12.700000000000001,0.8616829872592409,70818.92786128815,43073.99117812499,0.0,0.0,VLG12BR_219
517,6531.864,51.280691174274736,4.317805666331651,21429,237.22832900719965,12.700000000000001,0.8623488314445813,70818.06617830088,43104.73196574906,0.0,0.0,VLG12BR_219
518,6544.564,51.27874047583963,4.316424562890483,21471,237.22832900719965,12.700000000000001,0.8630333429080972,70817.20382946944,43136.33842746309,0.0,0.0,VLG12BR_219
519,6557.264,51.27678976115387,4.3150435767520765,21513,237.22832900719965,12.700000000000001,0.8637198845700189,70816.34079612653,43168.04267087264,0.0,0.0,VLG12BR_219
520,6569.964,51.27483903021996,4.313662707899293,21555,237.22832900719965,12.700000000000001,0.8644084587018999,70815.47707624196,43199.84485159619,0.0,0.0,VLG12BR_219
521,6582.664,51.272888283040395,4.3122819563149974,21596,237.22832900719965,12.700000000000001,0.8650821835828575,70814.61266778327,43230.965288587475,0.0,0.0,VLG12BR_219
522,6595.364,51.27093751961769,4.310901321982057,21638,237.22832900719965,12.700000000000001,0.8657747804086546,70813.74758559969,43262.9614442488,0.0,0.0,VLG12BR_219
523,6608.064,51.26898673995435,4.309520804883345,21680,237.22832900719965,12.700000000000001,0.8664694164605327,70812.88181081928,43295.05600273368,0.0,0.0,VLG12BR_219
524,6620.764,51.26703594405287,4.308140405001733,21721,237.22832900719965,12.700000000000001,0.8671490628366245,70812.01534140282,43326.46217849294,0.0,0.0,VLG12BR_219
525,6633.464,51.26508513191576,4.306760122320101,21763,237.22832900719965,12.700000000000001,0.8678477349244547,70811.14819233998,43358.75163521952,0.0,0.0,VLG12BR_219
526,6646.164,51.26313430354552,4.305379956821328,21804,237.22832900719965,12.700000000000001,0.8685313238187022,70810.28034460505,43390.348284093874,0.0,0.0,VLG12BR_219
527,6658.864,51.26118345894466,4.303999908488299,21846,237.22832900719965,12.700000000000001,0.8692340407932175,70809.41181328123,43422.833256072125,0.0,0.0,VLG12BR_219
528,6671.564,51.259232598115666,4.3026199773039,21888,237.22832900719965,12.700000000000001,0.8699388082199826,70808.54257924044,43455.417413512645,0.0,0.0,VLG12BR_219
529,6684.264,51.25728172106105,4.3012401632510215,21930,237.22832900719965,12.700000000000001,0.870645628363188,70807.67264043223,43488.10091569706,0.0,0.0,VLG12BR_219
530,6696.964,51.25533082778331,4.299860466312557,21971,237.22832900719965,12.700000000000001,0.8713371764597995,70806.80199480386,43520.082664294256,0.0,0.0,VLG12BR_219
531,6709.664,51.25337991828495,4.298480886471403,22013,237.22832900719965,12.700000000000001,0.8720480592759279,70805.9306576274,43552.96293295078,0.0,0.0,VLG12BR_219
532,6722.364,51.251428992568464,4.297101423710458,22054,237.22832900719965,12.700000000000001,0.8727435758533051,70805.05860956812,43585.13698146181,0.0,0.0,VLG12BR_219
533,6735.064,51.24947805063635,4.295722078012626,22096,237.22832900719965,12.700000000000001,0.873458530168782,70804.18586599227,43618.21464324785,0.0,0.0,VLG12BR_219
534,6747.764,51.247527092491104,4.294342849360813,22138,237.22832900719965,12.700000000000001,0.8741755483960345,70803.3124074621,43651.39244465453,0.0,0.0,VLG12BR_219
535,6760.464,51.24557611813523,4.292963737737928,22180,237.22832900719965,12.700000000000001,0.8748946327921177,70802.43823191371,43684.6705474548,0.0,0.0,VLG12BR_219
536,6773.164,51.24362512757123,4.291584743126883,22221,237.22832900719965,12.700000000000001,0.8755981607374437,70801.56333728091,43717.2334003474,0.0,0.0,VLG12BR_219
537,6785.864,51.24167412080159,4.290205865510593,22263,237.22832900719965,12.700000000000001,0.8763213343630176,70800.68773912017,43750.71016706563,0.0,0.0,VLG12BR_219
538,6798.564,51.239723097828815,4.288827104871978,22305,237.22832900719965,12.700000000000001,0.8770465808659504,70799.81141778581,43784.28771909955,0.0,0.0,VLG12BR_219
539,6811.264,51.237772058655395,4.287448461193959,22346,237.22832900719965,12.700000000000001,0.87775612795181,70798.93437120494,43817.14322540175,0.0,0.0,VLG12BR_219
540,6823.964,51.235821003283824,4.28606993445946,22388,237.22832900719965,12.700000000000001,0.8784854769255097,70798.05661507699,43850.920401178875,0.0,0.0,VLG12BR_219
541,6836.664,51.233869931716605,4.284691524651412,22429,237.22832900719965,12.700000000000001,0.8791990312749607,70797.17812960007,43883.97100129015,0.0,0.0,VLG12BR_219
542,6849.364,51.23191884395622,4.283313231752743,22471,237.22832900719965,12.700000000000001,0.8799324914957578,70796.2989305688,43917.948442230554,0.0,0.0,VLG12BR_219
543,6862.064,51.22996774000518,4.2819350557463896,22513,237.22832900719965,12.700000000000001,0.8806680357257131,70795.4189980773,43952.02748209061,0.0,0.0,VLG12BR_219
544,6874.764,51.22801661986596,4.280556996615289,22555,237.22832900719965,12.700000000000001,0.8814056662075933,70794.53833004157,43986.20828645555,0.0,0.0,VLG12BR_219
545,6887.464,51.22606548354106,4.279179054342382,22596,237.22832900719965,12.700000000000001,0.8821273098083859,70793.65692437536,44019.65335686019,0.0,0.0,VLG12BR_219
546,6900.164,51.22411433103298,4.277801228910613,22638,237.22832900719965,12.700000000000001,0.8828690691552343,70792.77479706555,44054.03572712135,0.0,0.0,VLG12BR_219
547,6912.864,51.2221631623442,4.276423520302929,22679,237.22832900719965,12.700000000000001,0.8835947457353432,70791.89192799639,44087.67779040347,0.0,0.0,VLG12BR_219
548,6925.564,51.22021197747722,4.27504592850228,22721,237.22832900719965,12.700000000000001,0.8843406426804596,70791.00833325065,44122.262378021565,0.0,0.0,VLG12BR_219
549,6938.264,51.21826077643452,4.273668453491619,22763,237.22832900719965,12.700000000000001,0.8850886369547173,70790.12399260797,44156.94955648536,0.0,0.0,VLG12BR_219
550,6950.964,51.216309559218594,4.272291095253904,22805,237.22832900719965,12.700000000000001,0.8858387307888234,70789.23890397101,44191.73949397287,0.0,0.0,VLG12BR_219
551,6963.664,51.21435832583194,4.270913853772095,22846,237.22832900719965,12.700000000000001,0.8865725482329738,70788.35306524023,44225.7798788066,0.0,0.0,VLG12BR_219
552,6976.364,51.21240707627704,4.269536729029154,22888,237.22832900719965,12.700000000000001,0.8873267971884873,70787.466492692,44260.77335475063,0.0,0.0,VLG12BR_219
553,6989.064,51.21045581055638,4.268159721008048,22930,237.22832900719965,12.700000000000001,0.8880831523289374,70786.5791658948,44295.87009280383,0.0,0.0,VLG12BR_219
554,7001.764,51.20850452867246,4.2667828296917465,22971,237.22832900719965,12.700000000000001,0.8888230855573184,70785.69108274247,44330.21031929029,0.0,0.0,VLG12BR_219
555,7014.464,51.20655323062775,4.265406055063222,23013,237.22832900719965,12.700000000000001,0.889583608887959,70784.80225965692,44365.511593636205,0.0,0.0,VLG12BR_219
556,7027.164,51.20460191642474,4.264029397105451,23054,237.22832900719965,12.700000000000001,0.8903276134014108,70783.91267604803,44400.05171749137,0.0,0.0,VLG12BR_219
557,7039.864,51.20265058606593,4.262652855801411,23096,237.22832900719965,12.700000000000001,0.8910923135755429,70783.02234843462,44435.55819495699,0.0,0.0,VLG12BR_219
558,7052.564,51.20069923955379,4.261276431134085,23138,237.22832900719965,12.700000000000001,0.8918591309103568,70782.13125612105,44471.168780365566,0.0,0.0,VLG12BR_219
559,7065.264,51.19874787689082,4.259900123086459,23180,237.22832900719965,12.700000000000001,0.8926280676144193,70781.23939699015,44506.88364586351,0.0,0.0,VLG12BR_219
560,7077.964,51.19679649807949,4.258523931641521,23221,237.22832900719965,12.700000000000001,0.8933802898257477,70780.34676892254,44541.82798153301,0.0,0.0,VLG12BR_219
561,7090.664,51.1948451031223,4.257147856782262,23263,237.22832900719965,12.700000000000001,0.8941534207224728,70779.45338863271,44577.749402420595,0.0,0.0,VLG12BR_219
562,7103.364,51.19289369202172,4.255771898491679,23304,237.22832900719965,12.700000000000001,0.8949097395411297,70778.55923521199,44612.89560975087,0.0,0.0,VLG12BR_219
563,7116.064,51.19094226478024,4.254396056752768,23346,237.22832900719965,12.700000000000001,0.8956870732195767,70777.66432547245,44649.02426330742,0.0,0.0,VLG12BR_219
564,7128.764,51.18899082140034,4.253020331548531,23388,237.22832900719965,12.700000000000001,0.8964665371615311,70776.76863839923,44685.25805604648,0.0,0.0,VLG12BR_219
565,7141.464,51.1870393618845,4.251644722861974,23430,237.22832900719965,12.700000000000001,0.8972481335579368,70775.87217186207,44721.59716281389,0.0,0.0,VLG12BR_219
566,7154.164,51.18508788623521,4.2502692306761025,23471,237.22832900719965,12.700000000000001,0.8980127208318995,70774.97492372851,44757.15158581675,0.0,0.0,VLG12BR_219
567,7166.864,51.18313639445494,4.248893854973929,23513,237.22832900719965,12.700000000000001,0.8987985372207237,70774.07691100768,44793.69929872606,0.0,0.0,VLG12BR_219
568,7179.564,51.18118488654618,4.247518595738467,23555,237.22832900719965,12.700000000000001,0.8995864925650423,70773.17811247046,44830.35284869881,0.0,0.0,VLG12BR_219
569,7192.264,51.179233362511404,4.246143452952734,23596,237.22832900719965,12.700000000000001,0.9003572907038137,70772.27852597789,44866.21458639306,0.0,0.0,VLG12BR_219
570,7204.964,51.177281822353095,4.244768426599751,23638,237.22832900719965,12.700000000000001,0.9011494788556282,70771.37816868718,44903.07777991542,0.0,0.0,VLG12BR_219
571,7217.664,51.17533026607373,4.2433935166625405,23679,237.22832900719965,12.700000000000001,0.9019244111964796,70770.47701920832,44939.14440889305,0.0,0.0,VLG12BR_219
572,7230.364,51.17337869367579,4.24201872312413,23721,237.22832900719965,12.700000000000001,0.9027208406310288,70769.57509479712,44976.21793924307,0.0,0.0,VLG12BR_219
573,7243.064,51.17142710516174,4.24064404596755,23763,237.22832900719965,12.700000000000001,0.9035194197709514,70768.67237395649,45013.398186044695,0.0,0.0,VLG12BR_219
574,7255.764,51.16947550053408,4.239269485175834,23805,237.22832900719965,12.700000000000001,0.9043201507761719,70767.76885453673,45050.68532827569,0.0,0.0,VLG12BR_219
575,7268.464,51.16752387979527,4.237895040732018,23846,237.22832900719965,12.700000000000001,0.9051034268741565,70766.86453438595,45087.1662967521,0.0,0.0,VLG12BR_219
576,7281.164,51.16557224294779,4.236520712619141,23888,237.22832900719965,12.700000000000001,0.9059084161291041,70765.95943095908,45124.6651817384,0.0,0.0,VLG12BR_219
577,7293.864,51.16362058999412,4.235146500820248,23929,237.22832900719965,12.700000000000001,0.9066958511921831,70765.05352254295,45161.35309410871,0.0,0.0,VLG12BR_219
578,7306.564,51.16166892093673,4.233772405318383,23971,237.22832900719965,12.700000000000001,0.9075051070839012,70764.14682669175,45199.064426012206,0.0,0.0,VLG12BR_219
579,7319.264,51.15971723577809,4.232398426096597,24013,237.22832900719965,12.700000000000001,0.908316525478928,70763.23932158467,45236.88354654009,0.0,0.0,VLG12BR_219
580,7331.964,51.157765534520685,4.231024563137942,24055,237.22832900719965,12.700000000000001,0.9091301085132791,70762.33100505918,45274.81063748119,0.0,0.0,VLG12BR_219
581,7344.664,51.15581381716698,4.229650816425473,24096,237.22832900719965,12.700000000000001,0.9099259368938654,70761.42187495067,45311.917052095254,0.0,0.0,VLG12BR_219
582,7357.364,51.15386208371945,4.22827718594225,24138,237.22832900719965,12.700000000000001,0.9107438033441343,70760.51194901377,45350.05801796072,0.0,0.0,VLG12BR_219
583,7370.064,51.15191033418058,4.2269036716713355,24180,237.22832900719965,12.700000000000001,0.9115638407648724,70759.60120521043,45388.30749804792,0.0,0.0,VLG12BR_219
584,7382.764,51.14995856855282,4.225530273595794,24221,237.22832900719965,12.700000000000001,0.9123659728930529,70758.68964136967,45425.7289969154,0.0,0.0,VLG12BR_219
585,7395.464,51.14800678683866,4.224156991698695,24263,237.22832900719965,12.700000000000001,0.9131903061993911,70757.77727539677,45464.19343054127,0.0,0.0,VLG12BR_219
586,7408.164,51.14605498904056,4.22278382596311,24304,237.22832900719965,12.700000000000001,0.9139966339122318,70756.86408509058,45501.82501280884,0.0,0.0,VLG12BR_219
587,7420.864,51.14410317516099,4.221410776372114,24346,237.22832900719965,12.700000000000001,0.9148252713392468,70755.95008845667,45540.50512079661,0.0,0.0,VLG12BR_219
588,7433.564,51.14215134520243,4.220037842908786,24388,237.22832900719965,12.700000000000001,0.9156560901819754,70755.03526318533,45579.29465733696,0.0,0.0,VLG12BR_219
589,7446.264,51.14019949916734,4.218665025556207,24430,237.22832900719965,12.700000000000001,0.9164890925354078,70754.11960709516,45618.193808522024,0.0,0.0,VLG12BR_219
590,7458.964,51.138247637058186,4.217292324297461,24471,237.22832900719965,12.700000000000001,0.9173038867910549,70753.20311800262,45656.25026007705,0.0,0.0,VLG12BR_219
591,7471.664,51.136295758877445,4.2159197391156376,24513,237.22832900719965,12.700000000000001,0.9181412097220011,70752.28581411584,45695.36654743199,0.0,0.0,VLG12BR_219
592,7484.364,51.13434386462758,4.214547269993827,24554,237.22832900719965,12.700000000000001,0.9189602235791352,70751.36767290611,45733.63521655951,0.0,0.0,VLG12BR_219
593,7497.064,51.13239195431106,4.213174916915124,24596,237.22832900719965,12.700000000000001,0.9198018752075007,70750.44871268253,45772.969372243686,0.0,0.0,VLG12BR_219
594,7509.764,51.13044002793035,4.211802679862626,24638,237.22832900719965,12.700000000000001,0.9206457206457258,70749.52891080732,45812.414071284096,0.0,0.0,VLG12BR_219
595,7522.464,51.128488085487916,4.210430558819435,24680,237.22832900719965,12.700000000000001,0.9214917619578163,70748.60826508667,45851.96950270089,0.0,0.0,VLG12BR_219
596,7535.164,51.126536126986224,4.209058553768654,24721,237.22832900719965,12.700000000000001,0.9223192903358538,70747.68677332472,45890.66736933673,0.0,0.0,VLG12BR_219
597,7547.864,51.12458415242774,4.207686664693391,24763,237.22832900719965,12.700000000000001,0.9231696765587835,70746.76445403439,45930.44215388914,0.0,0.0,VLG12BR_219
598,7560.564,51.12263216181492,4.206314891576756,24805,237.22832900719965,12.700000000000001,0.9240222647651909,70745.84128435783,45970.32823626353,0.0,0.0,VLG12BR_219
599,7573.264,51.12068015515024,4.204943234401865,24846,237.22832900719965,12.700000000000001,0.9248561868603636,70744.91726209306,46009.3492655299,0.0,0.0,VLG12BR_219
600,7585.964,51.11872813243616,4.203571693151833,24888,237.22832900719965,12.700000000000001,0.9257131319986781,70743.9924059062,46049.45582257494,0.0,0.0,VLG12BR_219
601,7598.664,51.11677609367514,4.202200267809781,24929,237.22832900719965,12.700000000000001,0.9265513090422083,70743.0666927742,46088.69233378492,0.0,0.0,VLG12BR_219
602,7611.364,51.11482403886964,4.200828958358833,24971,237.22832900719965,12.700000000000001,0.9274126190374627,70742.14014146516,46129.02011501596,0.0,0.0,VLG12BR_219
603,7624.064,51.11287196802213,4.199457764782116,25013,237.22832900719965,12.700000000000001,0.9282761410681629,70741.21272884612,46169.46014479781,0.0,0.0,VLG12BR_219
604,7636.764,51.110919881135054,4.19808668706276,25055,237.22832900719965,12.700000000000001,0.9291418771460419,70740.28445270505,46210.012616633656,0.0,0.0,VLG12BR_219
605,7649.464,51.10896777821089,4.196715725183898,25096,237.22832900719965,12.700000000000001,0.9299886392463681,70739.3553108279,46249.6849457337,0.0,0.0,VLG12BR_219
606,7662.164,51.10701565925209,4.195344879128667,25138,237.22832900719965,12.700000000000001,0.9308587559839382,70738.42532218866,46290.46016177417,0.0,0.0,VLG12BR_219
607,7674.864,51.10506352426112,4.193974148880208,25179,237.22832900719965,12.700000000000001,0.9317097960930157,70737.49446343268,46330.350191952704,0.0,0.0,VLG12BR_219
608,7687.564,51.10311137324043,4.192603534421662,25221,237.22832900719965,12.700000000000001,0.9325843012698397,70736.5627536366,46371.3489135236,0.0,0.0,VLG12BR_219
609,7700.264,51.101159206192484,4.191233035736177,25263,237.22832900719965,12.700000000000001,0.9334610303612859,70735.63016933533,46412.461042859766,0.0,0.0,VLG12BR_219
610,7712.964,51.09920702311974,4.1898626528069025,25305,237.22832900719965,12.700000000000001,0.9343399853401597,70734.69670830497,46453.68677651506,0.0,0.0,VLG12BR_219
611,7725.664,51.097254824024645,4.188492385616992,25346,237.22832900719965,12.700000000000001,0.9351996564688498,70733.76236831963,46494.0171251893,0.0,0.0,VLG12BR_219
612,7738.364,51.09530260890967,4.187122234149601,25388,237.22832900719965,12.700000000000001,0.9360830153839231,70732.82716866316,46535.467908355604,0.0,0.0,VLG12BR_219
613,7751.064,51.09335037777726,4.185752198387889,25430,237.22832900719965,12.700000000000001,0.936968606016513,70731.89108564777,46577.03288382936,0.0,0.0,VLG12BR_219
614,7763.764,51.09139813062988,4.184382278315019,25471,237.22832900719965,12.700000000000001,0.9378347571143129,70730.95411704175,46617.69479521414,0.0,0.0,VLG12BR_219
615,7776.464,51.089445867469976,4.183012473914158,25513,237.22832900719965,12.700000000000001,0.9387247631396589,70730.01628228463,46659.48598645217,0.0,0.0,VLG12BR_219
616,7789.164,51.087493588300006,4.181642785168475,25554,237.22832900719965,12.700000000000001,0.9395952259862435,70729.0775575215,46700.36899337534,0.0,0.0,VLG12BR_219
617,7801.864,51.085541293122425,4.1802732120611426,25596,237.22832900719965,12.700000000000001,0.940489654940913,70728.13796229551,46742.387179788224,0.0,0.0,VLG12BR_219
618,7814.564,51.083588981939684,4.1789037545753365,25638,237.22832900719965,12.700000000000001,0.9413863251723062,70727.19747264058,46784.52054716161,0.0,0.0,VLG12BR_219
619,7827.264,51.081636654754234,4.177534412694236,25680,237.22832900719965,12.700000000000001,0.9422852385883458,70726.2560863154,46826.769296720966,0.0,0.0,VLG12BR_219
620,7839.964,51.079684311568535,4.176165186401024,25721,237.22832900719965,12.700000000000001,0.9431643996130384,70725.31380107682,46868.099506473336,0.0,0.0,VLG12BR_219
621,7852.664,51.07773195238503,4.174796075678885,25763,237.22832900719965,12.700000000000001,0.9440677509456111,70724.37063667721,46910.576831880724,0.0,0.0,VLG12BR_219
622,7865.364,51.07577957720618,4.1734270805110105,25804,237.22832900719965,12.700000000000001,0.9449512455872198,70723.42656892627,46952.13044483548,0.0,0.0,VLG12BR_219
623,7878.064,51.07382718603442,4.172058200880591,25846,237.22832900719965,12.700000000000001,0.9458590421934787,70722.48161768068,46994.83713780958,0.0,0.0,VLG12BR_219
624,7890.764,51.071874778872214,4.170689436770823,25888,237.22832900719965,12.700000000000001,0.9467690913160054,70721.53575863848,47037.66021723635,0.0,0.0,VLG12BR_219
625,7903.464,51.06992235572201,4.169320788164907,25930,237.22832900719965,12.700000000000001,0.9476813948149024,70720.58898954716,47080.599887520686,0.0,0.0,VLG12BR_219
626,7916.164,51.06796991658624,4.167952255046043,25971,237.22832900719965,12.700000000000001,0.9485736310967192,70719.64130815235,47122.60538354236,0.0,0.0,VLG12BR_219
627,7928.864,51.066017461467375,4.166583837397438,26013,237.22832900719965,12.700000000000001,0.9494903944808497,70718.69273452125,47165.776027039494,0.0,0.0,VLG12BR_219
628,7941.564,51.064064990367854,4.1652155352023,26055,237.22832900719965,12.700000000000001,0.9504094177269563,70717.74324412676,47209.0638728754,0.0,0.0,VLG12BR_219
629,7954.264,51.062112503290116,4.163847348443843,26096,237.22832900719965,12.700000000000001,0.9513082156104343,70716.79283470903,47251.409666909145,0.0,0.0,VLG12BR_219
630,7966.964,51.060160000236614,4.162479277105282,26138,237.22832900719965,12.700000000000001,0.9522317095040297,70715.84152649343,47294.92969881517,0.0,0.0,VLG12BR_219
631,7979.664,51.0582074812098,4.161111321169836,26179,237.22832900719965,12.700000000000001,0.953134872763306,70714.88929478392,47337.50242608022,0.0,0.0,VLG12BR_219
632,7992.364,51.05625494621211,4.159743480620726,26221,237.22832900719965,12.700000000000001,0.9540628443647013,70713.93615991116,47381.255454624355,0.0,0.0,VLG12BR_219
633,8005.064,51.05430239524599,4.158375755441179,26263,237.22832900719965,12.700000000000001,0.9549930847831547,70712.9820970668,47425.12671368581,0.0,0.0,VLG12BR_219
634,8017.764,51.052349828313886,4.157008145614425,26305,237.22832900719965,12.700000000000001,0.9559255957997819,70712.027103982,47469.11641253889,0.0,0.0,VLG12BR_219
635,8030.464,51.050397245418246,4.1556406511236945,26346,237.22832900719965,12.700000000000001,0.9568375637100576,70711.0711783862,47512.14818229194,0.0,0.0,VLG12BR_219
636,8043.164,51.04844464656151,4.154273271952223,26388,237.22832900719965,12.700000000000001,0.957774566425514,70710.11434082249,47556.3725216754,0.0,0.0,VLG12BR_219
637,8055.864,51.04649203174611,4.152906008083251,26429,237.22832900719965,12.700000000000001,0.9586909201236169,70709.15656625606,47599.63362459564,0.0,0.0,VLG12BR_219
638,8068.564,51.0445394009745,4.151538859500021,26471,237.22832900719965,12.700000000000001,0.9596324213808695,70708.19787533594,47644.09342790783,0.0,0.0,VLG12BR_219
639,8081.264,51.04258675424912,4.150171826185777,26513,237.22832900719965,12.700000000000001,0.9605762019156758,70707.23824291457,47688.67271546644,0.0,0.0,VLG12BR_219
640,8093.964,51.04063409157241,4.148804908123769,26555,237.22832900719965,12.700000000000001,0.9615222634513972,70706.27766671265,47733.37169986025,0.0,0.0,VLG12BR_219
641,8106.664,51.0386814129468,4.14743810529725,26596,237.22832900719965,12.700000000000001,0.9624474622190542,70705.3161444492,47777.09671274358,0.0,0.0,VLG12BR_219
642,8119.364,51.03672871837475,4.146071417689476,26638,237.22832900719965,12.700000000000001,0.96339803583392,70704.35369698697,47822.03283099247,0.0,0.0,VLG12BR_219
643,8132.064,51.034776007858675,4.144704845283705,26680,237.22832900719965,12.700000000000001,0.9643508955182436,70703.39029895114,47867.08928204786,0.0,0.0,VLG12BR_219
644,8144.764,51.03282328140103,4.1433383880632,26721,237.22832900719965,12.700000000000001,0.9652827318920542,70702.42594805562,47911.16367765235,0.0,0.0,VLG12BR_219
645,8157.464,51.03087053900425,4.141972046011228,26763,237.22832900719965,12.700000000000001,0.9662401135784946,70701.46066532373,47956.45852400349,0.0,0.0,VLG12BR_219
646,8170.164,51.02891778067077,4.140605819111056,26804,237.22832900719965,12.700000000000001,0.9671763650996211,70700.49442521016,48000.76592412501,0.0,0.0,VLG12BR_219
647,8182.864,51.026965006403024,4.1392397073459595,26846,237.22832900719965,12.700000000000001,0.968138275274209,70699.52724884506,48046.30000882209,0.0,0.0,VLG12BR_219
648,8195.564,51.02501221620346,4.137873710699213,26888,237.22832900719965,12.700000000000001,0.9691024797448675,70698.55911056978,48091.95549571066,0.0,0.0,VLG12BR_219
649,8208.264,51.023059410074495,4.136507829154096,26929,237.22832900719965,12.700000000000001,0.9700453927276412,70697.59000809003,48136.615381916155,0.0,0.0,VLG12BR_219
650,8220.964,51.021106588018576,4.135142062693893,26971,237.22832900719965,12.700000000000001,0.9710141352951506,70696.61996269731,48182.51138521548,0.0,0.0,VLG12BR_219
651,8233.664,51.019153750038136,4.133776411301888,27013,237.22832900719965,12.700000000000001,0.9719851769725926,70695.64894856201,48228.529440149956,0.0,0.0,VLG12BR_219
652,8246.364,51.017200896135606,4.132410874961372,27054,237.22832900719965,12.700000000000001,0.972934765375536,70694.67696338503,48273.54369712378,0.0,0.0,VLG12BR_219
653,8259.064,51.01524802631342,4.131045453655638,27096,237.22832900719965,12.700000000000001,0.9739103545607931,70693.70402861966,48319.803556636754,0.0,0.0,VLG12BR_219
654,8271.764,51.013295140574016,4.129680147367982,27138,237.22832900719965,12.700000000000001,0.974888247568045,70692.7301182651,48366.18612236411,0.0,0.0,VLG12BR_219
655,8284.464,51.011342238919816,4.128314956081706,27180,237.22832900719965,12.700000000000001,0.9758684459571161,70691.75523001753,48412.69161542807,0.0,0.0,VLG12BR_219
656,8297.164,51.009389321353254,4.126949879780112,27221,237.22832900719965,12.700000000000001,0.9768269742019722,70690.77936157158,48458.18229125998,0.0,0.0,VLG12BR_219
657,8309.864,51.00743638787676,4.125584918446506,27263,237.22832900719965,12.700000000000001,0.9778117323515212,70689.80253459737,48504.93132585443,0.0,0.0,VLG12BR_219
658,8322.564,51.00548343849277,4.1242200720642,27305,237.22832900719965,12.700000000000001,0.978798800453475,70688.82472286501,48551.803949293826,0.0,0.0,VLG12BR_219
659,8335.264,51.0035304732037,4.122855340616507,27346,237.22832900719965,12.700000000000001,0.9797640355557458,70687.84592406456,48597.65345685744,0.0,0.0,VLG12BR_219
660,8347.964,51.001577492012,4.121490724086744,27388,237.22832900719965,12.700000000000001,0.9807556723403341,70686.866160029,48644.770933929845,0.0,0.0,VLG12BR_219
661,8360.664,50.99962449492008,4.120126222458232,27430,237.22832900719965,12.700000000000001,0.9817496235378315,70685.88540435667,48692.01266659312,0.0,0.0,VLG12BR_219
662,8373.364,50.997671481930375,4.118761835714295,27471,237.22832900719965,12.700000000000001,0.982721578429557,70684.90365473313,48738.222940769505,0.0,0.0,VLG12BR_219
663,8386.064,50.99571845304531,4.117397563838261,27513,237.22832900719965,12.700000000000001,0.9837201070107398,70683.9209331547,48785.71084955917,0.0,0.0,VLG12BR_219
664,8398.764,50.993765408267315,4.11603340681346,27554,237.22832900719965,12.700000000000001,0.9846965306095227,70682.9372130477,48832.16173620877,0.0,0.0,VLG12BR_219
665,8411.464,50.99181234759881,4.114669364623228,27596,237.22832900719965,12.700000000000001,0.9856996422261333,70681.95251651709,48879.896704996325,0.0,0.0,VLG12BR_219
666,8424.164,50.98985927104222,4.113305437250902,27638,237.22832900719965,12.700000000000001,0.9867050754239719,70680.96681687486,48927.75705054527,0.0,0.0,VLG12BR_219
667,8436.864,50.98790617859998,4.111941624679823,27679,237.22832900719965,12.700000000000001,0.9876882395934131,70679.98011179944,48974.57195740826,0.0,0.0,VLG12BR_219
668,8449.564,50.9859530702745,4.110577926893338,27721,237.22832900719965,12.700000000000001,0.9886982641435125,70678.99242355984,49022.68070293459,0.0,0.0,VLG12BR_219
669,8462.264,50.98399994606821,4.109214343874794,27763,237.22832900719965,12.700000000000001,0.9897106144239792,70678.0037252957,49070.915506139274,0.0,0.0,VLG12BR_219
670,8474.964,50.98204680598353,4.107850875607544,27805,237.22832900719965,12.700000000000001,0.9907252918013041,70677.01401468128,49119.27659704537,0.0,0.0,VLG12BR_219
671,8487.664,50.98009365002289,4.106487522074942,27846,237.22832900719965,12.700000000000001,0.9917174802961185,70676.02328938947,49166.58093432155,0.0,0.0,VLG12BR_219
672,8500.364,50.9781404781887,4.1051242832603485,27888,237.22832900719965,12.700000000000001,0.9927367597596161,70675.03157190917,49215.19223206626,0.0,0.0,VLG12BR_219
673,8513.064,50.97618729048339,4.103761159147126,27930,237.22832900719965,12.700000000000001,0.9937583703026809,70674.03883514942,49263.930505657714,0.0,0.0,VLG12BR_219
674,8525.764,50.97423408690937,4.10239814971864,27971,237.22832900719965,12.700000000000001,0.9947573269009472,70673.04507677912,49311.60350362062,0.0,0.0,VLG12BR_219
675,8538.464,50.97228086746907,4.101035254958261,28013,237.22832900719965,12.700000000000001,0.9957835472720031,70672.05031945222,49360.59334899849,0.0,0.0,VLG12BR_219
676,8551.164,50.9703276321649,4.099672474849362,28055,237.22832900719965,12.700000000000001,0.9968121025761192,70671.05453590494,49409.71086383263,0.0,0.0,VLG12BR_219
677,8563.864,50.968374380999286,4.098309809375319,28096,237.22832900719965,12.700000000000001,0.9978178384466861,70670.05772380237,49457.754535298576,0.0,0.0,VLG12BR_219
678,8576.564,50.96642111397464,4.0969472585195135,28138,237.22832900719965,12.700000000000001,0.9988510110613171,70669.05990596392,49507.12499770778,0.0,0.0,VLG12BR_219
679,8589.264,50.96446783109338,4.095584822265329,28179,237.22832900719965,12.700000000000001,0.9998612541304516,70668.06105495286,49555.41590263637,0.0,0.0,VLG12BR_219
680,8601.964,50.96251453235793,4.094222500596153,28221,237.22832900719965,12.700000000000001,1.000899048876826,70667.06119369874,49605.04023212861,0.0,0.0,VLG12BR_219
681,8614.664,50.960561217770696,4.092860293495377,28263,237.22832900719965,12.700000000000001,1.0019391846710655,70666.06029464987,49654.7933974559,0.0,0.0,VLG12BR_219
682,8627.364,50.9586078873341,4.091498200946396,28304,237.22832900719965,12.700000000000001,1.0029562247336248,70665.0583554652,49703.45836064405,0.0,0.0,VLG12BR_219
683,8640.064,50.95665454105055,4.090136222932608,28346,237.22832900719965,12.700000000000001,1.0040009896926052,70664.05539924046,49753.466787087695,0.0,0.0,VLG12BR_219
684,8652.764,50.954701178922456,4.088774359437414,28388,237.22832900719965,12.700000000000001,1.0050480991886546,70663.05139825077,49803.60475776181,0.0,0.0,VLG12BR_219
685,8665.464,50.95274780095224,4.08741261044422,28430,237.22832900719965,12.700000000000001,1.0060975543618795,70662.04635015158,49853.87251197603,0.0,0.0,VLG12BR_219
686,8678.164,50.95079440714231,4.086050975936436,28471,237.22832900719965,12.700000000000001,1.0071236911321333,70661.04025259722,49903.04044150321,0.0,0.0,VLG12BR_219
687,8690.864,50.94884099749508,4.0846894558974745,28513,237.22832900719965,12.700000000000001,1.0081777844256608,70660.03312890609,49953.56533663509,0.0,0.0,VLG12BR_219
688,8703.564,50.94688757201296,4.083328050310752,28555,237.22832900719965,12.700000000000001,1.009234226691496,70659.02495112165,50004.22073124544,0.0,0.0,VLG12BR_219
689,8716.264,50.94493413069836,4.081966759159688,28596,237.22832900719965,12.700000000000001,1.0102671834165244,70658.01571689497,50053.767546798124,0.0,0.0,VLG12BR_219
690,8728.964,50.942980673553684,4.080605582427707,28638,237.22832900719965,12.700000000000001,1.011328270165159,70657.00544971155,50104.68150241432,0.0,0.0,VLG12BR_219
691,8741.664,50.94102720058135,4.079244520098237,28680,237.22832900719965,12.700000000000001,1.0123917090308403,70655.99412144138,50155.726679149884,0.0,0.0,VLG12BR_219
692,8754.364,50.93907371178376,4.0778835721547075,28721,237.22832900719965,12.700000000000001,1.0134314948209373,70654.98172973236,50205.6544748673,0.0,0.0,VLG12BR_219
693,8767.064,50.93712020716333,4.076522738580555,28763,237.22832900719965,12.700000000000001,1.0144995842303541,70653.96829823754,50256.959644010705,0.0,0.0,VLG12BR_219
694,8779.764,50.93516668672246,4.075162019359217,28804,237.22832900719965,12.700000000000001,1.015543909110666,70652.95379865331,50307.1415614858,0.0,0.0,VLG12BR_219
695,8792.464,50.93321315046356,4.073801414474137,28846,237.22832900719965,12.700000000000001,1.0166166529174314,70651.9382547442,50358.70767973347,0.0,0.0,VLG12BR_219
696,8805.164,50.931259598389026,4.0724409239087604,28888,237.22832900719965,12.700000000000001,1.0176917537286183,70650.92163809127,50410.40623265675,0.0,0.0,VLG12BR_219
697,8817.864,50.92930603050127,4.071080547646537,28929,237.22832900719965,12.700000000000001,1.018742921830171,70649.90394633754,50460.972651921766,0.0,0.0,VLG12BR_219
698,8830.564,50.9273524468027,4.069720285670921,28971,237.22832900719965,12.700000000000001,1.0198226825778958,70648.8852034157,50512.933604393664,0.0,0.0,VLG12BR_219
699,8843.264,50.92539884729572,4.068360137965368,29013,237.22832900719965,12.700000000000001,1.0209048030519616,70647.86538073313,50565.027728614434,0.0,0.0,VLG12BR_219
700,8855.964,50.923445231982726,4.06700010451334,29055,237.22832900719965,12.700000000000001,1.021989284129531,70646.84447593008,50617.25527358602,0.0,0.0,VLG12BR_219
701,8868.664,50.92149160086612,4.065640185298302,29096,237.22832900719965,12.700000000000001,1.0230496072127622,70645.82248664595,50668.3387423102,0.0,0.0,VLG12BR_219
702,8881.364,50.91953795394831,4.064280380303723,29138,237.22832900719965,12.700000000000001,1.0241387551169252,70644.79943703873,50720.83064275864,0.0,0.0,VLG12BR_219
703,8894.064,50.91758429123169,4.062920689513074,29180,237.22832900719965,12.700000000000001,1.0252302661219073,70643.77529828361,50773.45670890502,0.0,0.0,VLG12BR_219
704,8906.764,50.915630612718665,4.061561112909833,29221,237.22832900719965,12.700000000000001,1.026297450078518,70642.75006801749,50824.92970266134,0.0,0.0,VLG12BR_219
705,8919.464,50.91367691841163,4.060201650477479,29263,237.22832900719965,12.700000000000001,1.0273936326733055,70641.7237705674,50877.821601926684,0.0,0.0,VLG12BR_219
706,8932.164,50.91172320831299,4.058842302199497,29305,237.22832900719965,12.700000000000001,1.0284921806924516,70640.69637693473,50930.84841779013,0.0,0.0,VLG12BR_219
707,8944.864,50.90976948242514,4.057483068059373,29346,237.22832900719965,12.700000000000001,1.0295662322477788,70639.66788475405,50982.71311560366,0.0,0.0,VLG12BR_219
708,8957.564,50.90781574075047,4.056123948040599,29388,237.22832900719965,12.700000000000001,1.030669456271736,70638.6383185218,51036.007254039534,0.0,0.0,VLG12BR_219
709,8970.264,50.90586198329139,4.054764942126672,29429,237.22832900719965,12.700000000000001,1.0317480711499463,70637.60764906553,51088.13324090065,0.0,0.0,VLG12BR_219
710,8982.964,50.903908210050275,4.053406050301091,29471,237.22832900719965,12.700000000000001,1.0328559739133107,70636.57590099437,51141.69569742626,0.0,0.0,VLG12BR_219
711,8995.664,50.90195442102954,4.052047272547359,29513,237.22832900719965,12.700000000000001,1.0339662455689171,70635.54304502046,51195.39433335489,0.0,0.0,VLG12BR_219
712,9008.364,50.900000616231566,4.050688608848983,29554,237.22832900719965,12.700000000000001,1.035051738079542,70634.50907877489,51247.915688776135,0.0,0.0,VLG12BR_219
713,9021.064,50.89804679565876,4.049330059189474,29596,237.22832900719965,12.700000000000001,1.036166692288171,70633.4740270368,51301.88415212962,0.0,0.0,VLG12BR_219
714,9033.764,50.8960929593135,4.047971623552348,29638,237.22832900719965,12.700000000000001,1.0372840172252191,70632.43786034452,51355.98956189885,0.0,0.0,VLG12BR_219
715,9046.464,50.894139107198185,4.0466133019211235,29680,237.22832900719965,12.700000000000001,1.0384037134645796,70631.4005763273,51410.23217720516,0.0,0.0,VLG12BR_219
716,9059.164,50.89218523931521,4.045255094279324,29721,237.22832900719965,12.700000000000001,1.0394984029054581,70630.36217261384,51463.285236406155,0.0,0.0,VLG12BR_219
717,9071.864,50.89023135566696,4.043897000610476,29763,237.22832900719965,12.700000000000001,1.0406227862056352,70629.32267421093,51517.79971454497,0.0,0.0,VLG12BR_219
718,9084.564,50.88827745625583,4.042539020898111,29805,237.22832900719965,12.700000000000001,1.0417495423860657,70628.28205142471,51572.45217345572,0.0,0.0,VLG12BR_219
719,9097.264,50.886323541084195,4.041181155125765,29846,237.22832900719965,12.700000000000001,1.0428511209885105,70627.24030188232,51625.90582854564,0.0,0.0,VLG12BR_219
720,9109.964,50.88436961015446,4.0398234032769755,29888,237.22832900719965,12.700000000000001,1.0439825671512106,70626.19745076133,51680.83168802436,0.0,0.0,VLG12BR_219
721,9122.664,50.882415663469004,4.038465765335287,29930,237.22832900719965,12.700000000000001,1.0451163875725922,70625.15346819418,51735.8963097267,0.0,0.0,VLG12BR_219
722,9135.364,50.880461701030214,4.037108241284247,29971,237.22832900719965,12.700000000000001,1.0462248593172876,70624.10835180662,51789.75282836539,0.0,0.0,VLG12BR_219
723,9148.064,50.878507722840475,4.035750831107406,30013,237.22832900719965,12.700000000000001,1.0473633722428557,70623.0621269473,51845.09240070623,0.0,0.0,VLG12BR_219
724,9160.764,50.876553728902174,4.03439353478832,30054,237.22832900719965,12.700000000000001,1.0484764227162533,70622.01476357506,51899.21766697617,0.0,0.0,VLG12BR_219
725,9173.464,50.87459971921769,4.033036352310549,30096,237.22832900719965,12.700000000000001,1.0496196295948728,70620.96628715235,51954.83322601173,0.0,0.0,VLG12BR_219
726,9186.164,50.872645693789416,4.031679283657656,30138,237.22832900719965,12.700000000000001,1.050765212569073,70619.91666752275,52010.58886150401,0.0,0.0,VLG12BR_219
727,9198.864,50.870691652619726,4.03032232881321,30179,237.22832900719965,12.700000000000001,1.0518851614820495,70618.86590231018,52065.12080502773,0.0,0.0,VLG12BR_219
728,9211.564,50.86873759571101,4.028965487760784,30221,237.22832900719965,12.700000000000001,1.0530354402422566,70617.8140171487,52121.15399805039,0.0,0.0,VLG12BR_219
729,9224.264,50.86678352306564,4.027608760483953,30263,237.22832900719965,12.700000000000001,1.0541880959181418,70616.76098170846,52177.328065810085,0.0,0.0,VLG12BR_219
730,9236.964,50.864829434686,4.026252146966298,30305,237.22832900719965,12.700000000000001,1.0553431287359756,70615.70679361254,52233.6432779969,0.0,0.0,VLG12BR_219
731,9249.664,50.86287533057447,4.024895647191404,30346,237.22832900719965,12.700000000000001,1.0564722977604584,70614.6514504838,52288.72217608535,0.0,0.0,VLG12BR_219
732,9262.364,50.86092121073342,4.023539261142861,30388,237.22832900719965,12.700000000000001,1.0576320281414526,70613.59497818604,52345.317064218674,0.0,0.0,VLG12BR_219
733,9275.064,50.858967075165246,4.022182988804261,30430,237.22832900719965,12.700000000000001,1.0587941361893174,70612.5373461579,52402.053903648026,0.0,0.0,VLG12BR_219
734,9287.764,50.85701292387231,4.020826830159202,30471,237.22832900719965,12.700000000000001,1.0599302081645476,70611.47855202171,52457.54491946948,0.0,0.0,VLG12BR_219
735,9300.464,50.85505875685699,4.019470785191288,30513,237.22832900719965,12.700000000000001,1.0610970145887713,70610.41862181354,52514.563035347535,0.0,0.0,VLG12BR_219
736,9313.164,50.853104574121666,4.018114853884125,30555,237.22832900719965,12.700000000000001,1.0622661989770337,70609.35752479895,52571.723915885275,0.0,0.0,VLG12BR_219
737,9325.864,50.8511503756687,4.016759036221323,30596,237.22832900719965,12.700000000000001,1.0634091747438492,70608.29525859997,52627.62940968173,0.0,0.0,VLG12BR_219
738,9338.564,50.84919616150048,4.015403332186499,30638,237.22832900719965,12.700000000000001,1.0645830578658217,70607.23184942522,52685.07318005694,0.0,0.0,VLG12BR_219
739,9351.264,50.84724193161937,4.014047741763271,30679,237.22832900719965,12.700000000000001,1.0657306176562917,70606.16726636735,52741.25518430963,0.0,0.0,VLG12BR_219
740,9363.964,50.845287686027746,4.012692264935264,30721,237.22832900719965,12.700000000000001,1.0669091994920847,70605.1015357497,52798.9829229265,0.0,0.0,VLG12BR_219
741,9376.664,50.84333342472797,4.011336901686108,30763,237.22832900719965,12.700000000000001,1.068090159265652,70604.0346265502,52856.85479415956,0.0,0.0,VLG12BR_219
742,9389.364,50.84137914772242,4.009981651999436,30804,237.22832900719965,12.700000000000001,1.069244622734733,70602.96653639093,52913.45524595395,0.0,0.0,VLG12BR_219
743,9402.064,50.83942485501346,4.008626515858884,30846,237.22832900719965,12.700000000000001,1.0704302807945205,70601.8972917682,52971.61272051308,0.0,0.0,VLG12BR_219
744,9414.764,50.83747054660346,4.007271493248097,30888,237.22832900719965,12.700000000000001,1.0716183164531294,70600.8268614874,53029.91515863483,0.0,0.0,VLG12BR_219
745,9427.464,50.83551622249479,4.005916584150721,30930,237.22832900719965,12.700000000000001,1.0728087295405748,70599.75524317095,53088.36284105121,0.0,0.0,VLG12BR_219
746,9440.164,50.83356188268981,4.004561788550407,30971,237.22832900719965,12.700000000000001,1.0739724148536298,70598.6824344414,53145.52612126261,0.0,0.0,VLG12BR_219
747,9452.864,50.83160752719088,4.003207106430813,31013,237.22832900719965,12.700000000000001,1.0751675248918318,70597.60846202655,53204.261612146525,0.0,0.0,VLG12BR_219
748,9465.564,50.82965315600038,4.0018525377756,31055,237.22832900719965,12.700000000000001,1.0763650116843078,70596.53329450166,53263.14318724637,0.0,0.0,VLG12BR_219
749,9478.264,50.827698769120666,4.000498082568432,31096,237.22832900719965,12.700000000000001,1.0775355971878802,70595.45692948997,53320.730578175884,0.0,0.0,VLG12BR_219
750,9490.964,50.82574436655409,3.999143740792982,31138,237.22832900719965,12.700000000000001,1.0787377793440829,70594.37939389278,53379.90162782827,0.0,0.0,VLG12BR_219
751,9503.664,50.82378994830302,3.9977895124329246,31180,237.22832900719965,12.700000000000001,1.079942337321348,70593.30065611344,53439.21960840522,0.0,0.0,VLG12BR_219
752,9516.364,50.82183551436982,3.9964353974719398,31221,237.22832900719965,12.700000000000001,1.0811198202836079,70592.22071377611,53497.23356703563,0.0,0.0,VLG12BR_219
753,9529.064,50.81988106475685,3.995081395893713,31263,237.22832900719965,12.700000000000001,1.082329071520148,70591.13959395583,53556.84270171785,0.0,0.0,VLG12BR_219
754,9541.764,50.81792659946646,3.993727507681934,31304,237.22832900719965,12.700000000000001,1.0835111322828492,70590.05726488431,53615.14125150919,0.0,0.0,VLG12BR_219
755,9554.464,50.815972118501016,3.9923737328202984,31346,237.22832900719965,12.700000000000001,1.084725075089735,70588.97375375203,53675.04266295454,0.0,0.0,VLG12BR_219
756,9567.164,50.81401762186287,3.9910200712925064,31388,237.22832900719965,12.700000000000001,1.0859413915741858,70587.88902867693,53735.09242942259,0.0,0.0,VLG12BR_219
757,9579.864,50.812063109554366,3.9896665230822626,31429,237.22832900719965,12.700000000000001,1.087130343534846,70586.80308728536,53793.82167936028,0.0,0.0,VLG12BR_219
758,9592.564,50.81010858157787,3.9883130881732773,31471,237.22832900719965,12.700000000000001,1.088351348595375,70585.71595694181,53854.16542482047,0.0,0.0,VLG12BR_219
759,9605.264,50.808154037935736,3.9869597665492655,31513,237.22832900719965,12.700000000000001,1.0895747256791535,70584.62760559322,53914.65839038963,0.0,0.0,VLG12BR_219
760,9617.964,50.80619947863031,3.985606558193948,31555,237.22832900719965,12.700000000000001,1.0908004741667923,70583.53803086755,53975.300868340346,0.0,0.0,VLG12BR_219
761,9630.664,50.80424490366395,3.98425346309105,31596,237.22832900719965,12.700000000000001,1.0919986253200153,70582.44723039339,54034.609471642805,0.0,0.0,VLG12BR_219
762,9643.364,50.802290313038995,3.982900481224303,31638,237.22832900719965,12.700000000000001,1.0932290575182309,70581.35523176807,54095.54822436948,0.0,0.0,VLG12BR_219
763,9656.064,50.8003357067578,3.9815476125774425,31680,237.22832900719965,12.700000000000001,1.0944618590862727,70580.26200271056,54156.63736394598,0.0,0.0,VLG12BR_219
764,9668.764,50.79838108482271,3.9801948571342103,31721,237.22832900719965,12.700000000000001,1.0956668888777954,70579.16754085147,54216.382563329724,0.0,0.0,VLG12BR_219
765,9681.464,50.796426447236065,3.978842214878353,31763,237.22832900719965,12.700000000000001,1.0969043698503465,70578.07187396259,54277.76971231807,0.0,0.0,VLG12BR_219
766,9694.164,50.79447179400022,3.9774896857936235,31805,237.22832900719965,12.700000000000001,1.0981442178663627,70576.97496959273,54339.308129720404,0.0,0.0,VLG12BR_219
767,9706.864,50.79251712511752,3.976137269863779,31846,237.22832900719965,12.700000000000001,1.0993561195192643,70575.87682537487,54399.49248329265,0.0,0.0,VLG12BR_219
768,9719.564,50.7905624405903,3.9747849670725826,31888,237.22832900719965,12.700000000000001,1.100600642049208,70574.77746925535,54461.33065882308,0.0,0.0,VLG12BR_219
769,9732.264,50.78860774042091,3.973432777403804,31929,237.22832900719965,12.700000000000001,1.1018171022239038,70573.6768686133,54521.80801651503,0.0,0.0,VLG12BR_219
770,9744.964,50.786653024611674,3.9720807008412167,31971,237.22832900719965,12.700000000000001,1.1030662956914052,70572.57505151107,54583.94711909454,0.0,0.0,VLG12BR_219
771,9757.664,50.78469829316494,3.9707287373686015,32013,237.22832900719965,12.700000000000001,1.1043178516645757,70571.47198521538,54646.238972876825,0.0,0.0,VLG12BR_219
772,9770.364,50.782743546083054,3.9693768869697448,32054,237.22832900719965,12.700000000000001,1.1055411704880145,70570.36766736371,54707.159787479424,0.0,0.0,VLG12BR_219
773,9783.064,50.780788783368344,3.968025149628438,32096,237.22832900719965,12.700000000000001,1.106797391504201,70569.26212619322,54769.75434073753,0.0,0.0,VLG12BR_219
774,9795.764,50.77883400502314,3.9666735253284786,32138,237.22832900719965,12.700000000000001,1.1080559718860878,70568.15532880172,54832.50254597829,0.0,0.0,VLG12BR_219
775,9808.464,50.77687921104979,3.9653220140536707,32180,237.22832900719965,12.700000000000001,1.1093169105070197,70567.04727282983,54895.404707541136,0.0,0.0,VLG12BR_219
776,9821.164,50.77492440145061,3.9639706157878236,32221,237.22832900719965,12.700000000000001,1.110549378286115,70565.93795591933,54956.92208110005,0.0,0.0,VLG12BR_219
777,9833.864,50.77296957622795,3.9626193305147535,32263,237.22832900719965,12.700000000000001,1.1118149730999958,70564.82740654105,55020.12933269484,0.0,0.0,VLG12BR_219
778,9846.564,50.77101473538413,3.961268158218282,32305,237.22832900719965,12.700000000000001,1.1130829225852936,70563.71559156795,55083.491451203125,0.0,0.0,VLG12BR_219
779,9859.264,50.76905987892147,3.9599170988822374,32346,237.22832900719965,12.700000000000001,1.1143222262143437,70562.60250864536,55145.45842097647,0.0,0.0,VLG12BR_219
780,9871.964,50.76710500684231,3.9585661524904543,32388,237.22832900719965,12.700000000000001,1.1155948245206464,70561.48818641914,55209.12743583359,0.0,0.0,VLG12BR_219
781,9884.664,50.76515011914896,3.957215319026773,32430,237.22832900719965,12.700000000000001,1.1168697736018445,70560.37259159463,55272.95223561685,0.0,0.0,VLG12BR_219
782,9897.364,50.763195215843766,3.955864598475041,32471,237.22832900719965,12.700000000000001,1.118115901745088,70559.25572182103,55335.37146545977,0.0,0.0,VLG12BR_219
783,9910.064,50.76124029692903,3.954513990819112,32513,237.22832900719965,12.700000000000001,1.1193954916180138,70558.13760591928,55399.50498263564,0.0,0.0,VLG12BR_219
784,9922.764,50.75928536240709,3.953163496042847,32554,237.22832900719965,12.700000000000001,1.1206461442758235,70557.01821042766,55462.22597697071,0.0,0.0,VLG12BR_219
785,9935.464,50.757330412280254,3.951813114130112,32596,237.22832900719965,12.700000000000001,1.1219303692394007,70555.89756428338,55526.6694288426,0.0,0.0,VLG12BR_219
786,9948.164,50.75537544655084,3.9504628450647816,32638,237.22832900719965,12.700000000000001,1.1232169377447847,70554.77563391415,55591.27020980905,0.0,0.0,VLG12BR_219
787,9960.864,50.753420465221176,3.9491126888307364,32679,237.22832900719965,12.700000000000001,1.124474393878669,70553.6524169764,55654.44794501692,0.0,0.0,VLG12BR_219
788,9973.564,50.75146546829357,3.9477626454118644,32721,237.22832900719965,12.700000000000001,1.1257655883177096,70552.52794258253,55719.36050652475,0.0,0.0,VLG12BR_219
789,9986.264,50.74951045577033,3.9464127147920602,32763,237.22832900719965,12.700000000000001,1.127059121488137,70551.4021769942,55784.43133524013,0.0,0.0,VLG12BR_219
790,9998.964,50.74755542765377,3.9450628969552257,32805,237.22832900719965,12.700000000000001,1.1283549916932576,70550.27511787272,55849.66074812397,0.0,0.0,VLG12BR_219
791,10011.664,50.745600383946204,3.94371319188527,32846,237.22832900719965,12.700000000000001,1.1296215154811495,70549.14676288102,55913.452959693255,0.0,0.0,VLG12BR_219
792,10024.364,50.74364532464994,3.9423635995661104,32888,237.22832900719965,12.700000000000001,1.130921998292316,70548.01714136553,55978.9966428049,0.0,0.0,VLG12BR_219
793,10037.064,50.74169024976728,3.9410141199816704,32930,237.22832900719965,12.700000000000001,1.1322248128482064,70546.88621936724,56044.69985846268,0.0,0.0,VLG12BR_219
794,10049.764,50.73973515930054,3.939664753115882,32971,237.22832900719965,12.700000000000001,1.1334981058079465,70545.7539945544,56108.95520477336,0.0,0.0,VLG12BR_219
795,10062.464,50.737780053252,3.938315498952685,33013,237.22832900719965,12.700000000000001,1.1348055221562436,70544.6204964486,56174.974571959996,0.0,0.0,VLG12BR_219
796,10075.164,50.73582493162399,3.9369663574760265,33055,237.22832900719965,12.700000000000001,1.1361152645908623,70543.48569092643,56241.15442783528,0.0,0.0,VLG12BR_219
797,10087.864,50.73386979441879,3.9356173286698612,33096,237.22832900719965,12.700000000000001,1.1373953102714256,70542.34957566185,56305.87568337031,0.0,0.0,VLG12BR_219
798,10100.564,50.7319146416387,3.934268412518153,33138,237.22832900719965,12.700000000000001,1.1387096429487757,70541.21218035158,56372.373587484704,0.0,0.0,VLG12BR_219
799,10113.264,50.72995947328602,3.9329196090048733,33179,237.22832900719965,12.700000000000001,1.139994162594261,70540.07347070862,56437.40573129532,0.0,0.0,VLG12BR_219
800,10125.964,50.72800428936305,3.9315709181140024,33221,237.22832900719965,12.700000000000001,1.141313077431871,70538.93347654602,56504.222951571675,0.0,0.0,VLG12BR_219
801,10138.664,50.72604908987207,3.9302223398295286,33263,237.22832900719965,12.700000000000001,1.142634308101791,70537.79216346859,56571.202268923094,0.0,0.0,VLG12BR_219
802,10151.364,50.724093874815374,3.928873874135449,33305,237.22832900719965,12.700000000000001,1.1439578524027363,70536.6495291605,56638.34401082795,0.0,0.0,VLG12BR_219
803,10164.064,50.72213864419525,3.9275255210157702,33346,237.22832900719965,12.700000000000001,1.1452513497737096,70535.5055713081,56704.00549947767,0.0,0.0,VLG12BR_219
804,10176.764,50.72018339801397,3.9261772804545063,33388,237.22832900719965,12.700000000000001,1.146579458943867,70534.36031995832,56771.46912983569,0.0,0.0,VLG12BR_219
805,10189.464,50.71822813627384,3.9248291524356818,33430,237.22832900719965,12.700000000000001,1.1479098749312553,70533.21374049937,56839.09616461343,0.0,0.0,VLG12BR_219
806,10202.164,50.71627285897712,3.9234811369433302,33471,237.22832900719965,12.700000000000001,1.1492100690103628,70532.06583062444,56905.23202318234,0.0,0.0,VLG12BR_219
807,10214.864,50.714317566126105,3.9221332339614947,33513,237.22832900719965,12.700000000000001,1.1505450360094982,70530.91662055544,56973.18289020358,0.0,0.0,VLG12BR_219
808,10227.564,50.712362257723065,3.9207854434742275,33555,237.22832900719965,12.700000000000001,1.1518823026098404,70529.76607551942,57041.298149564594,0.0,0.0,VLG12BR_219
809,10240.264,50.71040693377027,3.919437765465591,33596,237.22832900719965,12.700000000000001,1.1531891724239896,70528.61419321681,57107.91124473485,0.0,0.0,VLG12BR_219
810,10252.964,50.708451594269995,3.918090199919659,33638,237.22832900719965,12.700000000000001,1.1545309753753248,70527.46100404438,57176.3522961123,0.0,0.0,VLG12BR_219
811,10265.664,50.706496239224506,3.9167427468205127,33680,237.22832900719965,12.700000000000001,1.1558750703008585,70526.30647306901,57244.95873587732,0.0,0.0,VLG12BR_219
812,10278.364,50.70454086863607,3.9153954061522467,33721,237.22832900719965,12.700000000000001,1.1571885936838162,70525.15059799871,57312.05195791345,0.0,0.0,VLG12BR_219
813,10291.064,50.70258548250696,3.9140481778989646,33763,237.22832900719965,12.700000000000001,1.1585372094788955,70523.99340940503,57380.98616559805,0.0,0.0,VLG12BR_219
814,10303.764,50.700630080839424,3.9127010620447815,33804,237.22832900719965,12.700000000000001,1.159855137776964,70522.83487219554,57448.39977999636,0.0,0.0,VLG12BR_219
815,10316.464,50.69867466363573,3.911354058573824,33846,237.22832900719965,12.700000000000001,1.161208263701301,70521.67501705776,57517.66307650552,0.0,0.0,VLG12BR_219
816,10329.164,50.696719230898125,3.9100071674702286,33888,237.22832900719965,12.700000000000001,1.1625636679742357,70520.51380879406,57587.09343700426,0.0,0.0,VLG12BR_219
817,10341.864,50.69476378262887,3.908660388718146,33930,237.22832900719965,12.700000000000001,1.163921347698785,70519.35124512609,57656.69120267063,0.0,0.0,VLG12BR_219
818,10354.564,50.6928083188302,3.907313722301737,33971,237.22832900719965,12.700000000000001,1.1652481068197647,70518.18732377839,57724.75344472562,0.0,0.0,VLG12BR_219
819,10367.264,50.69085283950438,3.9059671682051755,34013,237.22832900719965,12.700000000000001,1.1666102739180486,70517.02207567157,57794.68297910596,0.0,0.0,VLG12BR_219
820,10379.964,50.68889734465364,3.9046207264126473,34055,237.22832900719965,12.700000000000001,1.1679747075542721,70515.85546539766,57864.78093953862,0.0,0.0,VLG12BR_219
821,10392.664,50.686941834280226,3.903274396908352,34096,237.22832900719965,12.700000000000001,1.169308046327303,70514.6874906901,57933.33212293776,0.0,0.0,VLG12BR_219
822,10405.364,50.68498630838637,3.9019281796765015,34138,237.22832900719965,12.700000000000001,1.1706769492869025,70513.51818264378,58003.76387727849,0.0,0.0,VLG12BR_219
823,10418.064,50.68303076697431,3.9005820747013216,34180,237.22832900719965,12.700000000000001,1.1720481094235753,70512.34750569449,58074.365086989244,0.0,0.0,VLG12BR_219
824,10430.764,50.68107521004628,3.899236081967052,34221,237.22832900719965,12.700000000000001,1.1733880006489155,70511.17545758506,58143.40819852888,0.0,0.0,VLG12BR_219
825,10443.464,50.6791196376045,3.8978902014579466,34263,237.22832900719965,12.700000000000001,1.1747636111659074,70510.00206958441,58214.34524407792,0.0,0.0,VLG12BR_219
826,10456.164,50.677164049651196,3.896544433158274,34305,237.22832900719965,12.700000000000001,1.1761414690425662,70508.82730597325,58285.45278282605,0.0,0.0,VLG12BR_219
827,10468.864,50.675208446188584,3.8951987770523178,34346,237.22832900719965,12.700000000000001,1.1774878841951277,70507.6511645042,58354.990833998454,0.0,0.0,VLG12BR_219
828,10481.564,50.673252827218874,3.8938532331243767,34388,237.22832900719965,12.700000000000001,1.1788701725977713,70506.47367662001,58426.436267407335,0.0,0.0,VLG12BR_219
829,10494.264,50.671297192744284,3.8925078013587657,34429,237.22832900719965,12.700000000000001,1.180220903012657,70505.2948064474,58496.304613180866,0.0,0.0,VLG12BR_219
830,10506.964,50.66934154276702,3.891162481739816,34471,237.22832900719965,12.700000000000001,1.181607608247049,70504.11458554439,58568.08931763484,0.0,0.0,VLG12BR_219
831,10519.664,50.667385877289284,3.8898172742518753,34513,237.22832900719965,12.700000000000001,1.1829965434682364,70502.93297793614,58640.0462612734,0.0,0.0,VLG12BR_219
832,10532.364,50.665430196313274,3.8884721788793093,34555,237.22832900719965,12.700000000000001,1.1843877050066678,70501.74998139267,58712.17579962156,0.0,0.0,VLG12BR_219
833,10545.064,50.663474499841186,3.8871271956065008,34596,237.22832900719965,12.700000000000001,1.1857470770000658,70500.56559368766,58782.712864551424,0.0,0.0,VLG12BR_219
834,10557.764,50.6615187878752,3.885782324417851,34638,237.22832900719965,12.700000000000001,1.1871426265464624,70499.37984661065,58855.184466513405,0.0,0.0,VLG12BR_219
835,10570.464,50.65956306041751,3.884437565297781,34680,237.22832900719965,12.700000000000001,1.1885403911658092,70498.19270398411,58927.82972702767,0.0,0.0,VLG12BR_219
836,10583.164,50.65760731747029,3.883092918230731,34721,237.22832900719965,12.700000000000001,1.189906193282701,70497.00416359294,58998.87091655977,0.0,0.0,VLG12BR_219
837,10595.864,50.65565155903571,3.8817483832011606,34763,237.22832900719965,12.700000000000001,1.1913083232080242,70495.81425739966,59071.86035113898,0.0,0.0,VLG12BR_219
838,10608.564,50.65369578511594,3.880403960193551,34805,237.22832900719965,12.700000000000001,1.1927126564669033,70494.62294907645,59145.0245169472,0.0,0.0,VLG12BR_219
839,10621.264,50.65173999571315,3.8790596491924054,34846,237.22832900719965,12.700000000000001,1.1940848546027563,70493.43023641998,59216.57294368708,0.0,0.0,VLG12BR_219
840,10633.964,50.649784190829486,3.8777154501822486,34888,237.22832900719965,12.700000000000001,1.1954935294777096,70492.23615156538,59290.08341154431,0.0,0.0,VLG12BR_219
841,10646.664,50.6478283704671,3.8763713631476286,34930,237.22832900719965,12.700000000000001,1.1969043954418013,70491.0406580359,59363.76969222445,0.0,0.0,VLG12BR_219
842,10659.364,50.64587253462815,3.875027388073118,34971,237.22832900719965,12.700000000000001,1.1982829540260451,70489.84375364045,59435.82849465158,0.0,0.0,VLG12BR_219
843,10668.0,50.64391668331475,3.8736835249433135,35000,237.22832900719965,11.176000000000002,1.198410534733481,70488.64547068643,59486.372318958565,0.0,0.0,VLG12BR_219
844,10668.0,50.64196081652905,3.8723397737428376,35000,237.22832900719965,9.652000000000001,1.1975368206711532,70487.4470601517,59484.56703243281,0.0,0.0,VLG12BR_219
845,10668.0,50.640004934273165,3.8709961344563397,35000,237.22832900719965,8.128,1.1966626979286619,70486.24952333102,59482.76266673184,0.0,0.0,VLG12BR_219
846,10668.0,50.63804903654921,3.8696526070684976,35000,237.22832900719965,6.604,1.1957881672263888,70485.05286063309,59480.9592224488,0.0,0.0,VLG12BR_219
847,10668.0,50.6360931233593,3.8683091915640166,35000,237.22832900719965,5.08,1.194913229285243,70483.85707246586,59479.1567001757,0.0,0.0,VLG12BR_219
848,10668.0,50.63413719470554,3.866965887927633,35000,237.22832900719965,3.556,1.19403788482666,70482.66215923658,59477.35510050337,0.0,0.0,VLG12BR_219
849,10668.0,50.63218125059001,3.865622696144114,35000,237.22832900719965,2.032,1.1931621345726,70481.46812135176,59475.55442402156,0.0,0.0,VLG12BR_219
850,10668.0,50.6302252910148,3.8642796161982593,35000,237.22832900719965,0.508,1.1922859792455447,70480.27495921719,59473.75467131891,0.0,0.0,VLG12BR_219
851,10668.0,50.62826931598199,3.8629366480749026,35000,237.22832900719965,0.0,1.1919708209089026,70479.08267323795,59471.955938070525,0.0,0.0,VLG12BR_219
852,10668.0,50.62631332549364,3.8615937917589127,35000,237.22832900719965,0.0,1.1919363007061063,70477.89070241705,59470.15768693401,0.0,0.0,VLG12BR_219
853,10668.0,50.624357319551805,3.8602510472351956,35000,237.22832900719965,0.0,1.1919017813884336,70476.69876611634,59468.3595182876,0.0,0.0,VLG12BR_219
854,10668.0,50.622401298158536,3.858908414488696,35000,237.22832900719965,0.0,1.1918672629559446,70475.50686433495,59466.56143212736,0.0,0.0,VLG12BR_219
855,10668.0,50.620445261315865,3.857565893504398,35000,237.22832900719965,0.0,1.1918327454087008,70474.314997072,59464.76342844931,0.0,0.0,VLG12BR_219
856,10668.0,50.61848920902581,3.8562234842673297,35000,237.22832900719965,0.0,1.191798228746762,70473.1231643266,59462.96550724948,0.0,0.0,VLG12BR_219
857,10668.0,50.61653314129039,3.854881186762562,35000,237.22832900719965,0.0,1.1917637129701868,70471.93136609785,59461.16766852386,0.0,0.0,VLG12BR_219
858,10668.0,50.6145770581116,3.853539000975213,35000,237.22832900719965,0.0,1.1917291980790372,70470.73960238489,59459.369912268514,0.0,0.0,VLG12BR_219
859,10668.0,50.61262095949142,3.8521969268904486,35000,237.22832900719965,0.0,1.1916946840733722,70469.5478731868,59457.57223847942,0.0,0.0,VLG12BR_219
860,10668.0,50.610664845431835,3.850854964493487,35000,237.22832900719965,0.0,1.191660170953252,70468.35617850273,59455.774647152604,0.0,0.0,VLG12BR_219
861,10668.0,50.608708715934796,3.8495131137695995,35000,237.22832900719965,0.0,1.1916256587187375,70467.16451833177,59453.97713828414,0.0,0.0,VLG12BR_219
862,10668.0,50.60675257100225,3.848171374704115,35000,237.22832900719965,0.0,1.1915911473698872,70465.97289267306,59452.17971187001,0.0,0.0,VLG12BR_219
863,10668.0,50.60479641063611,3.8468297472824213,35000,237.22832900719965,0.0,1.1915566369067627,70464.78130152568,59450.38236790625,0.0,0.0,VLG12BR_219
864,10668.0,50.6028402348383,3.84548823148997,35000,237.22832900719965,0.0,1.1915221273294236,70463.58974488877,59448.58510638888,0.0,0.0,VLG12BR_219
865,10668.0,50.6008840436107,3.844146827312279,35000,237.22832900719965,0.0,1.1914876186379297,70462.39822276145,59446.78792731393,0.0,0.0,VLG12BR_219
866,10668.0,50.598927836955184,3.842805534734937,35000,237.22832900719965,0.0,1.1914531108323407,70461.20673514281,59444.990830677416,0.0,0.0,VLG12BR_219
867,10668.0,50.5969716148736,3.841464353743607,35000,237.22832900719965,0.0,1.191418603912717,70460.01528203198,59443.19381647535,0.0,0.0,VLG12BR_219
868,10668.0,50.59501537736779,3.8401232843240325,35000,237.22832900719965,0.0,1.1913840978791184,70458.82386342807,59441.39688470378,0.0,0.0,VLG12BR_219
869,10668.0,50.59305912443955,3.8387823264620398,35000,237.22832900719965,0.0,1.191349592731605,70457.63247933019,59439.600035358715,0.0,0.0,VLG12BR_219
870,10668.0,50.591102856090664,3.8374414801435455,35000,237.22832900719965,0.0,1.191315088470236,70456.44112973746,59437.80326843618,0.0,0.0,VLG12BR_219
871,10668.0,50.589146572322896,3.8361007453545617,35000,237.22832900719965,0.0,1.1912805850950727,70455.249814649,59436.006583932234,0.0,0.0,VLG12BR_219
872,10668.0,50.58719027313796,3.834760122081202,35000,237.22832900719965,0.0,1.1912460826061735,70454.05853406391,59434.20998184284,0.0,0.0,VLG12BR_219
873,10668.0,50.58523395853757,3.83341961030969,35000,237.22832900719965,0.0,1.1912115810035986,70452.8672879813,59432.41346216402,0.0,0.0,VLG12BR_219
874,10668.0,50.58327762852339,3.8320792100263636,35000,237.22832900719965,0.0,1.1911770802874084,70451.6760764003,59430.617024891864,0.0,0.0,VLG12BR_219
875,10668.0,50.58132128309705,3.830738921217687,35000,237.22832900719965,0.0,1.1911425804576625,70450.48489932001,59428.820670022345,0.0,0.0,VLG12BR_219
876,10668.0,50.57936492226014,3.829398743870259,35000,237.22832900719965,0.0,1.1911080815144206,70449.29375673956,59427.02439755152,0.0,0.0,VLG12BR_219
877,10668.0,50.577408546014226,3.828058677970821,35000,237.22832900719965,0.0,1.1910735834577417,70448.10264865804,59425.22820747536,0.0,0.0,VLG12BR_219
878,10668.0,50.57545215436082,3.8267187235062714,35000,237.22832900719965,0.0,1.1910390862876872,70446.91157507458,59423.43209978995,0.0,0.0,VLG12BR_219
879,10668.0,50.573495747301386,3.8253788804636764,35000,237.22832900719965,0.0,1.1910045900043151,70445.7205359883,59421.636074491274,0.0,0.0,VLG12BR_219
880,10668.0,50.571539324837346,3.8240391488302836,35000,237.22832900719965,0.0,1.1909700946076867,70444.5295313983,59419.84013157538,0.0,0.0,VLG12BR_219
881,10668.0,50.56958288697006,3.8226995285935397,35000,237.22832900719965,0.0,1.1909356000978608,70443.33856130368,59418.04427103827,0.0,0.0,VLG12BR_219
882,10668.0,50.56762643370084,3.821360019741105,35000,237.22832900719965,0.0,1.190901106474897,70442.14762570358,59416.248492875995,0.0,0.0,VLG12BR_219
883,10668.0,50.56566996503092,3.8200206222608757,35000,237.22832900719965,0.0,1.1908666137388553,70440.95672459711,59414.45279708456,0.0,0.0,VLG12BR_219
884,10668.0,50.563713480961475,3.8186813361410037,35000,237.22832900719965,0.0,1.1908321218897955,70439.76585798337,59412.65718365999,0.0,0.0,VLG12BR_219
885,10668.0,50.561756981493595,3.8173421613699237,35000,237.22832900719965,0.0,1.1907976309277766,70438.57502586147,59410.86165259832,0.0,0.0,VLG12BR_219
886,10668.0,50.55980046662829,3.8160030979363784,35000,237.22832900719965,0.0,1.190763140852859,70437.38422823054,59409.06620389557,0.0,0.0,VLG12BR_219
887,10668.0,50.55784393636647,3.814664145829454,35000,237.22832900719965,0.0,1.190728651665102,70436.19346508969,59407.27083754777,0.0,0.0,VLG12BR_219
888,10668.0,50.55588739070894,3.8133253050386156,35000,237.22832900719965,0.0,1.1906941633645647,70435.00273643802,59405.47555355094,0.0,0.0,VLG12BR_219
889,10668.0,50.553930829656395,3.811986575553749,35000,237.22832900719965,0.0,1.1906596759513075,70433.81204227466,59403.680351901116,0.0,0.0,VLG12BR_219
890,10668.0,50.5519742532094,3.810647957365212,35000,237.22832900719965,0.0,1.190625189425389,70432.6213825987,59401.88523259429,0.0,0.0,VLG12BR_219
891,10668.0,50.55001766136838,3.8093094504638887,35000,237.22832900719965,0.0,1.1905907037868695,70431.43075740928,59400.09019562653,0.0,0.0,VLG12BR_219
892,10668.0,50.548061054133576,3.807971054841259,35000,237.22832900719965,0.0,1.190556219035808,70430.2401667055,59398.29524099383,0.0,0.0,VLG12BR_219
893,10668.0,50.546104431505064,3.8066327704894745,35000,237.22832900719965,0.0,1.1905217351722648,70429.04961048646,59396.50036869225,0.0,0.0,VLG12BR_219
894,10668.0,50.5441477934827,3.8052945974014545,35000,237.22832900719965,0.0,1.1904872521962981,70427.85908875128,59394.70557871776,0.0,0.0,VLG12BR_219
895,10668.0,50.5421911400661,3.8039565355709954,35000,237.22832900719965,0.0,1.1904527701079681,70426.66860149908,59392.91087106643,0.0,0.0,VLG12BR_219
896,10668.0,50.5402344712546,3.8026185849929055,35000,237.22832900719965,0.0,1.1904182889073347,70425.47814872897,59391.11624573429,0.0,0.0,VLG12BR_219
897,10668.0,50.53827778704721,3.801280745663168,35000,237.22832900719965,0.0,1.1903838085944565,70424.28773044006,59389.32170271733,0.0,0.0,VLG12BR_219
898,10668.0,50.53632108744256,3.79994301757914,35000,237.22832900719965,0.0,1.1903493291693927,70423.09734663146,59387.52724201159,0.0,0.0,VLG12BR_219
899,10668.0,50.534364372438844,3.7986054007398034,35000,237.22832900719965,0.0,1.1903148506322032,70421.90699730229,59385.73286361311,0.0,0.0,VLG12BR_219
900,10668.0,50.53240764203371,3.797267895146074,35000,237.22832900719965,0.0,1.1902803729829474,70420.71668245165,59383.93856751791,0.0,0.0,VLG12BR_219
901,10668.0,50.53045089622416,3.7959305008012008,35000,237.22832900719965,0.0,1.1902458962216844,70419.52640207866,59382.144353722004,0.0,0.0,VLG12BR_219
902,10668.0,50.52849413500642,3.79459321771128,35000,237.22832900719965,0.0,1.1902114203484744,70418.33615618243,59380.35022222143,0.0,0.0,VLG12BR_219
903,10668.0,50.52653735837574,3.793256045885934,35000,237.22832900719965,0.0,1.190176945363375,70417.14594476207,59378.55617301222,0.0,0.0,VLG12BR_219
904,10668.0,50.524580566326144,3.791918985339225,35000,237.22832900719965,0.0,1.190142471266447,70415.9557678167,59376.76220609039,0.0,0.0,VLG12BR_219
905,10668.0,50.522623758850074,3.7905820360909104,35000,237.22832900719965,0.0,1.1901079980577487,70414.76562534543,59374.96832145196,0.0,0.0,VLG12BR_219
906,10668.0,50.52066693593792,3.7892451981682296,35000,237.22832900719965,0.0,1.1900735257373403,70413.57551734737,59373.17451909298,0.0,0.0,VLG12BR_219
907,10668.0,50.51871009757728,3.787908471608516,35000,237.22832900719965,0.0,1.1900390543052803,70412.38544382164,59371.38079900947,0.0,0.0,VLG12BR_219
908,10668.0,50.51675324375186,3.7865718564631923,35000,237.22832900719965,0.0,1.1900045837616284,70411.19540476734,59369.58716119745,0.0,0.0,VLG12BR_219
909,10668.0,50.514796374439705,3.7852353528041935,35000,237.22832900719965,0.0,1.1899701141064427,70410.00540018357,59367.79360565292,0.0,0.0,VLG12BR_219
910,10668.0,50.51283948961015,3.7838989607349944,35000,237.22832900719965,0.0,1.1899356453397836,70408.81543006946,59366.00013237194,0.0,0.0,VLG12BR_219
911,10668.0,50.51088258921813,3.78256268041126,35000,237.22832900719965,0.0,1.18990117746171,70407.62549442412,59364.20674135056,0.0,0.0,VLG12BR_219
912,10668.0,50.50892567319206,3.7812265120845874,35000,237.22832900719965,0.0,1.1898667104722804,70406.43559324666,59362.41343258474,0.0,0.0,VLG12BR_219
913,10668.0,50.50696874140311,3.7798904562140194,35000,237.22832900719965,0.0,1.1898322443715559,70405.24572653619,59360.62020607057,0.0,0.0,VLG12BR_219
914,10668.0,50.5050117935564,3.778554513859828,35000,237.22832900719965,0.0,1.1897977791595924,70404.05589429181,59358.82706180403,0.0,0.0,VLG12BR_219
915,10668.0,50.50305482833307,3.7772186897906126,35000,237.22832900719965,0.0,1.1897633148364513,70402.86609651265,59357.03399978116,0.0,0.0,VLG12BR_219
0,1.524,52.31419332775843,4.779268643716739,5,229.49979982624342,1.524,0.7338476127440767,72248.15030755458,37548.623990641354,0.08726411179883538,0.08726411179883538,EJU5284_1390
1,4.572,52.31216137321042,4.778877810768457,15,227.49979982624342,3.048,0.734792349182704,72247.41645994183,37544.24571416167,0.08677112947256672,0.08677112947256672,EJU5284_1390
2,9.144,52.3101428936081,4.778557311615036,30,225.49979982624342,4.572,0.7360221495027561,72246.68166759265,37551.98228951122,0.08627564704459297,0.08627564704459297,EJU5284_1390
3,15.24,52.30813876164034,4.778306678913042,50,223.49979982624342,6.096,0.7375510709943296,72245.94564544315,37572.453244644355,0.08577717905387515,0.08577717905387515,EJU5284_1390
4,22.86,52.306149851871396,4.778125411966494,75,221.49979982624342,7.62,0.7393936647433419,72245.20809437215,37606.30096591755,0.08527525984740875,0.08527525984740875,EJU5284_1390
5,32.004,52.30415458731536,4.778010929987316,104,221.99979982624342,9.144,0.7402597605008805,72244.46870070741,37598.15890218494,0.08476436262343207,0.08476436262343207,EJU5284_1390
6,42.672,52.30215380939674,4.77796342681394,139,222.49979982624342,10.668,0.7411400375017867,72243.72844094691,37590.87825589666,0.08424409143806733,0.08424409143806733,EJU5284_1390
7,54.864,52.30014835998219,4.77798306752949,179,222.99979982624342,12.192,0.7420317625609536,72242.98730090942,37584.333521239125,0.0837140540080832,0.0837140540080832,EJU5284_1390
8,67.564,52.298139081019634,4.778069988591719,221,223.49979982624342,12.700000000000001,0.7422305202883608,72242.24526914685,37578.320295299985,0.08318073671792882,0.08318073671792882,EJU5284_1390
9,80.264,52.2961268141815,4.778224297974165,263,223.99979982624342,12.700000000000001,0.7420877352536153,72241.50303862656,37572.72258185128,0.08264726609538459,0.08264726609538459,EJU5284_1390
10,92.964,52.29411240051193,4.778446075318277,305,224.49979982624342,12.700000000000001,0.741954085610641,72240.7609508913,37567.53615178402,0.08211335339125839,0.08211335339125839,EJU5284_1390
11,105.664,52.29209668007826,4.778735372096238,346,224.99979982624342,12.700000000000001,0.7418286462295263,72240.0189968057,37562.718974030264,0.08157871089148741,0.08157871089148741,EJU5284_1390
12,118.364,52.29008049162671,4.779092211784262,388,225.49979982624342,12.700000000000001,0.741713088131905,72239.27716815946,37558.347007979755,0.08104305289142776,0.08104305289142776,EJU5284_1390
13,131.064,52.288064672242506,4.779516590046077,429,225.99979982624342,12.700000000000001,0.741605726768215,72238.53545507132,37554.34371028205,0.08050609666041958,0.08050609666041958,EJU5284_1390
14,143.764,52.286050057014414,4.780008474926383,471,226.49979982624342,12.700000000000001,0.741507922207743,72237.79384934455,37550.77090852253,0.07996756339485295,0.07996756339485295,EJU5284_1390
15,156.464,52.28403747870385,4.78056780705399,513,226.99979982624342,12.700000000000001,0.7414188311258438,72237.05234142234,37547.59029276095,0.0794271791580468,0.0794271791580468,EJU5284_1390
16,169.164,52.282027767418576,4.781194499854417,554,227.49979982624342,12.700000000000001,0.741337920810818,72236.31092259122,37544.77767083591,0.07888467580527544,0.07888467580527544,EJU5284_1390
17,181.864,52.280021750291105,4.781888439771676,596,227.99979982624342,12.700000000000001,0.7412660886748172,72235.5695846704,37542.373844936265,0.0783397918923483,0.0783397918923483,EJU5284_1390
18,194.564,52.27802025116189,4.78264948649901,638,228.49979982624342,12.700000000000001,0.7412027266108474,72234.82831858173,37540.3511975868,0.07779227356618353,0.07779227356618353,EJU5284_1390
19,207.264,52.27602409026731,4.783477473218314,680,228.99979982624342,12.700000000000001,0.7411477551085364,72234.08711585512,37538.70613471905,0.07724187543587473,0.07724187543587473,EJU5284_1390
20,219.964,52.27403408393259,4.784372206848004,721,229.49979982624342,12.700000000000001,0.7411009511077504,72233.34596810001,37537.428539155124,0.0766883614228153,0.0766883614228153,EJU5284_1390
21,232.664,52.27205104426965,4.785333468299082,763,229.99979982624342,12.700000000000001,0.7410626011986197,72232.6048671489,37536.53145550289,0.07613150558849141,0.07613150558849141,EJU5284_1390
22,245.364,52.270075778879985,4.786361012739141,805,230.49979982624342,12.700000000000001,0.7410324076601744,72231.8638045477,37536.00137462358,0.07557109293860761,0.07557109293860761,EJU5284_1390
23,258.064,52.268109090562604,4.787454569864072,846,230.99979982624342,12.700000000000001,0.7410103776718657,72231.12277214004,37535.83864419068,0.07500692020229682,0.07500692020229682,EJU5284_1390
24,270.764,52.266151777027105,4.788613844177225,888,231.49979982624342,12.700000000000001,0.7409963434318354,72230.38176176236,37536.03566031029,0.0744259828776144,0.0744259828776144,EJU5284_1390
25,283.464,52.2642046306119,4.789838515275779,930,231.99979982624342,12.700000000000001,0.7409902379966196,72229.64076541892,37536.58940307343,0.07377252003586168,0.07377252003586168,EJU5284_1390
26,296.164,52.26226843800765,4.791128238144079,971,232.49979982624342,12.700000000000001,0.7409922969649434,72228.89977518092,37537.51060203602,0.07311990965296222,0.07311990965296222,EJU5284_1390
27,308.864,52.26034397998596,4.792482643453696,1013,232.99979982624342,12.700000000000001,0.7410019015586353,72228.15878288395,37538.77116003265,0.0724686335692123,0.0724686335692123,EJU5284_1390
28,321.564,52.25843203113335,4.79390133786998,1055,233.49979982624342,12.700000000000001,0.7410192137807095,72227.4177809824,37540.37846288773,0.07181916378884577,0.07181916378884577,EJU5284_1390
29,334.264,52.256533359590556,4.795383904364855,1096,233.99979982624342,12.700000000000001,0.7410446958696126,72226.67676176863,37542.353541105884,0.07117196191957519,0.07117196191957519,EJU5284_1390
30,346.964,52.25464872679716,4.796929902535635,1138,234.49979982624342,12.700000000000001,0.7410772814141122,72225.93571707276,37544.647955885644,0.07052747863463654,0.07052747863463654,EJU5284_1390
31,359.664,52.25277966408856,4.798538231719248,1180,234.90315703432435,12.700000000000001,0.7411020152806764,72225.19463979134,37546.42652924058,0.06984760225146643,0.06984760225146643,EJU5284_1390
32,372.364,52.250929120956485,4.800206479800933,1221,235.02887845368525,12.700000000000001,0.7410860944931692,72224.45353777606,37545.90922502312,0.06913938071255367,0.06913938071255367,EJU5284_1390
33,385.064,52.249097807549624,4.8019340434101005,1263,235.15468132246738,12.700000000000001,0.7410695279951869,72223.71245168157,37545.3624874616,0.0684379897227048,0.0684379897227048,EJU5284_1390
34,397.764,52.2472864263803,4.803720297268686,1305,235.28056568194992,12.700000000000001,0.741052979364661,72222.97138215357,37544.81647308628,0.0677438089992107,0.0677438089992107,EJU5284_1390
35,410.464,52.24549567207148,4.805564594466476,1346,235.40653157338375,12.700000000000001,0.7410370980694836,72222.2303291742,37544.30069705282,0.06705720193297118,0.06705720193297118,EJU5284_1390
36,423.164,52.243726231107445,4.807466266743655,1388,235.53257903799442,12.700000000000001,0.7410205817030444,72221.48929207613,37543.75597126463,0.06637851532086175,0.06637851532086175,EJU5284_1390
37,435.864,52.24197878158822,4.809424624780449,1429,235.6587081169777,12.700000000000001,0.741004726099284,72220.74827149443,37543.241185039464,0.06570807912616229,0.06570807912616229,EJU5284_1390
38,448.564,52.24025399298782,4.811438958493709,1471,235.78491885150225,12.700000000000001,0.740988242315364,72220.00726676834,37542.69776228337,0.06504620626715374,0.06504620626715374,EJU5284_1390
39,461.264,52.23855252591639,4.81350853734031,1513,235.91121128270603,12.700000000000001,0.7409717768202584,72219.26627852603,37542.15508182817,0.0643931924339509,0.0643931924339509,EJU5284_1390
40,473.964,52.23687503188637,4.815632610627192,1555,236.03758545170282,12.700000000000001,0.7409553297023679,72218.52530674922,37541.6131476842,0.06374931593357436,0.06374931593357436,EJU5284_1390
41,486.664,52.23522215308268,4.817810407827927,1596,236.16404139957453,12.700000000000001,0.740939529403378,72217.78435141951,37541.100519263586,0.06311483756325732,0.06311483756325732,EJU5284_1390
42,499.364,52.23359452213704,4.820041138905635,1638,236.29057916737565,12.700000000000001,0.740923115527667,72217.0434118901,37540.55991807663,0.06249000051189359,0.06249000051189359,EJU5284_1390
43,512.064,52.2319927619065,4.822323994642126,1679,236.41719879613123,12.700000000000001,0.7409073418097083,72216.30248877457,37540.04831981815,0.0618750302895317,0.0618750302895317,EJU5284_1390
44,524.764,52.230417485256204,4.824658146973093,1721,236.54390032683827,12.700000000000001,0.74089096150187,72215.56158143276,37539.509066363,0.06127013468474229,0.06127013468474229,EJU5284_1390
45,537.464,52.22886929484656,4.8270427493292205,1763,236.67068380046356,12.700000000000001,0.7408746000019579,72214.82069047126,37538.970578758555,0.060675503749679345,0.060675503749679345,EJU5284_1390
46,550.164,52.22734878292471,4.829476936983048,1804,236.79754925794646,12.700000000000001,0.7408588682562796,72214.07981587126,37538.46062117846,0.06009130981257247,0.06009130981257247,EJU5284_1390
47,562.864,52.22585653112052,4.831959827401433,1846,236.92449674019338,12.700000000000001,0.7408425408252348,72213.338957003,37537.92350403345,0.059517707517390286,0.059517707517390286,EJU5284_1390
48,575.564,52.224393110247114,4.834490520603465,1888,237.05152628808528,12.700000000000001,0.7408262324659551,72212.59811446218,37537.38716470863,0.05895483389034131,0.05895483389034131,EJU5284_1390
49,588.264,52.22295908010591,4.837068099523666,1930,237.17863794247134,12.700000000000001,0.7408099432697437,72211.85728822972,37536.85160734616,0.05840280843285394,0.05840280843285394,EJU5284_1390
50,600.964,52.2215554579794,4.839690788002305,1971,237.22832900719965,12.700000000000001,0.740783999920662,72211.11647828645,37535.75492966226,0.05786186152434782,0.05786186152434782,EJU5284_1390
51,613.664,52.220183065852815,4.842357070592644,2013,237.22832900719965,12.700000000000001,0.7407518837540918,72210.37569428653,37534.299276277154,0.05733215069206722,0.05733215069206722,EJU5284_1390
52,626.364,52.21884241366503,4.845065955859591,2055,237.22832900719965,12.700000000000001,0.7407210239075486,72209.63494240277,37532.90071847762,0.056813731581817864,0.056813731581817864,EJU5284_1390
53,639.064,52.217533999561326,4.847816436720699,2096,237.22832900719965,12.700000000000001,0.740691911934467,72208.89422137887,37531.58159403446,0.05630664310246359,0.05630664310246359,EJU5284_1390
54,651.764,52.2162583097083,4.850607490818744,2138,237.22832900719965,12.700000000000001,0.7406635376257553,72208.15352946693,37530.29599460325,0.05581090766429715,0.05581090766429715,EJU5284_1390
55,664.464,52.21501581811322,4.853438080899728,2180,237.22832900719965,12.700000000000001,0.74063642273167,72207.4128659293,37529.06763029853,0.055326531440547805,0.055326531440547805,EJU5284_1390
56,677.164,52.2138069864479,4.856307155196136,2221,237.22832900719965,12.700000000000001,0.7406109688297757,72206.67222950657,37527.91474996702,0.054853504651434085,0.054853504651434085,EJU5284_1390
57,689.864,52.21263226387715,4.8592136478153325,2263,237.22832900719965,12.700000000000001,0.7405863456109136,72205.93161853774,37526.79962091881,0.05439180187013401,0.05439180187013401,EJU5284_1390
58,702.564,52.21149208689188,4.8621564791329535,2304,237.22832900719965,12.700000000000001,0.7405633255843613,72205.19103219213,37525.757348532126,0.05394138235001415,0.05394138235001415,EJU5284_1390
59,715.264,52.210386879146945,4.865134556191139,2346,237.22832900719965,12.700000000000001,0.7405411981411203,72204.45046886655,37524.75563988916,0.05351350922447215,0.05351350922447215,EJU5284_1390
60,727.964,52.20931705130367,4.868146773101478,2388,237.22832900719965,12.700000000000001,0.7405203353133221,72203.7099276684,37523.811401212384,0.0531017734966593,0.0531017734966593,EJU5284_1390
61,740.664,52.208283000877316,4.871192011452513,2430,237.22832900719965,12.700000000000001,0.7405007381591404,72202.96940733309,37522.92468033244,0.052702249162473555,0.052702249162473555,EJU5284_1390
62,753.364,52.20728511208934,4.874269140721654,2471,237.22832900719965,12.700000000000001,0.740482627621144,72202.22890659493,37522.10551736874,0.05231479535948747,0.05231479535948747,EJU5284_1390
63,766.064,52.20632375572464,4.877377018691364,2513,237.22832900719965,12.700000000000001,0.7404655345553557,72201.48842396731,37521.33259263572,0.051939257804826576,0.051939257804826576,EJU5284_1390
64,778.764,52.205399288993796,4.880514491869462,2555,237.22832900719965,12.700000000000001,0.7404497103279066,72200.74795843275,37520.617328845074,0.05157546931588298,0.05157546931588298,EJU5284_1390
65,791.464,52.20451205540032,4.883680395913393,2596,237.22832900719965,12.700000000000001,0.7404352852187994,72200.00750872242,37519.96564613671,0.05122325034506174,0.05122325034506174,EJU5284_1390
66,804.164,52.20366238461304,4.886873556058309,2638,237.22832900719965,12.700000000000001,0.7404219713561786,72199.26707343721,37519.364462527206,0.05088240952755501,0.05088240952755501,EJU5284_1390
67,816.864,52.20285059234358,4.890092787548825,2680,237.22832900719965,12.700000000000001,0.7404099295203241,72198.52665146586,37518.82108422333,0.05055274424112354,0.05055274424112354,EJU5284_1390
68,829.564,52.20207698022909,4.8933368960742785,2721,237.22832900719965,12.700000000000001,0.7403991990963135,72197.78624153633,37518.337300856496,0.050234041176857785,0.050234041176857785,EJU5284_1390
69,842.264,52.201341835720115,4.896604678207343,2763,237.22832900719965,12.700000000000001,0.7403896739487199,72197.04584233723,37517.90828918212,0.04992607691986959,0.04992607691986959,EJU5284_1390
70,854.964,52.20064543197385,4.899894921845848,2805,237.22832900719965,12.700000000000001,0.7403814240401914,72196.30545266329,37517.53722840267,0.04962861853887754,0.04962861853887754,EJU5284_1390
71,867.664,52.19998802775258,4.903206406657645,2846,237.22832900719965,12.700000000000001,0.740374397626764,72195.56507123925,37517.22176702222,0.04934142418361543,0.04934142418361543,EJU5284_1390
72,880.364,52.19936986732758,4.906537904528352,2888,237.22832900719965,12.700000000000001,0.740368670777251,72194.82469684162,37516.9653617511,0.04906424368901171,0.04906424368901171,EJU5284_1390
73,893.064,52.198791180388326,4.909888180011834,2929,237.22832900719965,12.700000000000001,0.740364108931101,72194.08432817084,37516.76189769916,0.0487968191850749,0.0487968191850749,EJU5284_1390
74,905.764,52.19825218195715,4.913255990783259,2971,237.22832900719965,12.700000000000001,0.7403609093968453,72193.3439640619,37516.62034109126,0.04853888571141451,0.04853888571141451,EJU5284_1390
75,918.464,52.19775307230937,4.916640088094552,3013,237.22832900719965,12.700000000000001,0.7403589905001389,72192.6036031525,37516.53698037269,0.04829017183533502,0.04829017183533502,EJU5284_1390
76,931.164,52.197294036898825,4.9200392172321115,3055,237.22832900719965,12.700000000000001,0.7403583533393472,72191.863244162,37516.51186543861,0.048050400272436324,0.048050400272436324,EJU5284_1390
77,943.864,52.19687524628902,4.923452117976611,3096,237.22832900719965,12.700000000000001,0.7403587632030295,72191.12288580865,37516.534330320836,0.047819288508666055,0.047819288508666055,EJU5284_1390
78,956.564,52.19649685608971,4.926877525064731,3138,237.22832900719965,12.700000000000001,0.7403606619860057,72190.38252704545,37516.624456010024,0.04759654942276334,0.04759654942276334,EJU5284_1390
79,969.264,52.1961590068991,4.930314168652658,3180,237.22832900719965,12.700000000000001,0.7403638457897705,72189.64216638346,37516.77297680077,0.047381891908048396,0.047381891908048396,EJU5284_1390
80,981.964,52.19586182425161,4.933760774781184,3221,237.22832900719965,12.700000000000001,0.7403679880608847,72188.90180253767,37516.9650531975,0.04717502149252156,0.04717502149252156,EJU5284_1390
81,994.664,52.1956054185712,4.937216065842253,3263,237.22832900719965,12.700000000000001,0.7403737143230478,72188.1614345496,37517.22911088083,0.04697564095623854,0.04697564095623854,EJU5284_1390
82,1007.364,52.19538988513036,4.940678761046784,3305,237.22832900719965,12.700000000000001,0.7403807289153868,72187.42106083529,37517.55171424228,0.04678345094494904,0.04678345094494904,EJU5284_1390
83,1020.064,52.195215304014724,4.944147576893605,3346,237.22832900719965,12.700000000000001,0.7403886132012252,72186.68068010638,37517.91383927538,0.04659815057899732,0.04659815057899732,EJU5284_1390
84,1032.764,52.19508174009328,4.94762122763934,3388,237.22832900719965,12.700000000000001,0.7403981768151795,72185.94029149319,37518.35227829566,0.04641943805649113,0.04641943805649113,EJU5284_1390
85,1045.464,52.19498924299429,4.951098425769085,3429,237.22832900719965,12.700000000000001,0.7404085510582028,72185.19989331637,37518.82755513002,0.04624701124977445,0.04624701124977445,EJU5284_1390
86,1058.164,52.19493784708684,4.954577882467698,3471,237.22832900719965,12.700000000000001,0.7404206680784984,72184.4594847653,37519.38202956592,0.04608056829424664,0.04608056829424664,EJU5284_1390
87,1070.864,52.194927571468085,4.958058308091552,3513,237.22832900719965,12.700000000000001,0.7404340789904216,72183.71906409723,37519.995303048134,0.04593782807667855,0.04593782807667855,EJU5284_1390
88,1083.564,52.19495841995612,4.96153841264058,3555,237.22832900719965,12.700000000000001,0.7404487849254617,72182.97863001823,37520.66742717433,0.04580112673591092,0.04580112673591092,EJU5284_1390
89,1096.264,52.1950303810886,4.965016906230446,3596,237.22832900719965,12.700000000000001,0.7404641823495084,72182.2381812333,37521.370975594,0.04566923056101446,0.04566923056101446,EJU5284_1390
90,1108.964,52.19514342812696,4.968492499564673,3638,237.22832900719965,12.700000000000001,0.7404814505795982,72181.49771705095,37522.15954047019,0.04554183237318402,0.04554183237318402,EJU5284_1390
91,1121.664,52.19529751906639,4.971963904406578,3680,237.22832900719965,12.700000000000001,0.7405000172166682,72180.75723560037,37523.00711039687,0.04541862885996732,0.04541862885996732,EJU5284_1390
92,1134.364,52.19549259665143,4.975429834050833,3721,237.22832900719965,12.700000000000001,0.7405191859087585,72180.01673558315,37523.88204100307,0.04529932110271213,0.04529932110271213,EJU5284_1390
93,1147.064,52.1957285883972,4.978889003794495,3763,237.22832900719965,12.700000000000001,0.740540321551709,72179.27621639724,37524.846358038994,0.0451836150885536,0.0451836150885536,EJU5284_1390
94,1159.764,52.19600540661642,4.98234013140734,3804,237.22832900719965,12.700000000000001,0.7405619997441659,72178.53567607568,37525.83533204948,0.04508758521548033,0.04508758521548033,EJU5284_1390
95,1172.464,52.196322948451915,4.985781937601332,3846,237.22832900719965,12.700000000000001,0.740585708876242,72177.79511407594,37526.91660102157,0.04502684088191433,0.04502684088191433,EJU5284_1390
96,1185.164,52.19668109591486,4.989213146499072,3888,237.22832900719965,12.700000000000001,0.7406107221017075,72177.05452836707,37528.05713484314,0.044967021288985824,0.044967021288985824,EJU5284_1390
97,1197.864,52.19707971592864,4.992632486101054,3930,237.22832900719965,12.700000000000001,0.7406370405774392,72176.31391764496,37529.256986419285,0.04490781294041725,0.04490781294041725,EJU5284_1390
98,1210.564,52.19751866037826,4.996038688751566,3971,237.22832900719965,12.700000000000001,0.7406637815682793,72175.57328060438,37530.47604116737,0.044848909702448224,0.044848909702448224,EJU5284_1390
99,1223.264,52.19799776616541,4.999430491603081,4013,237.22832900719965,12.700000000000001,0.7406926826212907,72174.83261682281,37531.79326028533,0.04479001329120474,0.04479001329120474,EJU5284_1390
100,1235.964,52.19851394924408,5.002807822649424,4054,237.22832900719965,12.700000000000001,0.7407219463842041,72174.09192414019,37533.12696535233,0.04473064382806952,0.04473064382806952,EJU5284_1390
101,1248.664,52.19903003475684,5.006185232601816,4096,237.22832900719965,12.700000000000001,0.7407534345644176,72173.35120219381,37534.56176027688,0.04466821151914823,0.04466821151914823,EJU5284_1390
102,1261.364,52.19954602266952,5.0095627214608704,4138,237.22832900719965,12.700000000000001,0.7407862337658777,72172.61044875924,37536.05613711551,0.044602737704681525,0.044602737704681525,EJU5284_1390
103,1274.064,52.200061912946374,5.012940289227839,4180,237.22832900719965,12.700000000000001,0.7408203451626403,72171.86966252547,37537.61014965991,0.04453424371835041,0.04453424371835041,EJU5284_1390
104,1286.764,52.20057770554988,5.016317935904675,4221,237.22832900719965,12.700000000000001,0.740854698627261,72171.1288421803,37539.175166916044,0.044462750887282694,0.044462750887282694,EJU5284_1390
105,1299.464,52.20109340044064,5.019695661494082,4263,237.22832900719965,12.700000000000001,0.740891406374335,72170.38798748168,37540.84717783752,0.04438828053206086,0.04438828053206086,EJU5284_1390
106,1312.164,52.2016089975772,5.023073465999591,4305,237.22832900719965,12.700000000000001,0.7409294298277587,72169.6470960753,37542.57898543043,0.044310853966731935,0.044310853966731935,EJU5284_1390
107,1324.864,52.20212449691587,5.026451349425627,4346,237.22832900719965,12.700000000000001,0.7409676047808333,72168.90616664548,37544.31768292808,0.04423049249881569,0.04423049249881569,EJU5284_1390
108,1337.564,52.202639898410496,5.029829311777595,4388,237.22832900719965,12.700000000000001,0.7410082315474282,72168.1651990407,37546.16780826119,0.044147217429316196,0.044147217429316196,EJU5284_1390
109,1350.264,52.203155202012255,5.033207353061976,4429,237.22832900719965,12.700000000000001,0.7410489495503088,72167.42419080915,37548.02208556185,0.04406105005273464,0.04406105005273464,EJU5284_1390
110,1362.964,52.20367040766938,5.036585473286428,4471,237.22832900719965,12.700000000000001,0.7410921842814724,72166.6831418596,37549.99074214534,0.04397201165708253,0.04397201165708253,EJU5284_1390
111,1375.664,52.20418551532684,5.039963672459915,4513,237.22832900719965,12.700000000000001,0.741136740618676,72165.94204967532,37552.01946621297,0.04388012352389719,0.04388012352389719,EJU5284_1390
112,1388.364,52.20470052492603,5.043341950592835,4555,237.22832900719965,12.700000000000001,0.7411826197621136,72165.2009129347,37554.10831290916,0.04378540692825974,0.04378540692825974,EJU5284_1390
113,1401.064,52.20521543640436,5.04672030769719,4596,237.22832900719965,12.700000000000001,0.7412284685708517,72164.45973031493,37556.1957882975,0.04368788313881517,0.04368788313881517,EJU5284_1390
114,1413.764,52.20573024969478,5.050098743786757,4638,237.22832900719965,12.700000000000001,0.7412769651073063,72163.71850184636,37558.4035994414,0.04358972795641428,0.04358972795641428,EJU5284_1390
115,1426.464,52.206244964725315,5.053477258877305,4680,237.22832900719965,12.700000000000001,0.7413267880391199,72162.97722488125,37560.67169822367,0.043500013542795105,0.043500013542795105,EJU5284_1390
116,1439.164,52.20675958141838,5.056855852986843,4721,237.22832900719965,12.700000000000001,0.741376489366546,72162.23589809322,37562.93427911289,0.043407675718320424,0.043407675718320424,EJU5284_1390
117,1451.864,52.20727409969013,5.060234526135899,4763,237.22832900719965,12.700000000000001,0.7414289368089266,72161.49452160385,37565.321669723766,0.04331273748590888,0.04331273748590888,EJU5284_1390
118,1464.564,52.20778851944958,5.0636132783478685,4805,237.22832900719965,12.700000000000001,0.7414827142621028,72160.75309266704,37567.769514349435,0.043215221841618676,0.043215221841618676,EJU5284_1390
119,1477.264,52.20830284059761,5.066992109649411,4846,237.22832900719965,12.700000000000001,0.7415362786038113,72160.01160995278,37570.207683723376,0.0431151517746948,0.0431151517746948,EJU5284_1390
120,1489.964,52.20881706302579,5.070371020070934,4888,237.22832900719965,12.700000000000001,0.7415926877372288,72159.27007367418,37572.775150267924,0.043012550267624246,0.043012550267624246,EJU5284_1390
121,1502.664,52.209331186614904,5.073750009647172,4930,237.22832900719965,12.700000000000001,0.7416504305233267,72158.52848098644,37575.40323857961,0.04290744029620138,0.04290744029620138,EJU5284_1390
122,1515.364,52.209845211233215,5.077129078417898,4971,237.22832900719965,12.700000000000001,0.7417078684516818,72157.78683055591,37578.01748341606,0.042799844829606484,0.042799844829606484,EJU5284_1390
123,1528.064,52.210359136734304,5.08050822642879,5013,237.22832900719965,12.700000000000001,0.7417682501400935,72157.04512268746,37580.76552646488,0.04268978683049983,0.04268978683049983,EJU5284_1390
124,1540.764,52.21087296295437,5.083887453732515,5054,237.22832900719965,12.700000000000001,0.7418282659202633,72156.30335443732,37583.496952384405,0.04257728925513649,0.04257728925513649,EJU5284_1390
125,1553.464,52.211386689708846,5.0872667603900945,5096,237.22832900719965,12.700000000000001,0.741891291335264,72155.5615261714,37586.36517266539,0.042462375053507695,0.042462375053507695,EJU5284_1390
126,1566.164,52.211900316788075,5.090646146472648,5138,237.22832900719965,12.700000000000001,0.7419556565219101,72154.81963488006,37589.2942969225,0.04234506716951701,0.04234506716951701,EJU5284_1390
127,1578.864,52.21241384395168,5.09402561206366,5180,237.22832900719965,12.700000000000001,0.7420213627249106,72154.07767922353,37592.284382617334,0.0422253885412035,0.0422253885412035,EJU5284_1390
128,1591.564,52.21292727092112,5.097405157261976,5221,237.22832900719965,12.700000000000001,0.7420865798527561,72153.3356578608,37595.25225542665,0.042103362101029156,0.042103362101029156,EJU5284_1390
129,1604.264,52.213440597369654,5.100784782185856,5263,237.22832900719965,12.700000000000001,0.7421549395604845,72152.59357128096,37598.362969754344,0.04197901077625609,0.04197901077625609,EJU5284_1390
130,1616.964,52.213953822908394,5.1041644869785845,5304,237.22832900719965,12.700000000000001,0.7422227488192792,72151.8514163414,37601.44868282848,0.041852357489454046,0.041852357489454046,EJU5284_1390
131,1629.664,52.214466947066455,5.1075442718164785,5346,237.22832900719965,12.700000000000001,0.7422937669264236,72151.10919359258,37604.680251965205,0.04172342515920149,0.04172342515920149,EJU5284_1390
132,1642.364,52.21497996926162,5.110924136920711,5388,237.22832900719965,12.700000000000001,0.7423661322581949,72150.36689982565,37607.97306941768,0.04159223670108759,0.04159223670108759,EJU5284_1390
133,1655.064,52.215492888755136,5.11430408257554,5430,237.22832900719965,12.700000000000001,0.7424398460774255,72149.6245336934,37611.32719359696,0.041458815029203934,0.041458815029203934,EJU5284_1390
134,1667.764,52.216005704578166,5.117684109157962,5471,237.22832900719965,12.700000000000001,0.7425128856253691,72148.88209384732,37614.65069090846,0.0413231830584836,0.0413231830584836,EJU5284_1390
135,1680.464,52.216518415403634,5.121064217189391,5513,237.22832900719965,12.700000000000001,0.7425892677645329,72148.1395809617,37618.12612875555,0.041185363708623385,0.041185363708623385,EJU5284_1390
136,1693.164,52.21703101930121,5.124444407434478,5555,237.22832900719965,12.700000000000001,0.7426670021673256,72147.39699169392,37621.66304810516,0.041045379911284464,0.041045379911284464,EJU5284_1390
137,1705.864,52.21754351320289,5.127824681116675,5596,237.22832900719965,12.700000000000001,0.7427439693291105,72146.65432469176,37625.165116646145,0.040903254625138954,0.040903254625138954,EJU5284_1390
138,1718.564,52.21805589147264,5.131205040495238,5638,237.22832900719965,12.700000000000001,0.7428243795398815,72145.91158072243,37628.82369640645,0.04075901087435571,0.04075901087435571,EJU5284_1390
139,1731.264,52.218568140348665,5.134585491107366,5679,237.22832900719965,12.700000000000001,0.7429039606417165,72145.16875634289,37632.44461445075,0.040612671891122526,0.040612671891122526,EJU5284_1390
140,1743.964,52.21910722763749,5.137954845221459,5721,237.22832900719965,12.700000000000001,0.7429870516620587,72144.42585238225,37636.225086415434,0.04046364300057085,0.04046364300057085,EJU5284_1390
141,1756.664,52.21964621863413,5.141324281270866,5763,237.22832900719965,12.700000000000001,0.743071501289899,72143.68286533059,37640.06733388591,0.040312459532448254,0.040312459532448254,EJU5284_1390
142,1769.364,52.22018511333161,5.144693799245717,5805,237.22832900719965,12.700000000000001,0.7431573108155825,72142.9397938293,37643.97141672203,0.04016314104559786,0.04016314104559786,EJU5284_1390
143,1782.064,52.22072391172288,5.148063399136156,5846,237.22832900719965,12.700000000000001,0.7432421664081317,72142.19663651848,37647.83216649209,0.04001848339921205,0.04001848339921205,EJU5284_1390
144,1794.764,52.22126261380086,5.151433080932343,5888,237.22832900719965,12.700000000000001,0.7433306668800244,72141.45339435207,37651.85861177308,0.03987180138279265,0.03987180138279265,EJU5284_1390
145,1807.464,52.22180121955842,5.154802844624458,5929,237.22832900719965,12.700000000000001,0.7434181512151832,72140.71006368518,37655.83889773714,0.03972311834906018,0.03972311834906018,EJU5284_1390
146,1820.164,52.22233972898839,5.158172690202693,5971,237.22832900719965,12.700000000000001,0.7435093477069763,72139.96664553396,37659.98794106683,0.03957245764377809,0.03957245764377809,EJU5284_1390
147,1832.864,52.22287814208353,5.16154261765726,6013,237.22832900719965,12.700000000000001,0.7436019105319309,72139.22313618625,37664.19911859825,0.039419842605751765,0.039419842605751765,EJU5284_1390
148,1845.564,52.22341645883658,5.164912626978391,6055,237.22832900719965,12.700000000000001,0.7436958409989394,72138.47953427571,37668.472491173925,0.03926529656682694,0.03926529656682694,EJU5284_1390
149,1858.264,52.223954679240215,5.168282718156333,6096,237.22832900719965,12.700000000000001,0.7437886298244827,72137.73583843472,37672.69400194912,0.03910884285188897,0.03910884285188897,EJU5284_1390
150,1870.964,52.224492803287056,5.171652891181354,6138,237.22832900719965,12.700000000000001,0.7438852665937496,72136.99204980489,37677.090450533884,0.03895050477886123,0.03895050477886123,EJU5284_1390
151,1883.664,52.22503083096967,5.175023146043742,6180,237.22832900719965,12.700000000000001,0.7439832749187301,72136.2481645383,37681.549276208294,0.03876972175919505,0.03876972175919505,EJU5284_1390
152,1896.364,52.225568762280574,5.178393482733804,6221,237.22832900719965,12.700000000000001,0.7440800473622216,72135.50418126337,37685.95195804263,0.03854308371741267,0.03854308371741267,EJU5284_1390
153,1909.064,52.22610659721222,5.181763901241869,6263,237.22832900719965,12.700000000000001,0.7441807697497609,72134.76010121602,37690.534220882124,0.038317729328588644,0.038317729328588644,EJU5284_1390
154,1921.764,52.22664433575702,5.185134401558286,6304,237.22832900719965,12.700000000000001,0.744280193539187,72134.01592044627,37695.05749013063,0.038093649713381576,0.038093649713381576,EJU5284_1390
155,1934.464,52.227181977907314,5.188504983673428,6346,237.22832900719965,12.700000000000001,0.7443836351723105,72133.27164025273,37699.76343155404,0.03787083599513592,0.03787083599513592,EJU5284_1390
156,1947.164,52.227719523655374,5.191875647577689,6388,237.22832900719965,12.700000000000001,0.7444884549351416,72132.52725661756,37704.53205627895,0.03764927929988251,0.03764927929988251,EJU5284_1390
157,1959.864,52.22825697299342,5.195246393261487,6430,237.22832900719965,12.700000000000001,0.744594654164696,72131.78276816262,37709.36342664772,0.03742897075633863,0.03742897075633863,EJU5284_1390
158,1972.564,52.22879432591361,5.198617220715265,6471,237.22832900719965,12.700000000000001,0.7446994282513459,72131.03817350845,37714.130053259374,0.037209901495908956,0.037209901495908956,EJU5284_1390
159,1985.264,52.22933158240803,5.201988129929489,6513,237.22832900719965,12.700000000000001,0.7448083572297621,72130.2934740802,37719.085591954674,0.03699206265268641,0.03699206265268641,EJU5284_1390
160,1997.964,52.229868742468696,5.20535912089465,6554,237.22832900719965,12.700000000000001,0.7449157980002028,72129.54866572298,37723.97352114678,0.036775445363452286,0.036775445363452286,EJU5284_1390
161,2010.664,52.23040580608756,5.20873019360127,6596,237.22832900719965,12.700000000000001,0.7450274619841508,72128.80374992498,37729.05347353192,0.03656004076767705,0.03656004076767705,EJU5284_1390
162,2023.364,52.2309427732565,5.2121013480398934,6638,237.22832900719965,12.700000000000001,0.7451405121022263,72128.05872246299,37734.19648277592,0.036345840007520995,0.036345840007520995,EJU5284_1390
163,2036.064,52.231479643967326,5.215472584201094,6680,237.22832900719965,12.700000000000001,0.7452549497103818,72127.31358195089,37739.40261223852,0.036132834227834684,0.036132834227834684,EJU5284_1390
164,2048.764,52.23201641821176,5.218843902075474,6721,237.22832900719965,12.700000000000001,0.7453677718593865,72126.56832700118,37744.53534957784,0.03592101457616003,0.03592101457616003,EJU5284_1390
165,2061.464,52.232553095981444,5.222215301653668,6763,237.22832900719965,12.700000000000001,0.7454849551251206,72125.82295922932,37749.8663904652,0.035710372202730295,0.035710372202730295,EJU5284_1390
166,2074.164,52.23308967726796,5.225586782926337,6805,237.22832900719965,12.700000000000001,0.7456035299350179,72125.07747427419,37755.26074114253,0.03550089826047079,0.03550089826047079,EJU5284_1390
167,2086.864,52.23362616206279,5.228958345884177,6846,237.22832900719965,12.700000000000001,0.7457203937271633,72124.33187074425,37760.577357092974,0.035292583905000105,0.035292583905000105,EJU5284_1390
168,2099.564,52.23416255035734,5.232329990517916,6888,237.22832900719965,12.700000000000001,0.7458417222329379,72123.58615035053,37766.09699527264,0.03508542029462966,0.03508542029462966,EJU5284_1390
169,2112.264,52.23469884214292,5.235701716818315,6930,237.22832900719965,12.700000000000001,0.7459644463653705,72122.84030862829,37771.680134350536,0.034879398590365415,0.034879398590365415,EJU5284_1390
170,2124.964,52.23523503741075,5.23907352477617,6971,237.22832900719965,12.700000000000001,0.7460853636518203,72122.09434418193,37777.18118368169,0.03467861868134807,0.03467861868134807,EJU5284_1390
171,2137.664,52.23577113615197,5.242445414382315,7013,237.22832900719965,12.700000000000001,0.7462108495746651,72121.34825881827,37782.88998938662,0.03448183305107681,0.03448183305107681,EJU5284_1390
172,2150.364,52.2363071383576,5.2458173856276185,7055,237.22832900719965,12.700000000000001,0.7463377352351761,72120.6020479687,37788.66248864568,0.03428607953727737,0.03428607953727737,EJU5284_1390
173,2163.064,52.236843044018585,5.249189438502989,7096,237.22832900719965,12.700000000000001,0.7464627179498486,72119.85571023346,37794.34853061907,0.03409135070610899,0.03409135070610899,EJU5284_1390
174,2175.764,52.237378853125755,5.252561572999373,7138,237.22832900719965,12.700000000000001,0.7465923735517441,72119.10924751552,37800.24707869836,0.03389763912599237,0.03389763912599237,EJU5284_1390
175,2188.464,52.23791456566983,5.255933789107762,7179,237.22832900719965,12.700000000000001,0.7467200622486896,72118.36265514196,37806.0562625813,0.03370493736761148,0.03370493736761148,EJU5284_1390
176,2201.164,52.23845018164144,5.259306086819185,7221,237.22832900719965,12.700000000000001,0.7468524932352074,72117.61593507971,37812.08111494894,0.03351323800391315,0.03351323800391315,EJU5284_1390
177,2213.864,52.238985701031076,5.2626784661247195,7263,237.22832900719965,12.700000000000001,0.7469863308634348,72116.86908258648,37818.16998490266,0.03332253361010819,0.03332253361010819,EJU5284_1390
178,2226.564,52.239521123829135,5.266050927015485,7304,237.22832900719965,12.700000000000001,0.7471181050304294,72116.12209625561,37824.165102060084,0.0331328167636713,0.0331328167636713,EJU5284_1390
179,2239.264,52.240056450025875,5.26942346948265,7346,237.22832900719965,12.700000000000001,0.7472547262885902,72115.37497815058,37830.380663648975,0.03294408004434248,0.03294408004434248,EJU5284_1390
180,2251.964,52.24059167961145,5.2727960935174325,7388,237.22832900719965,12.700000000000001,0.7473927583759101,72114.62772342429,37836.660439655876,0.0327563160341263,0.0327563160341263,EJU5284_1390
181,2264.664,52.241126812575864,5.276168799111099,7430,237.22832900719965,12.700000000000001,0.7475322027059899,72113.88033066591,37843.00449657921,0.0325695173172937,0.0325695173172937,EJU5284_1390
182,2277.364,52.241661848909004,5.279541586254971,7471,237.22832900719965,12.700000000000001,0.7476694541407918,72113.13279846321,37849.24891744673,0.032383676480381735,0.032383676480381735,EJU5284_1390
183,2290.064,52.242196788600616,5.282914454940421,7513,237.22832900719965,12.700000000000001,0.7478116932057159,72112.38512900907,37855.720188396765,0.03219878611219421,0.03219878611219421,EJU5284_1390
184,2302.764,52.2427316316403,5.28628740515888,7555,237.22832900719965,12.700000000000001,0.7479553487394357,72111.63731731586,37862.25593921896,0.032014838803802646,0.032014838803802646,EJU5284_1390
185,2315.464,52.2432663780175,5.289660436901839,7596,237.22832900719965,12.700000000000001,0.7480967141713541,72110.88936196713,37868.68763532762,0.03183182714854619,0.03183182714854619,EJU5284_1390
186,2328.164,52.243801027721524,5.293033550160846,7638,237.22832900719965,12.700000000000001,0.7482431728185321,72110.14126525295,37875.35099486049,0.0316497437420329,0.0316497437420329,EJU5284_1390
187,2340.864,52.24433558074151,5.2964067449275145,7680,237.22832900719965,12.700000000000001,0.7483910521895281,72109.39302208014,37882.07903482401,0.0314685811821393,0.0314685811821393,EJU5284_1390
188,2353.564,52.24487003706644,5.299780021193523,7721,237.22832900719965,12.700000000000001,0.7485365439704397,72108.64463102796,37888.6985883722,0.031288332069011895,0.031288332069011895,EJU5284_1390
189,2366.264,52.24540439668511,5.303153378950618,7763,237.22832900719965,12.700000000000001,0.7486872348908622,72107.896094484,37895.554634908156,0.031108989005067315,0.031108989005067315,EJU5284_1390
190,2378.964,52.24593865958615,5.306526818190616,7804,237.22832900719965,12.700000000000001,0.7488354733346074,72107.1474072491,37902.29924522484,0.030930544594992674,0.030930544594992674,EJU5284_1390
191,2391.664,52.24647282575801,5.309900338905407,7846,237.22832900719965,12.700000000000001,0.7489889814374195,72106.39857177576,37909.28356426567,0.030752991445746346,0.030752991445746346,EJU5284_1390
192,2404.364,52.24700689518894,5.313273941086959,7888,237.22832900719965,12.700000000000001,0.7491439174087369,72105.64958279433,37916.332901042144,0.030576322166558728,0.030576322166558728,EJU5284_1390
193,2417.064,52.24754086786698,5.3166476247273184,7929,237.22832900719965,12.700000000000001,0.7492963029416957,72104.90043887692,37923.26634795481,0.030400529368932647,0.030400529368932647,EJU5284_1390
194,2429.764,52.24807474377999,5.320021389818615,7971,237.22832900719965,12.700000000000001,0.7494540646271752,72104.15114257399,37930.44436043541,0.03022560566664357,0.03022560566664357,EJU5284_1390
195,2442.464,52.24860852291559,5.323395236353065,8013,237.22832900719965,12.700000000000001,0.7496132585138093,72103.40168850936,37937.68759553511,0.030051543675740693,0.030051543675740693,EJU5284_1390
196,2455.164,52.249142205261194,5.326769164322973,8055,237.22832900719965,12.700000000000001,0.7497738860640857,72102.65207525085,37944.99612247067,0.029878336014547223,0.029878336014547223,EJU5284_1390
197,2467.864,52.24967579080397,5.33014317372074,8096,237.22832900719965,12.700000000000001,0.7499318318482637,72101.90230136478,37952.182788545266,0.029705975303661255,0.029705975303661255,EJU5284_1390
198,2480.564,52.25020927953084,5.333517264538863,8138,237.22832900719965,12.700000000000001,0.7500952966016388,72101.15236953294,37959.6205349302,0.029538027908569353,0.029538027908569353,EJU5284_1390
199,2493.264,52.25074267142849,5.336891436769944,8180,237.22832900719965,12.700000000000001,0.7502601993904456,72100.40227423633,37967.123780234186,0.029371799988235366,0.029371799988235366,EJU5284_1390
200,2505.964,52.25127596648332,5.340265690406689,8221,237.22832900719965,12.700000000000001,0.7504223217771813,72099.65201403694,37974.50067971957,0.02920635143119662,0.02920635143119662,EJU5284_1390
201,2518.664,52.25180916468147,5.343640025441917,8263,237.22832900719965,12.700000000000001,0.750590070436078,72098.90159171516,37982.133555271655,0.029041675985659116,0.029041675985659116,EJU5284_1390
202,2531.364,52.25234226600877,5.347014441868564,8305,237.22832900719965,12.700000000000001,0.7507592615315823,72098.15100164471,37989.832138486185,0.02887776740175376,0.02887776740175376,EJU5284_1390
203,2544.064,52.252875270450765,5.350388939679688,8346,237.22832900719965,12.700000000000001,0.750925573296906,72097.40024238318,37997.39987733665,0.0287146194315357,0.0287146194315357,EJU5284_1390
204,2556.764,52.253408177992675,5.353763518868478,8388,237.22832900719965,12.700000000000001,0.7510976189876135,72096.64931680988,38005.228504889616,0.028552225828985884,0.028552225828985884,EJU5284_1390
205,2569.464,52.2539409886194,5.357138179428252,8430,237.22832900719965,12.700000000000001,0.7512711115455557,72095.8982191909,38013.12305052026,0.02839058035001061,0.02839058035001061,EJU5284_1390
206,2582.164,52.254473702315465,5.3605129213524725,8471,237.22832900719965,12.700000000000001,0.7514416255509722,72095.14694807936,38020.88223954255,0.028229676752443027,0.028229676752443027,EJU5284_1390
207,2594.864,52.25500631906507,5.3638877446347495,8513,237.22832900719965,12.700000000000001,0.751617981487489,72094.3955064538,38028.90724691689,0.028069508796042517,0.028069508796042517,EJU5284_1390
208,2607.564,52.25553883885199,5.367262649268848,8554,237.22832900719965,12.700000000000001,0.7517912928266204,72093.64388847232,38036.79389403811,0.02791128690858311,0.02791128690858311,EJU5284_1390
209,2620.264,52.256071261659635,5.370637635248696,8596,237.22832900719965,12.700000000000001,0.7519705180058223,72092.89209717949,38044.94964214126,0.027760416898857616,0.027760416898857616,EJU5284_1390
210,2632.964,52.25660358747097,5.374012702568392,8638,237.22832900719965,12.700000000000001,0.7521511974901278,72092.14012666148,38053.17166218327,0.02760979160974499,0.02760979160974499,EJU5284_1390
211,2645.664,52.25713581626853,5.377387851222219,8680,237.22832900719965,12.700000000000001,0.7523333327915394,72091.387975464,38061.460026196575,0.027459414625872907,0.027459414625872907,EJU5284_1390
212,2658.364,52.257667948034374,5.380763081204645,8721,237.22832900719965,12.700000000000001,0.7525122902045687,72090.63564213121,38069.6039675681,0.027309289530767576,0.027309289530767576,EJU5284_1390
213,2671.064,52.25819998275007,5.384138392510343,8763,237.22832900719965,12.700000000000001,0.7526973066265719,72089.88312984101,38078.02363817473,0.02715941990685362,0.02715941990685362,EJU5284_1390
214,2683.764,52.25873192039667,5.387513785134197,8805,237.22832900719965,12.700000000000001,0.7528837833850459,72089.13043253438,38086.50986825503,0.02700980933545445,0.02700980933545445,EJU5284_1390
215,2696.464,52.259263760954674,5.390889259071313,8846,237.22832900719965,12.700000000000001,0.7530669821373814,72088.377548751,38094.847121678424,0.02686046139679245,0.02686046139679245,EJU5284_1390
216,2709.164,52.259795504404,5.394264814317037,8888,237.22832900719965,12.700000000000001,0.7532563489753248,72087.62448176886,38103.46508584397,0.02671137966998944,0.02671137966998944,EJU5284_1390
217,2721.864,52.26032715072397,5.397640450866962,8930,237.22832900719965,12.700000000000001,0.7534471806988006,72086.87122541988,38112.14982670546,0.026562567733066887,0.026562567733066887,EJU5284_1390
218,2734.564,52.26085869989322,5.401016168716951,8971,237.22832900719965,12.700000000000001,0.753634633995647,72086.11777823918,38120.681022743825,0.02641402916294656,0.02641402916294656,EJU5284_1390
219,2747.264,52.261390151889735,5.404391967863144,9013,237.22832900719965,12.700000000000001,0.7538283648161912,72085.36414360518,38129.497928592646,0.026265767535450645,0.026265767535450645,EJU5284_1390
220,2759.964,52.26192150669076,5.407767848301983,9055,237.22832900719965,12.700000000000001,0.7540235651010743,72084.61031524037,38138.38183009179,0.026117786425302263,0.026117786425302263,EJU5284_1390
221,2772.664,52.26245276427276,5.411143810030229,9096,237.22832900719965,12.700000000000001,0.7542152862339606,72083.85629167527,38147.107604335455,0.025970089406126596,0.025970089406126596,EJU5284_1390
222,2785.364,52.26298392461136,5.414519853044979,9138,237.22832900719965,12.700000000000001,0.7544133946923315,72083.10207638904,38156.124105158466,0.025822680050451186,0.025822680050451186,EJU5284_1390
223,2798.064,52.26351498768133,5.4178959773436945,9179,237.22832900719965,12.700000000000001,0.7546079569500006,72082.34766299435,38164.97942816393,0.025675561929706478,0.025675561929706478,EJU5284_1390
224,2810.764,52.26404595345649,5.42127218292422,9221,237.22832900719965,12.700000000000001,0.7548089796408373,72081.5930550374,38174.128818604266,0.02552873861422709,0.02552873861422709,EJU5284_1390
225,2823.464,52.26457682190964,5.424648469784813,9263,237.22832900719965,12.700000000000001,0.755011479481053,72080.83824605776,38183.34557289987,0.025382225661200783,0.025382225661200783,EJU5284_1390
226,2836.164,52.265107593012544,5.428024837924173,9305,237.22832900719965,12.700000000000001,0.7552154580326469,72080.08323457827,38192.629766000406,0.0252388217480843,0.0252388217480843,EJU5284_1390
227,2848.864,52.26563826673578,5.431401287341472,9346,237.22832900719965,12.700000000000001,0.7554157550582563,72079.32801912024,38201.74662371783,0.02509566705076601,0.02509566705076601,EJU5284_1390
228,2861.564,52.2661688430487,5.434777818036388,9388,237.22832900719965,12.700000000000001,0.7556226601129867,72078.57260336517,38211.16429521681,0.024952764500537284,0.024952764500537284,EJU5284_1390
229,2874.264,52.266699321919354,5.438154430009151,9430,237.22832900719965,12.700000000000001,0.7558310485474109,72077.81698070506,38220.649629746,0.02481011702780129,0.02481011702780129,EJU5284_1390
230,2886.964,52.26722970331433,5.441531123260574,9471,237.22832900719965,12.700000000000001,0.756035653802904,72077.06114965651,38229.96300296256,0.024667727562074932,0.024667727562074932,EJU5284_1390
231,2899.664,52.26775998719867,5.44490789779211,9513,237.22832900719965,12.700000000000001,0.7562469779938501,72076.30511400271,38239.5822606778,0.02452559903199071,0.02452559903199071,EJU5284_1390
232,2912.364,52.26829017353578,5.448284753605898,9555,237.22832900719965,12.700000000000001,0.7564597902627168,72075.54886702471,38249.26940743063,0.024383734365298573,0.024383734365298573,EJU5284_1390
233,2925.064,52.268820262287235,5.451661690704824,9596,237.22832900719965,12.700000000000001,0.7566687173861726,72074.79240723445,38258.77995220659,0.024242136488868762,0.024242136488868762,EJU5284_1390
234,2937.764,52.26935025341264,5.455038709092584,9638,237.22832900719965,12.700000000000001,0.7568844747240779,72074.03573851706,38268.60147046674,0.02410080832869485,0.02410080832869485,EJU5284_1390
235,2950.464,52.26988014686947,5.458415808773757,9680,237.22832900719965,12.700000000000001,0.7571017248680734,72073.27885404234,38278.49110556671,0.023959752809896446,0.023959752809896446,EJU5284_1390
236,2963.164,52.270409942612865,5.461792989753885,9721,237.22832900719965,12.700000000000001,0.7573149875844631,72072.52175231747,38288.19948317161,0.023818972856722853,0.023818972856722853,EJU5284_1390
237,2975.864,52.27093964059542,5.465170252039566,9763,237.22832900719965,12.700000000000001,0.7575351921692011,72071.76443732988,38298.2239416591,0.023678471392557097,0.023678471392557097,EJU5284_1390
238,2988.564,52.27146924076692,5.468547595638553,9804,237.22832900719965,12.700000000000001,0.7577513412379548,72071.00690213771,38308.064043236795,0.023538251339921056,0.023538251339921056,EJU5284_1390
239,3001.264,52.27199874307406,5.471925020559875,9846,237.22832900719965,12.700000000000001,0.7579745065186594,72070.24915079647,38318.223627123014,0.023398315620480083,0.023398315620480083,EJU5284_1390
240,3013.964,52.272528147460136,5.475302526813969,9888,237.22832900719965,12.700000000000001,0.7581991725394099,72069.49117628996,38328.45171091713,0.023258667155049262,0.023258667155049262,EJU5284_1390
241,3026.664,52.27305745386469,5.478680114412828,9930,237.22832900719965,12.700000000000001,0.7584253409125228,72068.73297711741,38338.74837259179,0.02311930886360016,0.02311930886360016,EJU5284_1390
242,3039.364,52.27358666222305,5.482057783370182,9971,237.22832900719965,12.700000000000001,0.758647316337727,72067.9745517765,38348.854420691605,0.02298024366526903,0.02298024366526903,EJU5284_1390
243,3052.064,52.2741157724659,5.485435533701694,10013,237.22832900719965,12.700000000000001,0.7588764580727372,72067.21590446016,38359.28682029327,0.022841474478365917,0.022841474478365917,EJU5284_1390
244,3064.764,52.274644784518635,5.488813365425198,10055,237.22832900719965,12.700000000000001,0.7591071069782505,72066.45702800209,38369.78803104001,0.02270300422038578,0.02270300422038578,EJU5284_1390
245,3077.464,52.2751736983008,5.49219127856097,10096,237.22832900719965,12.700000000000001,0.759333459693353,72065.69792089511,38380.09392740764,0.02256483580802034,0.02256483580802034,EJU5284_1390
246,3090.164,52.27570251372523,5.495569273132049,10138,237.22832900719965,12.700000000000001,0.7595670915102848,72064.93858743542,38390.73133879234,0.02242697215717384,0.02242697215717384,EJU5284_1390
247,3102.864,52.2762312306972,5.49894734916462,10180,237.22832900719965,12.700000000000001,0.7598022353458829,72064.17902034392,38401.4377964336,0.022289416182979794,0.022289416182979794,EJU5284_1390
248,3115.564,52.27675984911328,5.5023255066884635,10221,237.22832900719965,12.700000000000001,0.7600329794240561,72063.41921810857,38411.94422355186,0.022152170799823075,0.022152170799823075,EJU5284_1390
249,3128.264,52.277288368860084,5.505703745737501,10263,237.22832900719965,12.700000000000001,0.76027111577992,72062.65918512915,38422.78734820433,0.022015238921364075,0.022015238921364075,EJU5284_1390
250,3140.964,52.27781678981262,5.509082066350453,10305,237.22832900719965,12.700000000000001,0.760510769032644,72061.89891401336,38433.699756085094,0.021878623460570425,0.021878623460570425,EJU5284_1390
251,3153.664,52.27834511183239,5.512460468571651,10346,237.22832900719965,12.700000000000001,0.7607459186342038,72061.13840324433,38444.40740183576,0.0217423273297542,0.0217423273297542,EJU5284_1390
252,3166.364,52.27887333476496,5.515838952452028,10388,237.22832900719965,12.700000000000001,0.7609885740753783,72060.37765732569,38455.456946789614,0.021606353440618942,0.021606353440618942,EJU5284_1390
253,3179.064,52.279401458436986,5.519217518050376,10429,237.22832900719965,12.700000000000001,0.7612266567009127,72059.61666875161,38466.29857934017,0.02147106315572494,0.02147106315572494,EJU5284_1390
254,3191.764,52.27992948265235,5.522596165434931,10471,237.22832900719965,12.700000000000001,0.7614723207826788,72058.85544209491,38477.485575522674,0.02133738191500288,0.02133738191500288,EJU5284_1390
255,3204.464,52.280457407187264,5.525974894685413,10513,237.22832900719965,12.700000000000001,0.7617195099450285,72058.09396977413,38488.74225340571,0.021203982183595187,0.021203982183595187,EJU5284_1390
256,3217.164,52.28098523178382,5.529353705895713,10555,237.22832900719965,12.700000000000001,0.7619682258507272,72057.33225026418,38500.06869409511,0.021070866389423484,0.021070866389423484,EJU5284_1390
257,3229.864,52.281512956141384,5.532732599177474,10596,237.22832900719965,12.700000000000001,0.7622122293287159,72056.57028203833,38511.1808625515,0.020938036960485587,0.020938036960485587,EJU5284_1390
258,3242.564,52.282040579904745,5.536111574664994,10638,237.22832900719965,12.700000000000001,0.7624639669372439,72055.808069809,38522.64539161032,0.020805496325087602,0.020805496325087602,EJU5284_1390
259,3255.264,52.28256810264761,5.539490632522114,10680,237.22832900719965,12.700000000000001,0.7627172362574073,72055.04560584207,38534.17992610895,0.020673246912168118,0.020673246912168118,EJU5284_1390
260,3267.964,52.28309552384851,5.54286977295222,10721,237.22832900719965,12.700000000000001,0.762965688262599,72054.28288860581,38545.49540962718,0.02054129115177028,0.02054129115177028,EJU5284_1390
261,3280.664,52.283622842854555,5.546248996213323,10763,237.22832900719965,12.700000000000001,0.7632219891317586,72053.51992291755,38557.16851378347,0.020409631475751908,0.020409631475751908,EJU5284_1390
262,3293.364,52.28415005882406,5.549628302641913,10805,237.22832900719965,12.700000000000001,0.7634798267108516,72052.75670092841,38568.911867927556,0.02027827031890863,0.02027827031890863,EJU5284_1390
263,3306.064,52.28467717063009,5.553007692693085,10846,237.22832900719965,12.700000000000001,0.7637327417520752,72051.9932211017,38580.43137637727,0.020147210120859724,0.020147210120859724,EJU5284_1390
264,3318.764,52.28520417668479,5.556387167013602,10888,237.22832900719965,12.700000000000001,0.7639936207856148,72051.22948835995,38592.31378526363,0.020016453329480235,0.020016453329480235,EJU5284_1390
265,3331.464,52.285691236542505,5.559782656408859,10930,237.22832900719965,12.700000000000001,0.7642560415573842,72050.46549473917,38604.2666906142,0.019890087040064383,0.019890087040064383,EJU5284_1390
266,3344.164,52.2861381692267,5.563192896468866,10971,237.22832900719965,12.700000000000001,0.7645134342305042,72049.70123869761,38615.99093946162,0.019806502386310276,0.019806502386310276,EJU5284_1390
267,3356.864,52.2865448086709,5.566616617224185,11013,237.22832900719965,12.700000000000001,0.7647789064214128,72048.93672526338,38628.08338846284,0.019724412699588165,0.019724412699588165,EJU5284_1390
268,3369.564,52.286911003780325,5.570052543624437,11054,237.22832900719965,12.700000000000001,0.7650392802361778,72048.17194635696,38639.94397775015,0.01964380648994751,0.01964380648994751,EJU5284_1390
269,3382.264,52.2872366184881,5.573499396018804,11096,237.22832900719965,12.700000000000001,0.7653078104951654,72047.40690707673,38652.17629714635,0.019564671642672928,0.019564671642672928,EJU5284_1390
270,3394.964,52.28752153180578,5.576955890638346,11138,237.22832900719965,12.700000000000001,0.7655778909257229,72046.64159926624,38664.47952744698,0.019486995474757397,0.019486995474757397,EJU5284_1390
271,3407.664,52.2877656378683,5.580420740079924,11180,237.22832900719965,12.700000000000001,0.7658495232409914,72045.87602137531,38676.85375300588,0.01941076479111153,0.01941076479111153,EJU5284_1390
272,3420.364,52.28796884597332,5.5838926537915565,11221,237.22832900719965,12.700000000000001,0.7661159153134236,72045.11017185207,38688.989651642514,0.019335965940407027,0.019335965940407027,EJU5284_1390
273,3433.064,52.288159779048094,5.587366444097634,11263,237.22832900719965,12.700000000000001,0.7663906191547349,72044.34405593676,38701.504410251466,0.019261814593712144,0.019261814593712144,EJU5284_1390
274,3445.764,52.28835061007979,5.590840264353004,11305,237.22832900719965,12.700000000000001,0.7666668799988816,72043.5776653176,38714.090416464605,0.019187978896606537,0.019187978896606537,EJU5284_1390
275,3458.464,52.2885413390665,5.594314114542167,11346,237.22832900719965,12.700000000000001,0.7669377940122837,72042.8109984376,38726.433235884266,0.01911445768605413,0.01911445768605413,EJU5284_1390
276,3471.164,52.288731966006324,5.597787994649616,11388,237.22832900719965,12.700000000000001,0.7672171365245464,72042.04406064359,38739.16027569451,0.019041249800147132,0.019041249800147132,EJU5284_1390
277,3483.864,52.28892249089737,5.60126190465985,11430,237.22832900719965,12.700000000000001,0.7674980411876393,72041.27684350706,38751.95881743985,0.01896835407810632,0.01896835407810632,EJU5284_1390
278,3496.564,52.28911291373773,5.604735844557363,11471,237.22832900719965,12.700000000000001,0.7677734920851944,72040.50934546588,38764.509295903874,0.018895769360281336,0.018895769360281336,EJU5284_1390
279,3509.264,52.289303234525505,5.60820981432665,11513,237.22832900719965,12.700000000000001,0.7680574886174487,72039.74157197379,38777.44937572944,0.01882349448815056,0.01882349448815056,EJU5284_1390
280,3521.964,52.28949345325879,5.611683813952204,11555,237.22832900719965,12.700000000000001,0.7683430524783526,72038.97351448517,38790.461213820476,0.018751528304320985,0.018751528304320985,EJU5284_1390
281,3534.664,52.28968356993568,5.615157843418516,11596,237.22832900719965,12.700000000000001,0.7686230552897786,72038.2051714327,38803.22009539276,0.018680298565003754,0.018680298565003754,EJU5284_1390
282,3547.364,52.28987358455427,5.61863190271008,11638,237.22832900719965,12.700000000000001,0.7689117212797665,72037.4365483774,38816.37398001188,0.018609939951334236,0.018609939951334236,EJU5284_1390
283,3560.064,52.290063497112655,5.622105991811385,11679,237.22832900719965,12.700000000000001,0.7691947547924434,72036.66763665612,38829.27164980838,0.018539865741427443,0.018539865741427443,EJU5284_1390
284,3572.764,52.29025330760893,5.625580110706923,11721,237.22832900719965,12.700000000000001,0.7694865297562479,72035.89844190133,38842.567920751884,0.01847007492760043,0.01847007492760043,EJU5284_1390
285,3585.464,52.29044301604118,5.629054259381181,11763,237.22832900719965,12.700000000000001,0.7697798807303857,72035.12895537158,38855.93638095676,0.018400566503147045,0.018400566503147045,EJU5284_1390
286,3598.164,52.29063262240751,5.6325284378186495,11805,237.22832900719965,12.700000000000001,0.770074809478069,72034.35917549084,38869.37711814449,0.018331339462337684,0.018331339462337684,EJU5284_1390
287,3610.864,52.290822126706,5.636002646003815,11846,237.22832900719965,12.700000000000001,0.7703639615518947,72033.58910068136,38882.55506155356,0.01826239280041969,0.01826239280041969,EJU5284_1390
288,3623.564,52.29101152893474,5.639476883921165,11888,237.22832900719965,12.700000000000001,0.7706620131246826,72032.81873671981,38896.138874175005,0.018193725513617247,0.018193725513617247,EJU5284_1390
289,3636.264,52.291200829091814,5.642951151555184,11930,237.22832900719965,12.700000000000001,0.7709616477379697,72032.04807470669,38909.79522619579,0.01812533659913162,0.01812533659913162,EJU5284_1390
290,3648.964,52.29139002717532,5.646425448890358,11971,237.22832900719965,12.700000000000001,0.771255397332427,72031.27711305895,38923.18384014497,0.018057225055140663,0.018057225055140663,EJU5284_1390
291,3661.664,52.29157912318334,5.64989977591117,12013,237.22832900719965,12.700000000000001,0.7715581652066594,72030.50585766161,38936.98378811573,0.017989389880799476,0.017989389880799476,EJU5284_1390
292,3674.364,52.29176811711396,5.653374132602106,12055,237.22832900719965,12.700000000000001,0.7718625214179244,72029.73429949641,38950.85653996078,0.017921830076240434,0.017921830076240434,EJU5284_1390
293,3687.064,52.29195700896526,5.656848518947646,12096,237.22832900719965,12.700000000000001,0.7721608839071701,72028.962436975,38964.45659215054,0.01785454464257305,0.01785454464257305,EJU5284_1390
294,3699.764,52.29214579873533,5.660322934932274,12138,237.22832900719965,12.700000000000001,0.7724683838735842,72028.19027609109,38978.47346454355,0.01778753258188391,0.01778753258188391,EJU5284_1390
295,3712.464,52.292334486422256,5.663797380540469,12180,237.22832900719965,12.700000000000001,0.7727774775030607,72027.41780770721,38992.56340735924,0.017720792897237096,0.017720792897237096,EJU5284_1390
296,3725.164,52.29252307202411,5.667271855756713,12221,237.22832900719965,12.700000000000001,0.7730804683468415,72026.64503022972,39006.37567150743,0.01765432459267402,0.01765432459267402,EJU5284_1390
297,3737.864,52.29271155553898,5.6707463605654835,12263,237.22832900719965,12.700000000000001,0.7733927162838719,72025.87194976136,39020.61026358068,0.017588126673213567,0.017588126673213567,EJU5284_1390
298,3750.564,52.29289993696494,5.674220894951261,12304,237.22832900719965,12.700000000000001,0.7736987888194298,72025.09855704509,39034.56386135433,0.017522198144852067,0.017522198144852067,EJU5284_1390
299,3763.264,52.29308821630008,5.677695458898521,12346,237.22832900719965,12.700000000000001,0.7740141981025439,72024.32485825627,39048.94345601637,0.017456538014563625,0.017456538014563625,EJU5284_1390
300,3775.964,52.293276393542456,5.681170052391742,12388,237.22832900719965,12.700000000000001,0.7743312099762214,72023.55084405816,39063.39656926537,0.017391145290299937,0.017391145290299937,EJU5284_1390
301,3788.664,52.29346446869016,5.6846446754154005,12430,237.22832900719965,12.700000000000001,0.7746498262531782,72022.77651284818,39077.92329231517,0.01732601898099026,0.01732601898099026,EJU5284_1390
302,3801.364,52.293652441741266,5.68811932795397,12471,237.22832900719965,12.700000000000001,0.7749621205265103,72022.00186302193,39092.16232583098,0.017261158096541777,0.017261158096541777,EJU5284_1390
303,3814.064,52.29384031269384,5.691594009991927,12513,237.22832900719965,12.700000000000001,0.775283912389719,72021.2269009014,39106.83476801305,0.017196561647839618,0.017196561647839618,EJU5284_1390
304,3826.764,52.29402808154596,5.695068721513744,12555,237.22832900719965,12.700000000000001,0.7756073140702004,72020.45161698901,39121.58109285637,0.01713222864674652,0.01713222864674652,EJU5284_1390
305,3839.464,52.2942157482957,5.698543462503894,12596,237.22832900719965,12.700000000000001,0.7759242835882592,72019.67600967493,39136.03469603094,0.017068158106103508,0.017068158106103508,EJU5284_1390
306,3852.164,52.29440331294112,5.702018232946849,12638,237.22832900719965,12.700000000000001,0.7762508715808938,72018.90008539135,39150.927281232616,0.01700434903972959,0.01700434903972959,EJU5284_1390
307,3864.864,52.2945907754803,5.705493032827081,12680,237.22832900719965,12.700000000000001,0.7765790748339112,72018.12383451976,39165.89402409097,0.016940800462421742,0.016940800462421742,EJU5284_1390
308,3877.564,52.29477813591131,5.708967862129061,12721,237.22832900719965,12.700000000000001,0.7769007353961155,72017.34725544493,39180.56299515596,0.016877511389955236,0.016877511389955236,EJU5284_1390
309,3890.264,52.2949653942322,5.712442720837258,12763,237.22832900719965,12.700000000000001,0.7772321357446046,72016.57035470953,39195.67654383239,0.016814878278163362,0.016814878278163362,EJU5284_1390
310,3902.964,52.29515255044105,5.715917608936141,12805,237.22832900719965,12.700000000000001,0.7775651568255886,72015.79312257378,39210.86452731158,0.016752716866219108,0.016752716866219108,EJU5284_1390
311,3915.664,52.29533960453592,5.719392526410178,12846,237.22832900719965,12.700000000000001,0.7778915243155011,72015.01555741696,39225.74967074001,0.016690795598187418,0.016690795598187418,EJU5284_1390
312,3928.364,52.29552655651487,5.722867473243836,12888,237.22832900719965,12.700000000000001,0.7782277533324578,72014.23766589265,39241.085009761744,0.016629113614024048,0.016629113614024048,EJU5284_1390
313,3941.064,52.29571340637597,5.726342449421583,12929,237.22832900719965,12.700000000000001,0.7785572549168687,72013.45943813933,39256.11413345422,0.016567670054534273,0.016567670054534273,EJU5284_1390
314,3953.764,52.29590015411726,5.729817454927884,12971,237.22832900719965,12.700000000000001,0.7788966990990214,72012.6808808844,39271.597195388225,0.016506464061372437,0.016506464061372437,EJU5284_1390
315,3966.464,52.29608679973682,5.733292489747205,13013,237.22832900719965,12.700000000000001,0.7792377731830449,72011.90198418532,39287.15515809637,0.016445494777042113,0.016445494777042113,EJU5284_1390
316,3979.164,52.2962733432327,5.736767553864009,13055,237.22832900719965,12.700000000000001,0.7795804790303054,72011.12274641213,39302.788116415024,0.016384761344896172,0.016384761344896172,EJU5284_1390
317,3991.864,52.29645978460295,5.74024264726276,13096,237.22832900719965,12.700000000000001,0.7799163083612595,72010.3431659331,39318.10804319253,0.016324262909136977,0.016324262909136977,EJU5284_1390
318,4004.564,52.29664612384563,5.743717769927921,13138,237.22832900719965,12.700000000000001,0.7802622439960374,72009.56324962474,39333.889469422844,0.01626399861481628,0.01626399861481628,EJU5284_1390
319,4017.264,52.296832360958796,5.747192921843953,13180,237.22832900719965,12.700000000000001,0.7806098169524132,72008.78298738075,39349.74617495734,0.016203967607835303,0.016203967607835303,EJU5284_1390
320,4029.964,52.29701849594049,5.750668102995319,13221,237.22832900719965,12.700000000000001,0.7809504013629598,72008.0023775638,39365.28472542675,0.0161441690349448,0.0161441690349448,EJU5284_1390
321,4042.664,52.297204528788775,5.7541433133664786,13263,237.22832900719965,12.700000000000001,0.7813012151173524,72007.22142716244,39381.29046158118,0.01611707564643728,0.01611707564643728,EJU5284_1390
322,4055.364,52.29739045950169,5.757618552941891,13305,237.22832900719965,12.700000000000001,0.7816536717801723,72006.44012594732,39397.37176294831,0.01611890192831108,0.01611890192831108,EJU5284_1390
323,4068.064,52.29757628807729,5.761093821706016,13346,237.22832900719965,12.700000000000001,0.7819990274866713,72005.65847227554,39413.129767011254,0.01612058955783642,0.01612058955783642,EJU5284_1390
324,4080.764,52.29776201451361,5.764569119643311,13388,237.22832900719965,12.700000000000001,0.7823547360141023,72004.87647324805,39429.360666098575,0.016122138254315223,0.016122138254315223,EJU5284_1390
325,4093.464,52.297947638808694,5.768044446738235,13430,237.22832900719965,12.700000000000001,0.7827120930651044,72004.09411851203,39445.66741853829,0.016123547737318087,0.016123547737318087,EJU5284_1390
326,4106.164,52.298133160960596,5.771519802975242,13471,237.22832900719965,12.700000000000001,0.7830622363660542,72003.31140641897,39461.64571257139,0.016124817726683886,0.016124817726683886,EJU5284_1390
327,4118.864,52.29831858096735,5.774995188338791,13513,237.22832900719965,12.700000000000001,0.783422856404044,72002.5283441826,39478.102634256094,0.016125947942520435,0.016125947942520435,EJU5284_1390
328,4131.564,52.29850389882699,5.778470602813336,13555,237.22832900719965,12.700000000000001,0.783785130608901,72001.7449213262,39494.6356996806,0.016126938105203888,0.016126938105203888,EJU5284_1390
329,4144.264,52.29868911453757,5.7819460463833305,13596,237.22832900719965,12.700000000000001,0.784140077884464,72000.96113619559,39510.83512658326,0.01612778793537922,0.01612778793537922,EJU5284_1390
330,4156.964,52.298874228097105,5.785421519033229,13638,237.22832900719965,12.700000000000001,0.7845056262541366,72000.1769961177,39527.518937234774,0.016128497153959923,0.016128497153959923,EJU5284_1390
331,4169.664,52.29905923950364,5.788897020747485,13679,237.22832900719965,12.700000000000001,0.7848637723323644,71999.39249049145,39543.865659328054,0.01612906548212824,0.01612906548212824,EJU5284_1390
332,4182.364,52.29924414875521,5.79237255151055,13721,237.22832900719965,12.700000000000001,0.7852326023190497,71998.60762671911,39560.700600117685,0.016129492641335057,0.016129492641335057,EJU5284_1390
333,4195.064,52.29942895584984,5.795848111306877,13763,237.22832900719965,12.700000000000001,0.785603095924799,71997.8223941168,39577.61217286896,0.016129778353299817,0.016129778353299817,EJU5284_1390
334,4207.764,52.29961366078557,5.799323700120915,13805,237.22832900719965,12.700000000000001,0.7859752550677674,71997.03679102087,39594.60047694482,0.016129922340010885,0.016129922340010885,EJU5284_1390
335,4220.464,52.29979826356041,5.802799317937115,13846,237.22832900719965,12.700000000000001,0.7863398597573665,71996.2508157658,39611.2447246268,0.016129924323725335,0.016129924323725335,EJU5284_1390
336,4233.164,52.2999827641724,5.806274964739926,13888,237.22832900719965,12.700000000000001,0.786715315585754,71995.46447590605,39628.384939398056,0.016129784026968956,0.016129784026968956,EJU5284_1390
337,4245.864,52.30016716261955,5.809750640513797,13929,237.22832900719965,12.700000000000001,0.787083141079687,71994.67776059046,39645.177622023264,0.01613002257449886,0.01613002257449886,EJU5284_1390
338,4258.564,52.3003514588999,5.813226345243176,13971,237.22832900719965,12.700000000000001,0.78746190111821,71993.89067744938,39662.47013842286,0.01613023090529696,0.01613023090529696,EJU5284_1390
339,4271.264,52.30053565301146,5.816702078912509,14013,237.22832900719965,12.700000000000001,0.7878423362381373,71993.10321554827,39679.83988200747,0.01613031558044776,0.01613031558044776,EJU5284_1390
340,4283.964,52.30071974495225,5.8201778415062435,14055,237.22832900719965,12.700000000000001,0.7882244483760643,71992.31537321203,39697.28695369405,0.016130276352278032,0.016130276352278032,EJU5284_1390
341,4296.664,52.30090373472028,5.823653633008826,14096,237.22832900719965,12.700000000000001,0.788598776967361,71991.52714876365,39714.37947324317,0.016130112973351558,0.016130112973351558,EJU5284_1390
342,4309.364,52.301087622313574,5.827129453404701,14138,237.22832900719965,12.700000000000001,0.7889842085287067,71990.73854998668,39731.979639322715,0.016129825196469286,0.016129825196469286,EJU5284_1390
343,4322.064,52.30127140773014,5.830605302678312,14180,237.22832900719965,12.700000000000001,0.7893713228893517,71989.94956577815,39749.65743538297,0.01612941277466943,0.01612941277466943,EJU5284_1390
344,4334.764,52.301455090967984,5.8340811808141035,14221,237.22832900719965,12.700000000000001,0.7897505385626584,71989.16019445527,39766.97540184687,0.016128875461227488,0.016128875461227488,EJU5284_1390
345,4347.464,52.30163867202512,5.837557087796519,14263,237.22832900719965,12.700000000000001,0.7901409837962261,71988.3704439167,39784.8068910698,0.016128213009655966,0.016128213009655966,EJU5284_1390
346,4360.164,52.301822150899554,5.84103302361,14304,237.22832900719965,12.700000000000001,0.7905234536717467,71987.58030293291,39802.27503560352,0.016127425173704763,0.016127425173704763,EJU5284_1390
347,4372.864,52.30200552758929,5.844508988238988,14346,237.22832900719965,12.700000000000001,0.7909172374097138,71986.78977947924,39820.26061812403,0.016126511707361034,0.016126511707361034,EJU5284_1390
348,4385.564,52.302188802092324,5.847984981667924,14388,237.22832900719965,12.700000000000001,0.7913127136265796,71985.99886224183,39838.324338157945,0.016125472364849163,0.016125472364849163,EJU5284_1390
349,4398.264,52.30237197440667,5.851461003881249,14430,237.22832900719965,12.700000000000001,0.7917098842860637,71985.2075495282,39856.46629899695,0.0161243069006308,0.0161243069006308,EJU5284_1390
350,4410.964,52.302555044530315,5.8549370548634005,14471,237.22832900719965,12.700000000000001,0.7920989247774057,71984.41583964392,39874.23781536638,0.01612301506940498,0.01612301506940498,EJU5284_1390
351,4423.664,52.30273801246126,5.85841313459882,14513,237.22832900719965,12.700000000000001,0.7924994493676216,71983.62374071914,39892.5346809217,0.01612159662610803,0.01612159662610803,EJU5284_1390
352,4436.364,52.3029208781975,5.861889243071944,14554,237.22832900719965,12.700000000000001,0.7928917665851258,71982.83124126977,39910.457560167015,0.016120051325913685,0.016120051325913685,EJU5284_1390
353,4449.064,52.30310364173702,5.865365380267209,14596,237.22832900719965,12.700000000000001,0.7932956528072213,71982.03834950319,39928.90973682306,0.016118378924232894,0.016118378924232894,EJU5284_1390
354,4461.764,52.30328630307781,5.868841546169055,14638,237.22832900719965,12.700000000000001,0.7937012432399091,71981.24505385038,39947.44066974428,0.016116579176714062,0.016116579176714062,EJU5284_1390
355,4474.464,52.30346886221786,5.872317740761916,14679,237.22832900719965,12.700000000000001,0.7940985096861641,71980.45135260714,39965.59226509313,0.016114651839243044,0.016114651839243044,EJU5284_1390
356,4487.164,52.30365131915516,5.875793964030228,14721,237.22832900719965,12.700000000000001,0.794507473392438,71979.65725409746,39984.27912512875,0.016112596667942958,0.016112596667942958,EJU5284_1390
357,4499.864,52.30383367388768,5.879270215958425,14763,237.22832900719965,12.700000000000001,0.794918147214422,71978.86274662407,40003.045054418624,0.01611041341917442,0.01611041341917442,EJU5284_1390
358,4512.564,52.304015926413406,5.8827464965309435,14805,237.22832900719965,12.700000000000001,0.7953305331422247,71978.06782847685,40021.8901586828,0.016108101849535542,0.016108101849535542,EJU5284_1390
359,4525.264,52.304198076730316,5.886222805732215,14846,237.22832900719965,12.700000000000001,0.7957344386487151,71977.2724979437,40040.3487439016,0.016105661715861756,0.016105661715861756,EJU5284_1390
360,4537.964,52.304380124836385,5.8896991435466735,14888,237.22832900719965,12.700000000000001,0.7961502134837226,71976.47676350505,40059.35060577405,0.01610309277522602,0.01610309277522602,EJU5284_1390
361,4550.664,52.30456207072959,5.89317550995875,14929,237.22832900719965,12.700000000000001,0.796557429880977,71975.68061329157,40077.962365843276,0.01610039478493876,0.01610039478493876,EJU5284_1390
362,4563.364,52.304743914407894,5.896651904952877,14971,237.22832900719965,12.700000000000001,0.7969766014263233,71974.88405586168,40097.121401259246,0.01609756750254794,0.01609756750254794,EJU5284_1390
363,4576.064,52.30492565586927,5.900128328513485,15013,237.22832900719965,12.700000000000001,0.7973974949748197,71974.08707926025,40116.360139224416,0.01609461068583902,0.01609461068583902,EJU5284_1390
364,4588.764,52.305107295111675,5.903604780625005,15055,237.22832900719965,12.700000000000001,0.7978201125337134,71973.28968176528,40135.678687108244,0.016091567626525104,0.016091567626525104,EJU5284_1390
365,4601.464,52.30528883213308,5.907081261271866,15096,237.22832900719965,12.700000000000001,0.7982340141219817,71972.49186165274,40154.59989617524,0.016089126016646506,0.016089126016646506,EJU5284_1390
366,4614.164,52.305470266931444,5.910557770438498,15138,237.22832900719965,12.700000000000001,0.7986600441594442,71971.69362763863,40174.07646105263,0.016086571442642902,0.016086571442642902,EJU5284_1390
367,4626.864,52.30565159950472,5.914034308109328,15179,237.22832900719965,12.700000000000001,0.799077279661262,71970.89496759446,40193.152076536855,0.01608390368689197,0.01608390368689197,EJU5284_1390
368,4639.564,52.305832829850864,5.917510874268785,15221,237.22832900719965,12.700000000000001,0.7995067300465626,71970.0958903148,40212.78708083019,0.01608112253198229,0.01608112253198229,EJU5284_1390
369,4652.264,52.30601395796783,5.920987468901297,15263,237.22832900719965,12.700000000000001,0.7999379144234804,71969.29638358475,40232.50243084581,0.016078227760713375,0.016078227760713375,EJU5284_1390
370,4664.964,52.306194983853565,5.924464091991288,15304,237.22832900719965,12.700000000000001,0.8003601855928537,71968.49644567033,40251.811376002486,0.016075219156095645,0.016075219156095645,EJU5284_1390
371,4677.664,52.306375907506016,5.927940743523186,15346,237.22832900719965,12.700000000000001,0.8007948022101643,71967.69608548474,40271.68580575296,0.01607209650135067,0.01607209650135067,EJU5284_1390
372,4690.364,52.30655672892313,5.931417423481416,15388,237.22832900719965,12.700000000000001,0.8012311588504486,71966.89529068253,40291.64090656305,0.016068859579910878,0.016068859579910878,EJU5284_1390
373,4703.064,52.306737448102844,5.9348941318504025,15430,237.22832900719965,12.700000000000001,0.801669257545899,71966.09405952368,40311.67678832304,0.016065508175419664,0.016065508175419664,EJU5284_1390
374,4715.764,52.3069180650431,5.93837086861457,15471,237.22832900719965,12.700000000000001,0.8020982838319684,71965.29239026613,40331.29894324881,0.016062042071731595,0.016062042071731595,EJU5284_1390
375,4728.464,52.307098579741826,5.941847633758343,15513,237.22832900719965,12.700000000000001,0.8025398307319853,71964.49029198229,40351.4947679953,0.016058461052912233,0.016058461052912233,EJU5284_1390
376,4741.164,52.307278992196956,5.945324427266143,15554,237.22832900719965,12.700000000000001,0.8029722258238623,71963.68775215156,40371.27321277702,0.016055133888697778,0.016055133888697778,EJU5284_1390
377,4753.864,52.30745930240642,5.9488012491223925,15596,237.22832900719965,12.700000000000001,0.8034172288938317,71962.88477992573,40391.62941284719,0.016056559839273198,0.016056559839273198,EJU5284_1390
378,4766.564,52.30763951036815,5.952278099311514,15638,237.22832900719965,12.700000000000001,0.8038639841221054,71962.08136269684,40412.066942247606,0.016057790133788347,0.016057790133788347,EJU5284_1390
379,4779.264,52.30781961608005,5.955754977817929,15680,237.22832900719965,12.700000000000001,0.804312493556951,71961.27749871272,40432.58591258091,0.016058824572117283,0.016058824572117283,EJU5284_1390
380,4791.964,52.30799961954006,5.959231884626057,15721,237.22832900719965,12.700000000000001,0.8047516908546843,71960.47318621917,40452.680123213104,0.01605966295431199,0.01605966295431199,EJU5284_1390
381,4804.664,52.308179520746094,5.962708819720319,15763,237.22832900719965,12.700000000000001,0.8052036725499292,71959.66843452831,40473.36034557263,0.01606030508060255,0.01606030508060255,EJU5284_1390
382,4817.364,52.30835931969605,5.966185783085136,15804,237.22832900719965,12.700000000000001,0.805646262146309,71958.86323085576,40493.6121261703,0.01606075075139729,0.01606075075139729,EJU5284_1390
383,4830.064,52.308539016387854,5.969662774704925,15846,237.22832900719965,12.700000000000001,0.8061017241291706,71958.05758459361,40514.454039628385,0.016060999767282397,0.016060999767282397,EJU5284_1390
384,4842.764,52.308718610819405,5.973139794564105,15888,237.22832900719965,12.700000000000001,0.8065589505001729,71957.25148286948,40535.37795094307,0.01606105192902231,0.01606105192902231,EJU5284_1390
385,4855.464,52.30889810298861,5.976616842647094,15929,237.22832900719965,12.700000000000001,0.8070066639877884,71956.44492391899,40555.867856661156,0.016060907037559524,0.016060907037559524,EJU5284_1390
386,4868.164,52.309077492893366,5.9800939189383095,15971,237.22832900719965,12.700000000000001,0.8074673827739967,71955.637917255,40576.95412462704,0.01606056489401464,0.01606056489401464,EJU5284_1390
387,4880.864,52.30925678053157,5.983571023422169,16013,237.22832900719965,12.700000000000001,0.8079298720977852,71954.83044987221,40598.12272860719,0.0160600252996865,0.0160600252996865,EJU5284_1390
388,4893.564,52.309435965901116,5.987048156083087,16055,237.22832900719965,12.700000000000001,0.808394134030616,71954.02252000012,40619.37378282157,0.016059288056051984,0.016059288056051984,EJU5284_1390
389,4906.264,52.309615048999895,5.99052531690548,16096,237.22832900719965,12.700000000000001,0.8088487210389426,71953.21412586608,40640.18336334738,0.01605835296476618,0.01605835296476618,EJU5284_1390
390,4918.964,52.30979402982579,5.994002505873765,16138,237.22832900719965,12.700000000000001,0.8093164916596252,71952.40527714505,40661.59767147538,0.016057219827662384,0.016057219827662384,EJU5284_1390
391,4931.664,52.309972908376686,5.997479722972355,16179,237.22832900719965,12.700000000000001,0.8097745065389708,71951.59596065339,40682.56677960058,0.016055888446751945,0.016055888446751945,EJU5284_1390
392,4944.364,52.31015168465046,6.0009569681856645,16221,237.22832900719965,12.700000000000001,0.8102457939637575,71950.78618614684,40704.144791009436,0.01605464336201908,0.01605464336201908,EJU5284_1390
393,4957.064,52.31033035864498,6.004434241498108,16263,237.22832900719965,12.700000000000001,0.8107188642920886,71949.97594035287,40725.80582263517,0.016054003582687156,0.016054003582687156,EJU5284_1390
394,4969.764,52.31050893035814,6.007911542894098,16305,237.22832900719965,12.700000000000001,0.8111937196102266,71949.16522148858,40747.5499904759,0.016053202387853894,0.016053202387853894,EJU5284_1390
395,4982.464,52.31068739978779,6.011388872358047,16346,237.22832900719965,12.700000000000001,0.8116586559903958,71948.35402776898,40768.84143015527,0.01605223956975496,0.01605223956975496,EJU5284_1390
396,4995.164,52.31086576693179,6.014866229874369,16388,237.22832900719965,12.700000000000001,0.812137044501527,71947.54236911298,40790.75021250673,0.016051114920815915,0.016051114920815915,EJU5284_1390
397,5007.864,52.31104403178801,6.018343615427473,16429,237.22832900719965,12.700000000000001,0.8126054326808503,71946.73023206848,40812.20251029795,0.016049828233652145,0.016049828233652145,EJU5284_1390
398,5020.564,52.3112221943543,6.021821029001773,16471,237.22832900719965,12.700000000000001,0.8130873625578958,71945.9176266358,40834.276363521436,0.01604837930106893,0.01604837930106893,EJU5284_1390
399,5033.264,52.311400254628516,6.025298470581678,16513,237.22832900719965,12.700000000000001,0.8135710877911304,71945.10453927323,40856.433931814376,0.01604676791606158,0.01604676791606158,EJU5284_1390
400,5045.964,52.31157821260851,6.028775940151599,16555,237.22832900719965,12.700000000000001,0.8140566104810394,71944.29096818544,40878.675332980165,0.016044993871815207,0.016044993871815207,EJU5284_1390
401,5058.664,52.31175606829212,6.032253437695946,16596,237.22832900719965,12.700000000000001,0.8145319684759083,71943.47691157495,40900.452660413706,0.016043056961705007,0.016043056961705007,EJU5284_1390
402,5071.364,52.31193382167718,6.0357309631991285,16638,237.22832900719965,12.700000000000001,0.8150210490323369,71942.66237960648,40922.86005786181,0.01604095697929613,0.01604095697929613,EJU5284_1390
403,5084.064,52.312111472761536,6.039208516645555,16680,237.22832900719965,12.700000000000001,0.815511933310056,71941.84735855745,40945.351640566405,0.01603869371834353,0.01603869371834353,EJU5284_1390
404,5096.764,52.312289021543016,6.042686098019635,16721,237.22832900719965,12.700000000000001,0.8159925293552213,71941.03184662414,40967.37344214395,0.016036266972792333,0.016036266972792333,EJU5284_1390
405,5109.464,52.312466468019444,6.046163707305775,16763,237.22832900719965,12.700000000000001,0.8164869838971438,71940.21585409479,40990.031720057894,0.01603367653677758,0.01603367653677758,EJU5284_1390
406,5122.164,52.31264381218865,6.049641344488384,16805,237.22832900719965,12.700000000000001,0.8169832484451431,71939.39936711089,41012.77453834262,0.01603092220462431,0.01603092220462431,EJU5284_1390
407,5134.864,52.312821054048435,6.053119009551868,16846,237.22832900719965,12.700000000000001,0.8174691007810533,71938.58238386245,41035.04184479102,0.01602800377084765,0.01602800377084765,EJU5284_1390
408,5147.564,52.31299819359663,6.056596702480635,16888,237.22832900719965,12.700000000000001,0.817968948030309,71937.76491476166,41057.95206262747,0.01602492103015266,0.01602492103015266,EJU5284_1390
409,5160.264,52.313175230831035,6.060074423259092,16930,237.22832900719965,12.700000000000001,0.8184706115901113,71936.94694581363,41080.94717870046,0.01602167377743447,0.01602167377743447,EJU5284_1390
410,5172.964,52.31335216574946,6.063552171871644,16971,237.22832900719965,12.700000000000001,0.8189617385142653,71936.12847520204,41103.46102873049,0.016018261807778347,0.016018261807778347,EJU5284_1390
411,5185.664,52.313528998349696,6.067029948302696,17013,237.22832900719965,12.700000000000001,0.8194669972507744,71935.30951346352,41126.62425415427,0.016014684916459514,0.016014684916459514,EJU5284_1390
412,5198.364,52.31370572862955,6.0705077525366535,17054,237.22832900719965,12.700000000000001,0.819961636491567,71934.49004646628,41149.302379834626,0.01601094289894329,0.01601094289894329,EJU5284_1390
413,5211.064,52.3138823565868,6.0739855845579225,17096,237.22832900719965,12.700000000000001,0.8204704987088391,71933.67008482979,41172.63418892674,0.016007035550885177,0.016007035550885177,EJU5284_1390
414,5223.764,52.31405888221924,6.077463444350907,17138,237.22832900719965,12.700000000000001,0.8209811877693796,71932.84961433108,41196.051497887274,0.016002962668130664,0.016002962668130664,EJU5284_1390
415,5236.464,52.314235305524655,6.080941331900011,17180,237.22832900719965,12.700000000000001,0.821493705806442,71932.0286331433,41219.55442915447,0.015998724046715384,0.015998724046715384,EJU5284_1390
416,5249.164,52.31441162650081,6.084419247189637,17221,237.22832900719965,12.700000000000001,0.8219954370207425,71931.2071394375,41242.56451473467,0.015994319482865144,0.015994319482865144,EJU5284_1390
417,5261.864,52.314587845145475,6.08789719020419,17263,237.22832900719965,12.700000000000001,0.8225115752965473,71930.38514400048,41266.236991487945,0.01598974877299581,0.01598974877299581,EJU5284_1390
418,5274.564,52.31476396145642,6.091375160928073,17305,237.22832900719965,12.700000000000001,0.8230295489093278,71929.56263242518,41289.9954567948,0.01598501171371346,0.01598501171371346,EJU5284_1390
419,5287.264,52.31493997543141,6.094853159345687,17346,237.22832900719965,12.700000000000001,0.823536609931893,71928.73960287627,41313.255250604816,0.015980108101814286,0.015980108101814286,EJU5284_1390
420,5299.964,52.31511588706819,6.098331185441436,17388,237.22832900719965,12.700000000000001,0.8240582163678929,71927.91606626635,41337.18398781836,0.015975682556584207,0.015975682556584207,EJU5284_1390
421,5312.664,52.31529169636451,6.101809239199722,17430,237.22832900719965,12.700000000000001,0.8245816645189046,71927.09200804998,41361.19908266899,0.015971817025583326,0.015971817025583326,EJU5284_1390
422,5325.364,52.31546740331812,6.105287320604945,17471,237.22832900719965,12.700000000000001,0.8250940738604142,71926.26742638546,41384.70965597016,0.01596781477419593,0.01596781477419593,EJU5284_1390
423,5338.064,52.31564300792675,6.108765429641508,17513,237.22832900719965,12.700000000000001,0.8256211674533,71925.44233231159,41408.89575477376,0.01596367559483327,0.01596367559483327,EJU5284_1390
424,5350.764,52.315818510188144,6.112243566293812,17555,237.22832900719965,12.700000000000001,0.8261501091562495,71924.61671114413,41433.168583156315,0.01595939928010272,0.01595939928010272,EJU5284_1390
425,5363.464,52.31599391010002,6.115721730546258,17596,237.22832900719965,12.700000000000001,0.8266678853766762,71923.79056103497,41456.93101550401,0.015954985622807633,0.015954985622807633,EJU5284_1390
426,5376.164,52.3161692076601,6.119199922383245,17638,237.22832900719965,12.700000000000001,0.827200485173192,71922.96389314959,41481.37558555458,0.01595043441594735,0.01595043441594735,EJU5284_1390
427,5388.864,52.31634440286611,6.122678141789176,17679,237.22832900719965,12.700000000000001,0.8277218351282671,71922.13669266441,41505.305845490206,0.01594574545271731,0.01594574545271731,EJU5284_1390
428,5401.564,52.316519495715745,6.126156388748448,17721,237.22832900719965,12.700000000000001,0.8282581014363868,71921.30897082928,41529.92265017971,0.01594091852650898,0.01594091852650898,EJU5284_1390
429,5414.264,52.31669448620672,6.1296346632454615,17763,237.22832900719965,12.700000000000001,0.8287962265318718,71920.48071272785,41554.62680974172,0.015935953430909894,0.015935953430909894,EJU5284_1390
430,5426.964,52.31686937433673,6.133112965264617,17805,237.22832900719965,12.700000000000001,0.8293362125762058,71919.65191650132,41579.41845142954,0.01593084995970367,0.01593084995970367,EJU5284_1390
431,5439.664,52.31704416010347,6.136591294790313,17846,237.22832900719965,12.700000000000001,0.829864778423296,71918.82258028875,41603.68787404595,0.01592560790687002,0.01592560790687002,EJU5284_1390
432,5452.364,52.31721884350462,6.140069651806949,17888,237.22832900719965,12.700000000000001,0.8304084479589546,71917.99271551032,41628.652750012865,0.0158782591419779,0.0158782591419779,EJU5284_1390
433,5465.064,52.31739342453786,6.143548036298924,17930,237.22832900719965,12.700000000000001,0.8309539848859702,71917.16230706236,41653.70548875504,0.015807141268644194,0.015807141268644194,EJU5284_1390
434,5477.764,52.31756790320087,6.147026448250635,17971,237.22832900719965,12.700000000000001,0.8314879735703733,71916.33135307748,41678.23005948776,0.01573631922626496,0.01573631922626496,EJU5284_1390
435,5490.464,52.3177422794913,6.150504887646481,18013,237.22832900719965,12.700000000000001,0.832037206732317,71915.4998651039,41703.45678749326,0.015665793199734802,0.015665793199734802,EJU5284_1390
436,5503.164,52.317916553406825,6.153983354470862,18055,237.22832900719965,12.700000000000001,0.832588313742685,71914.66782789717,41728.77176187078,0.015595563373747292,0.015595563373747292,EJU5284_1390
437,5515.864,52.318090724945094,6.157461848708174,18096,237.22832900719965,12.700000000000001,0.8331277440039906,71913.83523958342,41753.55259409354,0.015525629932795132,0.015525629932795132,EJU5284_1390
438,5528.564,52.31826479410375,6.160940370342814,18138,237.22832900719965,12.700000000000001,0.8336825600210047,71913.00211183942,41779.04231856397,0.015455993061170044,0.015455993061170044,EJU5284_1390
439,5541.264,52.31843876088043,6.164418919359182,18180,237.22832900719965,12.700000000000001,0.8342392563574095,71912.1684292794,41804.62067597324,0.015386652942962653,0.015386652942962653,EJU5284_1390
440,5553.964,52.31861262527278,6.167897495741674,18221,237.22832900719965,12.700000000000001,0.8347841469754502,71911.33419002303,41829.65889167781,0.015317609762062671,0.015317609762062671,EJU5284_1390
441,5566.664,52.31878638727841,6.1713760994746885,18263,237.22832900719965,12.700000000000001,0.8353445651170055,71910.49940587605,41855.412765899964,0.015248863702158754,0.015248863702158754,EJU5284_1390
442,5579.364,52.318960046894944,6.174854730542622,18304,237.22832900719965,12.700000000000001,0.8358930916516816,71909.66406131093,41880.62250076005,0.015180414946738505,0.015180414946738505,EJU5284_1390
443,5592.064,52.31913360412,6.178333388929872,18346,237.22832900719965,12.700000000000001,0.8364572401103638,71908.82816821928,41906.55240414766,0.015112263679088496,0.015112263679088496,EJU5284_1390
444,5604.764,52.31930705895117,6.181812074620835,18388,237.22832900719965,12.700000000000001,0.8370232796848966,71907.99171097917,41932.57159035337,0.015044410082294275,0.015044410082294275,EJU5284_1390
445,5617.464,52.31948041138605,6.185290787599907,18430,237.22832900719965,12.700000000000001,0.8375912125597049,71907.15468769948,41958.68019163376,0.014976854339240281,0.014976854339240281,EJU5284_1390
446,5630.164,52.319653661422244,6.188769527851487,18471,237.22832900719965,12.700000000000001,0.8381470803820439,71906.31709648692,41984.23657509841,0.014909596632609844,0.014909596632609844,EJU5284_1390
447,5642.864,52.31982680905732,6.1922482953599705,18513,237.22832900719965,12.700000000000001,0.8387187607338709,71905.47894940653,42010.522244485444,0.014842637144885228,0.014842637144885228,EJU5284_1390
448,5655.564,52.31999985428885,6.195727090109754,18555,237.22832900719965,12.700000000000001,0.8392923408944679,71904.6402306458,42036.89772456264,0.014776675503871278,0.014776675503871278,EJU5284_1390
449,5668.264,52.32017279711441,6.199205912085235,18596,237.22832900719965,12.700000000000001,0.8398537256344036,71903.8009383049,42062.71490986093,0.014711300029274118,0.014711300029274118,EJU5284_1390
450,5680.964,52.320345637531545,6.20268476127081,18638,237.22832900719965,12.700000000000001,0.8404310661425278,71902.96108457928,42089.26824271073,0.014646188971829304,0.014646188971829304,EJU5284_1390
451,5693.664,52.32051837553781,6.206163637650874,18680,237.22832900719965,12.700000000000001,0.8410103129789677,71902.12065351314,42115.91178492921,0.014581342498067588,0.014581342498067588,EJU5284_1390
452,5706.364,52.32069101113074,6.209642541209827,18721,237.22832900719965,12.700000000000001,0.8415772335569132,71901.27964320016,42141.99092919626,0.014516760774335976,0.014516760774335976,EJU5284_1390
453,5719.064,52.320863544307876,6.213121471932062,18763,237.22832900719965,12.700000000000001,0.8421602536324659,71900.4380659666,42168.81311492825,0.014452443966797703,0.014452443966797703,EJU5284_1390
454,5731.764,52.321035975066735,6.216600429801978,18805,237.22832900719965,12.700000000000001,0.8427451865661657,71899.59590571298,42195.72591179426,0.014388392241432272,0.014388392241432272,EJU5284_1390
455,5744.464,52.32120830340484,6.22007941480397,18846,237.22832900719965,12.700000000000001,0.8433176619322793,71898.75316052641,42222.06818112183,0.014324605764035296,0.014324605764035296,EJU5284_1390
456,5757.164,52.32138052931968,6.223558426922436,18888,237.22832900719965,12.700000000000001,0.8439063810162217,71897.90984286448,42249.16041836431,0.0142610847002187,0.0142610847002187,EJU5284_1390
457,5769.864,52.321552652808776,6.227037466141772,18929,237.22832900719965,12.700000000000001,0.8444825550859836,71897.06593648346,42275.67804351099,0.01419782921541048,0.01419782921541048,EJU5284_1390
458,5782.564,52.321724673869596,6.230516532446375,18971,237.22832900719965,12.700000000000001,0.8450750689028252,71896.22145392837,42302.950253625364,0.014134839474854922,0.014134839474854922,EJU5284_1390
459,5795.264,52.321896592499634,6.233995625820642,19013,237.22832900719965,12.700000000000001,0.8456695064639306,71895.37637885947,42330.31375030439,0.014072115643612337,0.014072115643612337,EJU5284_1390
460,5807.964,52.32206840869635,6.23747474624897,19055,237.22832900719965,12.700000000000001,0.8462658699705332,71894.530709353,42357.76867100475,0.014009657886559295,0.014009657886559295,EJU5284_1390
461,5820.664,52.32224012245721,6.240953893715756,19096,237.22832900719965,12.700000000000001,0.8468495118712818,71893.68444348303,42384.640724920595,0.013947466368388495,0.013947466368388495,EJU5284_1390
462,5833.364,52.32241173377966,6.244433068205397,19138,237.22832900719965,12.700000000000001,0.8474496874026625,71892.83759397116,42412.276698280395,0.013885541253608703,0.013885541253608703,EJU5284_1390
463,5846.064,52.322583242661146,6.247912269702291,19180,237.22832900719965,12.700000000000001,0.8480517954354161,71891.99014428376,42440.00450683208,0.013823882706544801,0.013823882706544801,EJU5284_1390
464,5858.764,52.322754649099096,6.251391498190835,19221,237.22832900719965,12.700000000000001,0.8486410491300838,71891.14209248833,42467.14323852235,0.013762490891337843,0.013762490891337843,EJU5284_1390
465,5871.464,52.32292595309093,6.254870753655427,19263,237.22832900719965,12.700000000000001,0.84924698214773,71890.2934514392,42495.052915249864,0.013701365971944914,0.013701365971944914,EJU5284_1390
466,5884.164,52.32309715463406,6.258350036080466,19305,237.22832900719965,12.700000000000001,0.8498548542296243,71889.44420445705,42523.054841523815,0.013640508112139176,0.013640508112139176,EJU5284_1390
467,5896.864,52.323268253725885,6.261829345450349,19346,237.22832900719965,12.700000000000001,0.8504497387638206,71888.59434960282,42550.4614536086,0.01357991747550992,0.01357991747550992,EJU5284_1390
468,5909.564,52.3234392503638,6.265308681749474,19388,237.22832900719965,12.700000000000001,0.8510614488036807,71887.74389986406,42578.64606988973,0.013519594225462395,0.013519594225462395,EJU5284_1390
469,5922.264,52.32361014454518,6.268788044962241,19430,237.22832900719965,12.700000000000001,0.8516751044767847,71886.89283841525,42606.92335328077,0.013459538525217925,0.013459538525217925,EJU5284_1390
470,5934.964,52.32378093626739,6.272267435073048,19471,237.22832900719965,12.700000000000001,0.85227563891376,71886.04116331077,42634.59905769084,0.013399750537813924,0.013399750537813924,EJU5284_1390
471,5947.664,52.32395162552779,6.275746852066295,19513,237.22832900719965,12.700000000000001,0.8528931455291002,71885.18888767186,42663.05985928474,0.013340230426103779,0.013340230426103779,EJU5284_1390
472,5960.364,52.32412221232373,6.279226295926381,19554,237.22832900719965,12.700000000000001,0.8534974418778651,71884.33599452634,42690.91490698722,0.013280978352756854,0.013280978352756854,EJU5284_1390
473,5973.064,52.32429269665254,6.282705766637705,19596,237.22832900719965,12.700000000000001,0.8541188080619422,71883.48249708446,42719.5597802181,0.013221994480258542,0.013221994480258542,EJU5284_1390
474,5985.764,52.32446307851154,6.286185264184669,19638,237.22832900719965,12.700000000000001,0.8547421308209924,71882.62837827641,42748.29802255039,0.013163278970910266,0.013163278970910266,EJU5284_1390
475,5998.464,52.32463335789805,6.289664788551673,19680,237.22832900719965,12.700000000000001,0.8553674123659887,71881.77363614559,42777.12977684666,0.013104831986829303,0.013104831986829303,EJU5284_1390
476,6011.164,52.32480353480936,6.293144339723117,19721,237.22832900719965,12.700000000000001,0.8559793038559889,71880.91826873322,42805.347339324864,0.01263135081231655,0.01263135081231655,EJU5284_1390
477,6023.864,52.32497360924277,6.296623917683403,19763,237.22832900719965,12.700000000000001,0.8566084623380448,71880.06228942936,42834.36428750763,0.012114638347515675,0.012114638347515675,EJU5284_1390
478,6036.564,52.32514358119554,6.300103522416934,19805,237.22832900719965,12.700000000000001,0.8572395861878686,71879.20568096702,42863.47517499579,0.01160154979991243,0.01160154979991243,EJU5284_1390
479,6049.264,52.32531345066494,6.30358315390811,19846,237.22832900719965,12.700000000000001,0.8578571848495975,71878.34844138083,42891.965522186285,0.011092085803129988,0.011092085803129988,EJU5284_1390
480,6061.964,52.32548321764822,6.307062812141336,19888,237.22832900719965,12.700000000000001,0.8584921986432592,71877.49058419598,42921.262451149814,0.010586246989970368,0.010586246989970368,EJU5284_1390
481,6074.664,52.32565288214261,6.310542497101013,19930,237.22832900719965,12.700000000000001,0.8591291843888549,71876.63209199734,42950.65375007063,0.010084033992414428,0.010084033992414428,EJU5284_1390
482,6087.364,52.325822444145345,6.314022208771546,19971,237.22832900719965,12.700000000000001,0.8597525093291054,71875.77296281295,42979.41813188076,0.009585447441621812,0.009585447441621812,EJU5284_1390
483,6100.064,52.32599190365362,6.31750194713734,20013,237.22832900719965,12.700000000000001,0.8603933980289553,71874.91321030361,43008.99632643178,0.009090487967930869,0.009090487967930869,EJU5284_1390
484,6112.764,52.32616126066464,6.320981712182799,20055,237.22832900719965,12.700000000000001,0.8610362652662449,71874.05281690558,43038.66932492857,0.008599156200858661,0.008599156200858661,EJU5284_1390
485,6125.464,52.326330515175584,6.324461503892327,20096,237.22832900719965,12.700000000000001,0.861665335595563,71873.1917806403,43067.70900094657,0.00811145276910067,0.00811145276910067,EJU5284_1390
486,6138.164,52.326499667183626,6.327941322250332,20138,237.22832900719965,12.700000000000001,0.862312118799142,71872.3301153047,43097.56975584598,0.007627378300530896,0.007627378300530896,EJU5284_1390
487,6150.864,52.326668716685916,6.331421167241221,20179,237.22832900719965,12.700000000000001,0.8629450144578739,71871.46780318591,43126.79291941353,0.00715266044483649,0.00715266044483649,EJU5284_1390
488,6163.564,52.32683766367959,6.3349010388494,20221,237.22832900719965,12.700000000000001,0.8635957222672681,71870.60485817146,43156.8420059205,0.006699129360458868,0.006699129360458868,EJU5284_1390
489,6176.264,52.32700650816178,6.338380937059277,20263,237.22832900719965,12.700000000000001,0.864248419572359,71869.74126244918,43186.986625981575,0.0062460634492387335,0.0062460634492387335,EJU5284_1390
490,6188.964,52.327175250129585,6.341860861855262,20305,237.22832900719965,12.700000000000001,0.8649031085857424,71868.87701402961,43217.22692808017,0.005793461159189324,0.005793461159189324,EJU5284_1390
491,6201.664,52.327343889580106,6.345340813221764,20346,237.22832900719965,12.700000000000001,0.8655437270251005,71868.01211092103,43246.82101040284,0.005341320940086228,0.005341320940086228,EJU5284_1390
492,6214.364,52.327512426510424,6.348820791143193,20388,237.22832900719965,12.700000000000001,0.8662023580253488,71867.14656719401,43277.25081051033,0.00488964124346755,0.00488964124346755,EJU5284_1390
493,6227.064,52.327680860917596,6.35230079560396,20430,237.22832900719965,12.700000000000001,0.866862987317081,71866.28036483598,43307.77673681172,0.004438420522633993,0.004438420522633993,EJU5284_1390
494,6239.764,52.32784919279867,6.355780826588478,20471,237.22832900719965,12.700000000000001,0.867509408469163,71865.41350184867,43337.64995095669,0.003987657232649073,0.003987657232649073,EJU5284_1390
495,6252.464,52.32801742215068,6.359260884081158,20513,237.22832900719965,12.700000000000001,0.8681739927519816,71864.5459924402,43368.36625620625,0.003537349830339098,0.003537349830339098,EJU5284_1390
496,6265.164,52.32818554897063,6.362740968066416,20554,237.22832900719965,12.700000000000001,0.8688242772851171,71863.67781844744,43398.42552229886,0.003087496774293368,0.003087496774293368,EJU5284_1390
497,6277.864,52.32835357325553,6.366221078528665,20596,237.22832900719965,12.700000000000001,0.8694928251897518,71862.80899417015,43429.33279517934,0.0026380965248642913,0.0026380965248642913,EJU5284_1390
498,6290.564,52.32852149500234,6.369701215452321,20638,237.22832900719965,12.700000000000001,0.8701633823329715,71861.93950134495,43460.336940959016,0.002189147544167489,0.002189147544167489,EJU5284_1390
499,6303.264,52.32868931420804,6.3731813788218,20680,237.22832900719965,12.700000000000001,0.8708359509239796,71861.06933796262,43491.43811160125,0.001740648296082023,0.001740648296082023,EJU5284_1390
500,6315.964,52.328857030869564,6.376661568621521,20721,237.22832900719965,12.700000000000001,0.8714940347737341,71860.1985020117,43521.87349671799,0.0012925972462503451,0.0012925972462503451,EJU5284_1390
501,6328.664,52.32902464498384,6.380141784835902,20763,237.22832900719965,12.700000000000001,0.8721705843409207,71859.32700797693,43553.16682872687,0.0008449928620785324,0.0008449928620785324,EJU5284_1390
502,6341.364,52.32919215654777,6.383622027449363,20804,237.22832900719965,12.700000000000001,0.8728325569047253,71858.4548373926,43583.790008682714,0.0003978336127363973,0.0003978336127363973,EJU5284_1390
503,6354.064,52.32935956555824,6.387102296446324,20846,237.22832900719965,12.700000000000001,0.8735130960654027,71857.58200483568,43615.27609990444,0.0,0.0,EJU5284_1390
504,6366.764,52.32952687201213,6.390582591811208,20888,237.22832900719965,12.700000000000001,0.874195657603954,71856.70849173961,43646.85997431823,0.0,0.0,EJU5284_1390
505,6379.464,52.32969407590628,6.394062913528439,20930,237.22832900719965,12.700000000000001,0.8748802437253367,71855.83429608202,43678.5417862535,0.0,0.0,EJU5284_1390
506,6392.164,52.329861177237525,6.39754326158244,20971,237.22832900719965,12.700000000000001,0.8755500665371756,71854.9594158383,43709.54461960547,0.0,0.0,EJU5284_1390
507,6404.864,52.33002817600266,6.401023635957637,21013,237.22832900719965,12.700000000000001,0.8762386595730243,71854.08386577175,43741.42040307436,0.0,0.0,EJU5284_1390
508,6417.564,52.330195072198485,6.404504036638459,21055,237.22832900719965,12.700000000000001,0.8769292837482006,71853.20762711218,43773.39458570991,0.0,0.0,EJU5284_1390
509,6430.264,52.33036186582176,6.407984463609332,21096,237.22832900719965,12.700000000000001,0.8776050045900614,71852.33069782842,43804.683147763855,0.0,0.0,EJU5284_1390
510,6442.964,52.33052855686923,6.411464916854688,21138,237.22832900719965,12.700000000000001,0.8782996486251937,71851.45309282384,43836.85221755994,0.0,0.0,EJU5284_1390
511,6455.664,52.33069514533762,6.4149453963589576,21179,237.22832900719965,12.700000000000001,0.8789792960824858,71850.57479317521,43868.331239789295,0.0,0.0,EJU5284_1390
512,6468.364,52.330861631223634,6.4184259021065735,21221,237.22832900719965,12.700000000000001,0.8796779685626308,71849.69581387912,43900.69580861158,0.0,0.0,EJU5284_1390
513,6481.064,52.331028014523945,6.42190643408197,21263,237.22832900719965,12.700000000000001,0.8803786830712739,71848.81613591056,43933.15955271404,0.0,0.0,EJU5284_1390
514,6493.764,52.33119429523521,6.425386992269584,21305,237.22832900719965,12.700000000000001,0.8810814418038118,71847.93575722749,43965.72263004608,0.0,0.0,EJU5284_1390
515,6506.464,52.33136047335405,6.428867576653854,21346,237.22832900719965,12.700000000000001,0.8817690156724771,71847.05467578568,43997.5867106712,0.0,0.0,EJU5284_1390
516,6519.164,52.331526548877086,6.432348187219218,21388,237.22832900719965,12.700000000000001,0.8824758200958729,71846.17290677,44030.34652778431,0.0,0.0,EJU5284_1390
517,6531.864,52.33169252180089,6.435828823950118,21429,237.22832900719965,12.700000000000001,0.8831673457535605,71845.29043094991,44062.4028801078,0.0,0.0,EJU5284_1390
518,6544.564,52.331858392122015,6.439309486830996,21471,237.22832900719965,12.700000000000001,0.8838782044227824,71844.40726360415,44095.36005840056,0.0,0.0,EJU5284_1390
519,6557.264,52.332024159837005,6.442790175846297,21513,237.22832900719965,12.700000000000001,0.8845911181669015,71843.52338539973,44128.41735812918,0.0,0.0,EJU5284_1390
520,6569.964,52.332189824942354,6.446270890980469,21555,237.22832900719965,12.700000000000001,0.8853060891726874,71842.63879428156,44161.574939704704,0.0,0.0,EJU5284_1390
521,6582.664,52.332355387434546,6.44975163221796,21596,237.22832900719965,12.700000000000001,0.8860055918024468,71841.7534881924,44194.02002400317,0.0,0.0,EJU5284_1390
522,6595.364,52.33252084731003,6.453232399543221,21638,237.22832900719965,12.700000000000001,0.886724634232098,71840.86748260059,44227.37622684828,0.0,0.0,EJU5284_1390
523,6608.064,52.33268620456523,6.456713192940704,21680,237.22832900719965,12.700000000000001,0.8874457404212917,71839.98075796636,44260.83319137948,0.0,0.0,EJU5284_1390
524,6620.764,52.33285145919654,6.460194012394865,21721,237.22832900719965,12.700000000000001,0.8881512357339305,71839.09331222594,44293.5708610721,0.0,0.0,EJU5284_1390
525,6633.464,52.33301661120033,6.463674857890161,21763,237.22832900719965,12.700000000000001,0.8888764261698539,71838.20516099021,44327.227398586736,0.0,0.0,EJU5284_1390
526,6646.164,52.33318166057293,6.467155729411051,21804,237.22832900719965,12.700000000000001,0.8895859108386951,71837.31628456405,44360.160110319826,0.0,0.0,EJU5284_1390
527,6658.864,52.33334660731065,6.470636626941997,21846,237.22832900719965,12.700000000000001,0.8903151940174101,71836.4266986532,44394.01685680273,0.0,0.0,EJU5284_1390
528,6671.564,52.33351145140977,6.474117550467463,21888,237.22832900719965,12.700000000000001,0.8910465517319522,71835.53638345918,44427.97517168121,0.0,0.0,EJU5284_1390
529,6684.264,52.33367619286653,6.477598499971918,21930,237.22832900719965,12.700000000000001,0.8917799861525305,71834.64533690746,44462.035219132806,0.0,0.0,EJU5284_1390
530,6696.964,52.333840831677136,6.481079475439828,21971,237.22832900719965,12.700000000000001,0.8924975232044609,71833.7535569213,44495.36228083226,0.0,0.0,EJU5284_1390
531,6709.664,52.334005367837776,6.484560476855667,22013,237.22832900719965,12.700000000000001,0.8932350674157506,71832.8610593981,44529.62382692734,0.0,0.0,EJU5284_1390
532,6722.364,52.334169801344586,6.488041504203909,22054,237.22832900719965,12.700000000000001,0.8939566187074478,71831.96782433068,44563.14781359613,0.0,0.0,EJU5284_1390
533,6735.064,52.33433413219369,6.491522557469031,22096,237.22832900719965,12.700000000000001,0.894698281156514,71831.07386771198,44597.61150423917,0.0,0.0,EJU5284_1390
534,6747.764,52.334498360381154,6.495003636635514,22138,237.22832900719965,12.700000000000001,0.8954420310257478,71830.17916943082,44632.17774674816,0.0,0.0,EJU5284_1390
535,6760.464,52.334662485903024,6.49848474168784,22180,237.22832900719965,12.700000000000001,0.8961878704717636,71829.28372739979,44666.84670786223,0.0,0.0,EJU5284_1390
536,6773.164,52.334826508755306,6.501965872610497,22221,237.22832900719965,12.700000000000001,0.8969175240670045,71828.38753952931,44700.768862918594,0.0,0.0,EJU5284_1390
537,6785.864,52.33499042893397,6.505447029387973,22263,237.22832900719965,12.700000000000001,0.897667498691905,71827.49062200525,44735.64127837623,0.0,0.0,EJU5284_1390
538,6798.564,52.33515424643494,6.508928212004761,22305,237.22832900719965,12.700000000000001,0.8984195692966378,71826.59295450656,44770.616911210316,0.0,0.0,EJU5284_1390
539,6811.264,52.335317961254106,6.5124094204453575,22346,237.22832900719965,12.700000000000001,0.8991553090628048,71825.69453493727,44804.83877867777,0.0,0.0,EJU5284_1390
540,6823.964,52.33548157338732,6.515890654694261,22388,237.22832900719965,12.700000000000001,0.8999115274742403,71824.79537962821,44840.01885512129,0.0,0.0,EJU5284_1390
541,6836.664,52.33564508283039,6.5193719147359745,22429,237.22832900719965,12.700000000000001,0.9006513185045716,71823.89546810073,44874.44052716427,0.0,0.0,EJU5284_1390
542,6849.364,52.33580848957908,6.522853200555004,22471,237.22832900719965,12.700000000000001,0.9014116930806931,71822.99481678223,44909.82570830136,0.0,0.0,EJU5284_1390
543,6862.064,52.33597179362912,6.52633451213586,22513,237.22832900719965,12.700000000000001,0.9021741742377868,71822.09340508915,44945.314945363956,0.0,0.0,EJU5284_1390
544,6874.764,52.33613499497619,6.5298158494630565,22555,237.22832900719965,12.700000000000001,0.9029387641079876,71821.19123091492,44980.90840901125,0.0,0.0,EJU5284_1390
545,6887.464,52.33629809361593,6.533297212521111,22596,237.22832900719965,12.700000000000001,0.9036867316703057,71820.28829215081,45015.734089073885,0.0,0.0,EJU5284_1390
546,6900.164,52.336461089543924,6.536778601294546,22638,237.22832900719965,12.700000000000001,0.9044554944539589,71819.38460541914,45051.533998001076,0.0,0.0,EJU5284_1390
547,6912.864,52.33662398275572,6.5402600157678865,22679,237.22832900719965,12.700000000000001,0.9052075377260932,71818.48014992468,45086.561439879006,0.0,0.0,EJU5284_1390
548,6925.564,52.33678677324681,6.543741455925664,22721,237.22832900719965,12.700000000000001,0.9059804817108049,71817.57494238696,45122.568465494725,0.0,0.0,EJU5284_1390
549,6938.264,52.336949461012644,6.547222921752413,22763,237.22832900719965,12.700000000000001,0.9067555449204932,71816.66896190525,45158.68056934132,0.0,0.0,EJU5284_1390
550,6950.964,52.33711204604862,6.550704413232672,22805,237.22832900719965,12.700000000000001,0.9075327294680865,71815.76220636033,45194.89792474415,0.0,0.0,EJU5284_1390
551,6963.664,52.33727452835007,6.554185930350985,22846,237.22832900719965,12.700000000000001,0.9082929982474555,71814.85467363086,45230.33334380543,0.0,0.0,EJU5284_1390
552,6976.364,52.337436907912306,6.557667473091902,22888,237.22832900719965,12.700000000000001,0.9090743805939902,71813.94638063261,45266.759177426,0.0,0.0,EJU5284_1390
553,6989.064,52.33759918473055,6.561149041439976,22930,237.22832900719965,12.700000000000001,0.9098578905457296,71813.03730625201,45303.290781079544,0.0,0.0,EJU5284_1390
554,7001.764,52.33776135879999,6.564630635379766,22971,237.22832900719965,12.700000000000001,0.9106243372529913,71812.12744836147,45339.03332090114,0.0,0.0,EJU5284_1390
555,7014.464,52.337923430115744,6.568112254895836,23013,237.22832900719965,12.700000000000001,0.911412057354601,71811.21682402422,45375.77443112457,0.0,0.0,EJU5284_1390
556,7027.164,52.33808539867288,6.571593899972756,23054,237.22832900719965,12.700000000000001,0.9121826160175026,71810.30541196687,45411.72172609129,0.0,0.0,EJU5284_1390
557,7039.864,52.33824726446641,6.5750755705951,23096,237.22832900719965,12.700000000000001,0.9129745544334475,71809.39322935086,45448.673030094666,0.0,0.0,EJU5284_1390
558,7052.564,52.33840902749128,6.57855726674745,23138,237.22832900719965,12.700000000000001,0.9137686308102684,71808.48025479642,45485.73097582212,0.0,0.0,EJU5284_1390
559,7065.264,52.33857068774236,6.582038988414392,23180,237.22832900719965,12.700000000000001,0.9145648472274761,71807.56648616561,45522.89574067984,0.0,0.0,EJU5284_1390
560,7077.964,52.33873224521448,6.58552073558052,23221,237.22832900719965,12.700000000000001,0.9153437039573805,71806.65192131838,45559.25708316093,0.0,0.0,EJU5284_1390
561,7090.664,52.33889369990238,6.589002508230433,23263,237.22832900719965,12.700000000000001,0.9161441550242613,71805.73657761441,45596.633435381176,0.0,0.0,EJU5284_1390
562,7103.364,52.33905505180074,6.5924843063487355,23304,237.22832900719965,12.700000000000001,0.9169271475506071,71804.82043345939,45633.20156760076,0.0,0.0,EJU5284_1390
563,7116.064,52.339216300904184,6.595966129920042,23346,237.22832900719965,12.700000000000001,0.9177318413371479,71803.90350631184,45670.790205142206,0.0,0.0,EJU5284_1390
564,7128.764,52.33937744720724,6.59944797892897,23388,237.22832900719965,12.700000000000001,0.9185386853999071,71802.9857744705,45708.48654714038,0.0,0.0,EJU5284_1390
565,7141.464,52.33953849070438,6.6029298533601475,23430,237.22832900719965,12.700000000000001,0.9193476817928704,71802.0672357851,45746.2907737775,0.0,0.0,EJU5284_1390
566,7154.164,52.33969943138999,6.606411753198208,23471,237.22832900719965,12.700000000000001,0.9201390200722078,71801.14788810331,45783.27707959853,0.0,0.0,EJU5284_1390
567,7166.864,52.33986026925838,6.6098936784277935,23513,237.22832900719965,12.700000000000001,0.920952275319629,71800.22774908323,45821.29500694389,0.0,0.0,EJU5284_1390
568,7179.564,52.34002100430378,6.613375629033552,23555,237.22832900719965,12.700000000000001,0.921767688982676,71799.30679680791,45859.42135792025,0.0,0.0,EJU5284_1390
569,7192.264,52.340181636520335,6.616857605000142,23596,237.22832900719965,12.700000000000001,0.9225652945768367,71798.38502911893,45896.72248571354,0.0,0.0,EJU5284_1390
570,7204.964,52.340342165902115,6.620339606312229,23638,237.22832900719965,12.700000000000001,0.9233849790761577,71797.46246382435,45935.06360644406,0.0,0.0,EJU5284_1390
571,7217.664,52.34050259244309,6.623821632954488,23679,237.22832900719965,12.700000000000001,0.9241867556682213,71796.53907884528,45972.574635701254,0.0,0.0,EJU5284_1390
572,7230.364,52.340662916137134,6.627303684911602,23721,237.22832900719965,12.700000000000001,0.9250107189123193,71795.61489208961,46011.13124059754,0.0,0.0,EJU5284_1390
573,7243.064,52.34082313697805,6.630785762168263,23763,237.22832900719965,12.700000000000001,0.9258368506030336,71794.6898813707,46049.79717532251,0.0,0.0,EJU5284_1390
574,7255.764,52.34098325495953,6.634267864709174,23805,237.22832900719965,12.700000000000001,0.9266651527508776,71793.7640445201,46088.572624307686,0.0,0.0,EJU5284_1390
575,7268.464,52.34114327007517,6.637749992519046,23846,237.22832900719965,12.700000000000001,0.927475345439392,71792.83737936734,46126.50813768677,0.0,0.0,EJU5284_1390
576,7281.164,52.34130318231846,6.641232145582602,23888,237.22832900719965,12.700000000000001,0.9283079421252811,71791.9099040219,46165.50051960131,0.0,0.0,EJU5284_1390
577,7293.864,52.341462991682796,6.644714323884575,23929,237.22832900719965,12.700000000000001,0.9291223288597358,71790.98159607977,46203.648049579635,0.0,0.0,EJU5284_1390
578,7306.564,52.34162269816146,6.6481965274097075,23971,237.22832900719965,12.700000000000001,0.9299592278706028,71790.05247375091,46242.85809002834,0.0,0.0,EJU5284_1390
579,7319.264,52.341782301747614,6.651678756142754,24013,237.22832900719965,12.700000000000001,0.9307983072153823,71789.12251452304,46282.17856513429,0.0,0.0,EJU5284_1390
580,7331.964,52.34194180243431,6.655161010068483,24055,237.22832900719965,12.700000000000001,0.9316395688719608,71788.19171621582,46321.609662220035,0.0,0.0,EJU5284_1390
581,7344.664,52.3421012002145,6.65864328917167,24096,237.22832900719965,12.700000000000001,0.9324624177125188,71787.26007664695,46360.18596580776,0.0,0.0,EJU5284_1390
582,7357.364,52.342260495080986,6.662125593437109,24138,237.22832900719965,12.700000000000001,0.9333079972310097,71786.32761422925,46399.83619289884,0.0,0.0,EJU5284_1390
583,7370.064,52.34241968702645,6.665607922849602,24180,237.22832900719965,12.700000000000001,0.9341557649129877,71785.39430623202,46439.59760232589,0.0,0.0,EJU5284_1390
584,7382.764,52.34257877604345,6.669090277393966,24221,237.22832900719965,12.700000000000001,0.9349849673662889,71784.4601504671,46478.496734043256,0.0,0.0,EJU5284_1390
585,7395.464,52.34273776212442,6.672572657055033,24263,237.22832900719965,12.700000000000001,0.9358370644192419,71783.52516549974,46518.47838490006,0.0,0.0,EJU5284_1390
586,7408.164,52.342896645261625,6.676055061817649,24304,237.22832900719965,12.700000000000001,0.9366704947767995,71782.58932843532,46557.592768233975,0.0,0.0,EJU5284_1390
587,7420.864,52.343055425447204,6.679537491666673,24346,237.22832900719965,12.700000000000001,0.9375269287831245,71781.65265794055,46597.79540326098,0.0,0.0,EJU5284_1390
588,7433.564,52.343214102673144,6.683019946586983,24388,237.22832900719965,12.700000000000001,0.9383855605702719,71780.71513101176,46638.11016275863,0.0,0.0,EJU5284_1390
589,7446.264,52.343372676931274,6.68650242656347,24430,237.22832900719965,12.700000000000001,0.9392463920613706,71779.77674545119,46678.53723847538,0.0,0.0,EJU5284_1390
590,7458.964,52.34353114821326,6.6899849315810425,24471,237.22832900719965,12.700000000000001,0.9400883520368922,71778.83749905913,46718.08695607591,0.0,0.0,EJU5284_1390
591,7471.664,52.34368951651061,6.693467461624627,24513,237.22832900719965,12.700000000000001,0.9409535355881357,71777.89741070708,46758.73652219766,0.0,0.0,EJU5284_1390
592,7484.364,52.34384778181465,6.696950016679166,24554,237.22832900719965,12.700000000000001,0.941799745512224,71776.95645717149,46798.503690434234,0.0,0.0,EJU5284_1390
593,7497.064,52.34400594411654,6.700432596729624,24596,237.22832900719965,12.700000000000001,0.9426692885540618,71776.01465742597,46839.37650136081,0.0,0.0,EJU5284_1390
594,7509.764,52.344164003407236,6.703915201760982,24638,237.22832900719965,12.700000000000001,0.943541040724444,71775.07198813741,46880.36258543186,0.0,0.0,EJU5284_1390
595,7522.464,52.34432195967752,6.707397831758243,24680,237.22832900719965,12.700000000000001,0.9444150039059119,71774.12844709668,46921.462137407376,0.0,0.0,EJU5284_1390
596,7535.164,52.34447981291797,6.71088048670643,24721,237.22832900719965,12.700000000000001,0.9452697873469492,71773.18403209277,46961.66909958851,0.0,0.0,EJU5284_1390
597,7547.864,52.344637563118944,6.714363166590589,24763,237.22832900719965,12.700000000000001,0.9461481248069248,71772.23876230542,47002.993426258196,0.0,0.0,EJU5284_1390
598,7560.564,52.3447952102706,6.717845871395786,24805,237.22832900719965,12.700000000000001,0.9470286788378048,71771.29261418062,47044.43180344263,0.0,0.0,EJU5284_1390
599,7573.264,52.34495275436286,6.721328601107115,24846,237.22832900719965,12.700000000000001,0.9478898982936245,71770.34558550178,47084.96991752253,0.0,0.0,EJU5284_1390
600,7585.964,52.345110195385416,6.724811355709691,24888,237.22832900719965,12.700000000000001,0.9487748375231546,71769.39769560349,47126.6342249705,0.0,0.0,EJU5284_1390
601,7598.664,52.34526753332772,6.728294135188657,24929,237.22832900719965,12.700000000000001,0.9496403391077184,71768.44892076596,47167.39315312936,0.0,0.0,EJU5284_1390
602,7611.364,52.34542476817898,6.7317769395291815,24971,237.22832900719965,12.700000000000001,0.9505296707136016,71767.49928042685,47209.2841630922,0.0,0.0,EJU5284_1390
603,7624.064,52.34558189992812,6.735259768716462,25013,237.22832900719965,12.700000000000001,0.9514212279943819,71766.54875075615,47251.29020314128,0.0,0.0,EJU5284_1390
604,7636.764,52.345738928563804,6.738742622735725,25055,237.22832900719965,12.700000000000001,0.9523150127652158,71765.59732952816,47293.41147264776,0.0,0.0,EJU5284_1390
605,7649.464,52.3458958540744,6.7422255015722286,25096,237.22832900719965,12.700000000000001,0.9531891518574847,71764.6450145154,47334.61701597549,0.0,0.0,EJU5284_1390
606,7662.164,52.34605267644799,6.745708405211261,25138,237.22832900719965,12.700000000000001,0.9540873432632213,71763.69182536354,47376.966554104554,0.0,0.0,EJU5284_1390
607,7674.864,52.34620939567233,6.749191333638145,25179,237.22832900719965,12.700000000000001,0.9549657852885883,71762.73773802028,47418.39519791974,0.0,0.0,EJU5284_1390
608,7687.564,52.346366011734865,6.75267428683824,25221,237.22832900719965,12.700000000000001,0.9558683903210087,71761.78277223499,47460.97378907103,0.0,0.0,EJU5284_1390
609,7700.264,52.34652252462268,6.75615726479694,25263,237.22832900719965,12.700000000000001,0.9567732317116355,71760.82690384467,47503.66860466217,0.0,0.0,EJU5284_1390
610,7712.964,52.34667893432252,6.759640267499678,25305,237.22832900719965,12.700000000000001,0.9576803112261383,71759.87013061297,47546.47984720232,0.0,0.0,EJU5284_1390
611,7725.664,52.346835240820745,6.763123294931927,25346,237.22832900719965,12.700000000000001,0.9585674320614269,71758.91245030174,47588.35974317597,0.0,0.0,EJU5284_1390
612,7738.364,52.346991444103324,6.766606347079204,25388,237.22832900719965,12.700000000000001,0.9594789390724083,71757.95388286968,47631.40162949382,0.0,0.0,EJU5284_1390
613,7751.064,52.347147544155824,6.77008942392707,25430,237.22832900719965,12.700000000000001,0.9603926894102006,71756.99440393061,47674.56054855858,0.0,0.0,EJU5284_1390
614,7763.764,52.347303540963374,6.773572525461131,25471,237.22832900719965,12.700000000000001,0.961286323863252,71756.03401124121,47716.780251095566,0.0,0.0,EJU5284_1390
615,7776.464,52.347459434510654,6.7770556516670455,25513,237.22832900719965,12.700000000000001,0.9622045118988708,71755.07272491735,47760.17101550519,0.0,0.0,EJU5284_1390
616,7789.164,52.34761522478187,6.780538802530521,25554,237.22832900719965,12.700000000000001,0.963102479412423,71754.11052040545,47802.61731578286,0.0,0.0,EJU5284_1390
617,7801.864,52.34777091176071,6.7840219780373205,25596,237.22832900719965,12.700000000000001,0.9640251118310564,71753.14741792604,47846.24072853979,0.0,0.0,EJU5284_1390
618,7814.564,52.347926495430364,6.787505178173265,25638,237.22832900719965,12.700000000000001,0.9649499960557449,71752.18339281422,47889.98219262522,0.0,0.0,EJU5284_1390
619,7827.264,52.34808197577344,6.790988402924236,25680,237.22832900719965,12.700000000000001,0.9658771337706754,71751.21844281816,47933.841915353805,0.0,0.0,EJU5284_1390
620,7839.964,52.34823735277197,6.7944716522761786,25721,237.22832900719965,12.700000000000001,0.9667838397930888,71750.2525656844,47976.74656052253,0.0,0.0,EJU5284_1390
621,7852.664,52.34839262640737,6.797954926215107,25763,237.22832900719965,12.700000000000001,0.967715435120711,71749.2857818446,48020.84056009845,0.0,0.0,EJU5284_1390
622,7865.364,52.3485477966604,6.801438224727106,25804,237.22832900719965,12.700000000000001,0.9686264935041744,71748.31806640948,48063.97418048248,0.0,0.0,EJU5284_1390
623,7878.064,52.34870286351113,6.8049215477983385,25846,237.22832900719965,12.700000000000001,0.9695625529058539,71747.34943991598,48108.30327256949,0.0,0.0,EJU5284_1390
624,7890.764,52.3488578269389,6.808404895415045,25888,237.22832900719965,12.700000000000001,0.9705008739930979,71746.37987736307,48152.75165794299,0.0,0.0,EJU5284_1390
625,7903.464,52.349012686922265,6.811888267563552,25930,237.22832900719965,12.700000000000001,0.9714414583906856,71745.40937648907,48197.31954718848,0.0,0.0,EJU5284_1390
626,7916.164,52.349167443438965,6.81537166423028,25971,237.22832900719965,12.700000000000001,0.9723612934457915,71744.43793503068,48240.91633423667,0.0,0.0,EJU5284_1390
627,7928.864,52.349322096465855,6.8188550854017445,26013,237.22832900719965,12.700000000000001,0.9733063546804238,71743.46557373724,48285.72097018337,0.0,0.0,EJU5284_1390
628,7941.564,52.349476645978854,6.822338531064563,26055,237.22832900719965,12.700000000000001,0.9742536839989316,71742.49226738256,48330.64573996721,0.0,0.0,EJU5284_1390
629,7954.264,52.3496310919529,6.825822001205465,26096,237.22832900719965,12.700000000000001,0.9751801044672891,71741.51801369856,48374.59133307593,0.0,0.0,EJU5284_1390
630,7966.964,52.34978543436187,6.829305495811295,26138,237.22832900719965,12.700000000000001,0.9761319199605575,71740.5428335941,48419.75409907028,0.0,0.0,EJU5284_1390
631,7979.664,52.3499396731785,6.832789014869026,26179,237.22832900719965,12.700000000000001,0.9770627204466793,71739.56670167414,48463.93230410831,0.0,0.0,EJU5284_1390
632,7992.364,52.35009380837431,6.836272558365765,26221,237.22832900719965,12.700000000000001,0.9780190282094838,71738.5896389537,48509.33390136819,0.0,0.0,EJU5284_1390
633,8005.064,52.35024783991954,6.839756126288763,26263,237.22832900719965,12.700000000000001,0.97897761178647,71737.61161992549,48554.8566917079,0.0,0.0,EJU5284_1390
634,8017.764,52.35040176778302,6.8432397186254255,26305,237.22832900719965,12.700000000000001,0.9799384727052316,71736.6326423137,48600.5008907224,0.0,0.0,EJU5284_1390
635,8030.464,52.35055559193208,6.846723335363326,26346,237.22832900719965,12.700000000000001,0.9808781044108007,71735.652703841,48645.149638147785,0.0,0.0,EJU5284_1390
636,8043.164,52.350709312332434,6.850206976490219,26388,237.22832900719965,12.700000000000001,0.981843469598633,71734.67182573659,48691.034361964514,0.0,0.0,EJU5284_1390
637,8055.864,52.35086292894806,6.853690641994053,26429,237.22832900719965,12.700000000000001,0.9827874988247455,71733.689982267,48735.918193719335,0.0,0.0,EJU5284_1390
638,8068.564,52.351016441741045,6.857174331862987,26471,237.22832900719965,12.700000000000001,0.9837573741104224,71732.70719476817,48782.04429059311,0.0,0.0,EJU5284_1390
639,8081.264,52.35116985067143,6.86065804608541,26513,237.22832900719965,12.700000000000001,0.9847295341307574,71731.72343739406,48828.29287212945,0.0,0.0,EJU5284_1390
640,8093.964,52.35132315569704,6.864141784649958,26555,237.22832900719965,12.700000000000001,0.9857039803429007,71730.73870785993,48874.66415733341,0.0,0.0,EJU5284_1390
641,8106.664,52.35147635677327,6.867625547545541,26596,237.22832900719965,12.700000000000001,0.9866568752075101,71729.75300387958,48920.02354587525,0.0,0.0,EJU5284_1390
642,8119.364,52.35162945385289,6.8711093347613605,26638,237.22832900719965,12.700000000000001,0.9876358429636619,71728.76634700438,48966.6379244575,0.0,0.0,EJU5284_1390
643,8132.064,52.35178244688577,6.874593146286946,26680,237.22832900719965,12.700000000000001,0.9886171011750567,71727.77871116142,49013.3756618681,0.0,0.0,EJU5284_1390
644,8144.764,52.35193533581863,6.878076982112183,26721,237.22832900719965,12.700000000000001,0.989576646317792,71726.79009406024,49059.09321542961,0.0,0.0,EJU5284_1390
645,8157.464,52.352088120594686,6.881560842227347,26763,237.22832900719965,12.700000000000001,0.9905624343861673,71725.80051741393,49106.0753457113,0.0,0.0,EJU5284_1390
646,8170.164,52.35224080115331,6.88504472662315,26804,237.22832900719965,12.700000000000001,0.9915264017704523,71724.80995497954,49152.03176570922,0.0,0.0,EJU5284_1390
647,8182.864,52.35239337742959,6.888528635290783,26846,237.22832900719965,12.700000000000001,0.9925167250913107,71723.81842857777,49199.25915733579,0.0,0.0,EJU5284_1390
648,8195.564,52.3525458493539,6.892012568221972,26888,237.22832900719965,12.700000000000001,0.9935093457106942,71722.82591185268,49246.61100942826,0.0,0.0,EJU5284_1390
649,8208.264,52.352698216851294,6.895496525409042,26929,237.22832900719965,12.700000000000001,0.9944799832116828,71721.83240250696,49292.92879138636,0.0,0.0,EJU5284_1390
650,8220.964,52.3528504798409,6.898980506844988,26971,237.22832900719965,12.700000000000001,0.9954771470167642,71720.83792252374,49340.527221420976,0.0,0.0,EJU5284_1390
651,8233.664,52.353002638235175,6.902464512523561,27013,237.22832900719965,12.700000000000001,0.9964766120760531,71719.84244537672,49388.250780943854,0.0,0.0,EJU5284_1390
652,8246.364,52.35315469193899,6.905948542439366,27054,237.22832900719965,12.700000000000001,0.9974539311603261,71718.84596876464,49434.93186635279,0.0,0.0,EJU5284_1390
653,8259.064,52.35330664084863,6.909432596587984,27096,237.22832900719965,12.700000000000001,0.9984579471004962,71717.84851483347,49482.903330810244,0.0,0.0,EJU5284_1390
654,8271.764,52.35345848485053,6.9129166749661115,27138,237.22832900719965,12.700000000000001,0.9994642681281852,71716.85005688637,49531.00059906258,0.0,0.0,EJU5284_1390
655,8284.464,52.3536102238198,6.916400777571728,27180,237.22832900719965,12.700000000000001,1.0004728955032296,71715.85059261824,49579.22389889502,0.0,0.0,EJU5284_1390
656,8297.164,52.353761857618416,6.919884904404307,27221,237.22832900719965,12.700000000000001,1.0014591586710588,71714.85011972273,49626.39342712364,0.0,0.0,EJU5284_1390
657,8309.864,52.35391338609299,6.923369055465063,27263,237.22832900719965,12.700000000000001,1.0024723468231587,71713.84866056406,49674.866421174884,0.0,0.0,EJU5284_1390
658,8322.564,52.35406480907205,6.92685323075727,27305,237.22832900719965,12.700000000000001,1.0034878449863935,71712.84618821724,49723.466128242675,0.0,0.0,EJU5284_1390
659,8335.264,52.35421612636261,6.930337430286647,27346,237.22832900719965,12.700000000000001,1.0044808151189062,71711.84270037226,49771.003555275325,0.0,0.0,EJU5284_1390
660,8347.964,52.35436733774579,6.933821654061861,27388,237.22832900719965,12.700000000000001,1.0055008811686568,71710.83821955715,49819.85430818231,0.0,0.0,EJU5284_1390
661,8360.664,52.354518442971234,6.937305902095165,27430,237.22832900719965,12.700000000000001,1.006523260761812,71709.83271867599,49868.83246093171,0.0,0.0,EJU5284_1390
662,8373.364,52.3546694417497,6.940790174403246,27471,237.22832900719965,12.700000000000001,1.0075229480957488,71708.82619541523,49916.73977991035,0.0,0.0,EJU5284_1390
663,8386.064,52.35482033374321,6.94427447100835,27513,237.22832900719965,12.700000000000001,1.0085499024210711,71707.81867246712,49965.97034081159,0.0,0.0,EJU5284_1390
664,8398.764,52.354971118551546,6.947758791939827,27554,237.22832900719965,12.700000000000001,1.0095540552239204,71706.8101225647,50014.12436337088,0.0,0.0,EJU5284_1390
665,8411.464,52.35512179569319,6.951243137236317,27596,237.22832900719965,12.700000000000001,1.0105855886773127,71705.80056850947,50063.608242901406,0.0,0.0,EJU5284_1390
666,8424.164,52.35527236457768,6.9547275069489105,27638,237.22832900719965,12.700000000000001,1.0116194412493906,71704.78998292079,50113.22067719748,0.0,0.0,EJU5284_1390
667,8436.864,52.35542282446382,6.958211901145942,27679,237.22832900719965,12.700000000000001,1.012630327409239,71703.77836347953,50161.74794323481,0.0,0.0,EJU5284_1390
668,8449.564,52.355573174393314,6.9616963199205975,27721,237.22832900719965,12.700000000000001,1.0136687654981178,71702.76573315212,50211.61507646667,0.0,0.0,EJU5284_1390
669,8462.264,52.35572341307879,6.965180763403753,27763,237.22832900719965,12.700000000000001,1.0147095258676693,71701.75206438662,50261.6114658725,0.0,0.0,EJU5284_1390
670,8474.964,52.35587353869886,6.96866523178749,27805,237.22832900719965,12.700000000000001,1.0157526095475458,71700.73735486074,50311.73734839663,0.0,0.0,EJU5284_1390
671,8487.664,52.35602354847832,6.972149725373277,27846,237.22832900719965,12.700000000000001,1.0167725059103732,71699.7216022512,50360.76646051349,0.0,0.0,EJU5284_1390
672,8500.364,52.356173437672254,6.975634244688611,27888,237.22832900719965,12.700000000000001,1.017820183195035,71698.70482974529,50411.14890319615,0.0,0.0,EJU5284_1390
673,8513.064,52.35632319631306,6.979118790860639,27930,237.22832900719965,12.700000000000001,1.018870186755008,71697.68700956208,50461.66154784423,0.0,0.0,EJU5284_1390
674,8525.764,52.35647279002229,6.982603367820486,27971,237.22832900719965,12.700000000000001,1.0198968372082202,71696.66813937532,50511.06868351558,0.0,0.0,EJU5284_1390
0,1.524,52.31419332775843,4.779268643716739,5,229.49979982624342,1.524,0.6419828544232402,63606.039218477,33388.6196845811,0.08726411179883538,0.08726411179883538,EZS39RG_1538
1,4.572,52.31216137321042,4.778877810768457,15,227.49979982624342,3.048,0.6411587041633229,63605.39723562258,33309.62552697982,0.08677112947256672,0.08677112947256672,EZS39RG_1538
2,9.144,52.3101428936081,4.778557311615036,30,225.49979982624342,4.572,0.6405599657858143,63604.75607691841,33240.1112687028,0.08627564704459297,0.08627564704459297,EZS39RG_1538
3,15.24,52.30813876164034,4.778306678913042,50,223.49979982624342,6.096,0.6401983671603568,63604.115516952625,33180.589225619886,0.08577717905387515,0.08577717905387515,EZS39RG_1538
4,22.86,52.306149851871396,4.778125411966494,75,221.49979982624342,7.62,0.6400860371176744,63603.475318585464,33131.58901711656,0.08527525984740875,0.08527525984740875,EZS39RG_1538
5,32.004,52.30415458731536,4.778010929987316,104,221.99979982624342,9.144,0.6411916686667971,63602.83523254835,33139.89246382494,0.08476436262343207,0.08476436262343207,EZS39RG_1538
6,42.672,52.30215380939674,4.77796342681394,139,222.49979982624342,10.668,0.6422925997283064,63602.19404087968,33148.17020562506,0.08424409143806733,0.08424409143806733,EZS39RG_1538
7,54.864,52.30014835998219,4.77798306752949,179,222.99979982624342,12.192,0.6433891383155741,63601.551748279955,33156.43502110182,0.0837140540080832,0.0837140540080832,EZS39RG_1538
8,67.564,52.298139081019634,4.778069988591719,221,223.49979982624342,12.700000000000001,0.6438676226402071,63600.90835914164,33164.87721685661,0.08318073671792882,0.08318073671792882,EZS39RG_1538
9,80.264,52.2961268141815,4.778224297974165,263,223.99979982624342,12.700000000000001,0.6440436654178221,63600.264491519,33173.64190595835,0.08264726609538459,0.08264726609538459,EZS39RG_1538
10,92.964,52.29411240051193,4.778446075318277,305,224.49979982624342,12.700000000000001,0.6442268264690534,63599.62044785359,33182.72572366857,0.08211335339125839,0.08211335339125839,EZS39RG_1538
11,105.664,52.29209668007826,4.778735372096238,346,224.99979982624342,12.700000000000001,0.6444190243228216,63598.97622102712,33192.21565207879,0.08157871089148741,0.08157871089148741,EZS39RG_1538
12,118.364,52.29008049162671,4.779092211784262,388,225.49979982624342,12.700000000000001,0.6446162855409379,63598.3318020028,33201.93160348202,0.08104305289142776,0.08104305289142776,EZS39RG_1538
13,131.064,52.288064672242506,4.779516590046077,429,225.99979982624342,12.700000000000001,0.6448225874743398,63597.68718571726,33212.05388062669,0.08050609666041958,0.08050609666041958,EZS39RG_1538
14,143.764,52.286050057014414,4.780008474926383,471,226.49979982624342,12.700000000000001,0.6450336779294641,63597.04236312978,33222.3897616822,0.07996756339485295,0.07996756339485295,EZS39RG_1538
15,156.464,52.28403747870385,4.78056780705399,513,226.99979982624342,12.700000000000001,0.6452515484412025,63596.39732945185,33233.029536640104,0.0794271791580468,0.0794271791580468,EZS39RG_1538
16,169.164,52.282027767418576,4.781194499854417,554,227.49979982624342,12.700000000000001,0.6454784690644648,63595.75207790341,33244.07611795639,0.07888467580527544,0.07888467580527544,EZS39RG_1538
17,181.864,52.280021750291105,4.781888439771676,596,227.99979982624342,12.700000000000001,0.6457097723774965,63595.106599434344,33255.317964951064,0.0783397918923483,0.0783397918923483,EZS39RG_1538
18,194.564,52.27802025116189,4.78264948649901,638,228.49979982624342,12.700000000000001,0.6459476606307157,63594.46088966197,33266.854916871845,0.07779227356618353,0.07779227356618353,EZS39RG_1538
19,207.264,52.27602409026731,4.783477473218314,680,228.99979982624342,12.700000000000001,0.6461920700827954,63593.814942001336,33278.68410256417,0.07724187543587473,0.07724187543587473,EZS39RG_1538
20,219.964,52.27403408393259,4.784372206848004,721,229.49979982624342,12.700000000000001,0.6464455487307377,63593.168749931254,33290.9210296699,0.0766883614228153,0.0766883614228153,EZS39RG_1538
21,232.664,52.27205104426965,4.785333468299082,763,229.99979982624342,12.700000000000001,0.6467028800965688,63592.522304382524,33303.32927462251,0.07613150558849141,0.07613150558849141,EZS39RG_1538
22,245.364,52.270075778879985,4.786361012739141,805,230.49979982624342,12.700000000000001,0.646966544915913,63591.87560150243,33316.021296716346,0.07557109293860761,0.07557109293860761,EZS39RG_1538
23,258.064,52.268109090562604,4.787454569864072,846,230.99979982624342,12.700000000000001,0.6472392981576749,63591.22863495751,33329.12198239359,0.07500692020229682,0.07500692020229682,EZS39RG_1538
24,270.764,52.266151777027105,4.788613844177225,888,231.49979982624342,12.700000000000001,0.6475155142891726,63590.58139565935,33342.37637093573,0.0744259828776144,0.0744259828776144,EZS39RG_1538
25,283.464,52.2642046306119,4.789838515275779,930,231.99979982624342,12.700000000000001,0.6477978814150318,63589.93388014506,33355.90631861261,0.07377252003586168,0.07377252003586168,EZS39RG_1538
26,296.164,52.26226843800765,4.791128238144079,971,232.49979982624342,12.700000000000001,0.6480893601094875,63589.28608226364,33369.8460284809,0.07311990965296222,0.07311990965296222,EZS39RG_1538
27,308.864,52.26034397998596,4.792482643453696,1013,232.99979982624342,12.700000000000001,0.6483839183285773,63588.63799290353,33383.92211872372,0.0724686335692123,0.0724686335692123,EZS39RG_1538
28,321.564,52.25843203113335,4.79390133786998,1055,233.49979982624342,12.700000000000001,0.6486844501710007,63587.989608985205,33398.26578001343,0.07181916378884577,0.07181916378884577,EZS39RG_1538
29,334.264,52.256533359590556,4.795383904364855,1096,233.99979982624342,12.700000000000001,0.6489941204828289,63587.340924535034,33413.0204713486,0.07117196191957519,0.07117196191957519,EZS39RG_1538
30,346.964,52.25464872679716,4.796929902535635,1138,234.49979982624342,12.700000000000001,0.6493064931945236,63586.69193041455,33427.89450320945,0.07052747863463654,0.07052747863463654,EZS39RG_1538
31,359.664,52.25277966408856,4.798538231719248,1180,234.90315703432435,12.700000000000001,0.649534343748772,63586.042623921356,33438.79765304724,0.06984760225146643,0.06984760225146643,EZS39RG_1538
32,372.364,52.250929120956485,4.800206479800933,1221,235.02887845368525,12.700000000000001,0.6495081366845648,63585.39308957761,33437.79140533212,0.06913938071255367,0.06913938071255367,EZS39RG_1538
33,385.064,52.249097807549624,4.8019340434101005,1263,235.15468132246738,12.700000000000001,0.649478584027916,63584.743581440925,33436.633445162806,0.0684379897227048,0.0684379897227048,EZS39RG_1538
34,397.764,52.2472864263803,4.803720297268686,1305,235.28056568194992,12.700000000000001,0.6494490253611942,63584.0941028569,33435.47513288046,0.0677438089992107,0.0677438089992107,EZS39RG_1538
35,410.464,52.24549567207148,4.805564594466476,1346,235.40653157338375,12.700000000000001,0.6494227906985319,63583.44465383154,33434.46739547345,0.06705720193297118,0.06705720193297118,EZS39RG_1538
36,423.164,52.243726231107445,4.807466266743655,1388,235.53257903799442,12.700000000000001,0.6493932175576747,63582.795231040844,33433.30826782023,0.06637851532086175,0.06637851532086175,EZS39RG_1538
37,435.864,52.24197878158822,4.809424624780449,1429,235.6587081169777,12.700000000000001,0.6493669640090309,63582.145837823286,33432.29951521577,0.06570807912616229,0.06570807912616229,EZS39RG_1538
38,448.564,52.24025399298782,4.811438958493709,1471,235.78491885150225,12.700000000000001,0.6493373765486077,63581.496470859274,33431.139579177325,0.06504620626715374,0.06504620626715374,EZS39RG_1538
39,461.264,52.23855252591639,4.81350853734031,1513,235.91121128270603,12.700000000000001,0.6493077832906442,63580.847133482726,33429.97930063358,0.0643931924339509,0.0643931924339509,EZS39RG_1538
40,473.964,52.23687503188637,4.815632610627192,1555,236.03758545170282,12.700000000000001,0.6492781842809914,63580.19782569943,33428.818681657685,0.06374931593357436,0.06374931593357436,EZS39RG_1538
41,486.664,52.23522215308268,4.817810407827927,1596,236.16404139957453,12.700000000000001,0.6492518953508823,63579.54854751515,33427.80800685976,0.06311483756325732,0.06311483756325732,EZS39RG_1538
42,499.364,52.23359452213704,4.820041138905635,1638,236.29057916737565,12.700000000000001,0.6492222823490408,63578.8992956198,33426.64659429673,0.06249000051189359,0.06249000051189359,EZS39RG_1538
43,512.064,52.2319927619065,4.822323994642126,1679,236.41719879613123,12.700000000000001,0.6491959749414151,63578.25007333745,33425.634922755315,0.0618750302895317,0.0618750302895317,EZS39RG_1538
44,524.764,52.230417485256204,4.824658146973093,1721,236.54390032683827,12.700000000000001,0.6491663481073164,63577.60087736251,33424.472723833955,0.06127013468474229,0.06127013468474229,EZS39RG_1538
45,537.464,52.22886929484656,4.8270427493292205,1763,236.67068380046356,12.700000000000001,0.6491367157409957,63576.9517110144,33423.31019440267,0.060675503749679345,0.060675503749679345,EZS39RG_1538
46,550.164,52.22734878292471,4.829476936983048,1804,236.79754925794646,12.700000000000001,0.6491103818859529,63576.30257429866,33422.29708517575,0.06009130981257247,0.06009130981257247,EZS39RG_1538
47,562.864,52.22585653112052,4.831959827401433,1846,236.92449674019338,12.700000000000001,0.6490807359371837,63575.65346391677,33421.13378067877,0.059517707517390286,0.059517707517390286,EZS39RG_1538
48,575.564,52.224393110247114,4.834490520603465,1888,237.05152628808528,12.700000000000001,0.6490510845920361,63575.004383180836,33419.97015181396,0.05895483389034131,0.05895483389034131,EZS39RG_1538
49,588.264,52.22295908010591,4.837068099523666,1930,237.17863794247134,12.700000000000001,0.6490214278985209,63574.355332096246,33418.80620075241,0.05840280843285394,0.05840280843285394,EZS39RG_1538
50,600.964,52.2215554579794,4.839690788002305,1971,237.22832900719965,12.700000000000001,0.6489250558542128,63573.70631066835,33414.51071504968,0.05786186152434782,0.05786186152434782,EZS39RG_1538
51,613.664,52.220183065852815,4.842357070592644,2013,237.22832900719965,12.700000000000001,0.6487813654830032,63573.0573856125,33408.001505088,0.05733215069206722,0.05733215069206722,EZS39RG_1538
52,626.364,52.21884241366503,4.845065955859591,2055,237.22832900719965,12.700000000000001,0.6486387663018134,63572.408604247015,33401.54173484159,0.056813731581817864,0.056813731581817864,EZS39RG_1538
53,639.064,52.217533999561326,4.847816436720699,2096,237.22832900719965,12.700000000000001,0.6485004610091851,63571.75996548071,33395.27656351833,0.05630664310246359,0.05630664310246359,EZS39RG_1538
54,651.764,52.2162583097083,4.850607490818744,2138,237.22832900719965,12.700000000000001,0.6483600201717459,63571.111465019705,33388.91458438147,0.05581090766429715,0.05581090766429715,EZS39RG_1538
55,664.464,52.21501581811322,4.853438080899728,2180,237.22832900719965,12.700000000000001,0.6482206726858086,63570.46310499954,33382.602143647266,0.055326531440547805,0.055326531440547805,EZS39RG_1538
56,677.164,52.2138069864479,4.856307155196136,2221,237.22832900719965,12.700000000000001,0.6480855432954833,63569.81488432685,33376.48086839597,0.054853504651434085,0.054853504651434085,EZS39RG_1538
57,689.864,52.21263226387715,4.8592136478153325,2263,237.22832900719965,12.700000000000001,0.647948358443875,63569.16679878355,33370.266414693244,0.05439180187013401,0.05439180187013401,EZS39RG_1538
58,702.564,52.211423432211824,4.8620825681730855,2304,237.22832900719965,12.700000000000001,0.6478153412861793,63568.51885042511,33364.24084324999,0.05393175670770064,0.05393175670770064,EZS39RG_1538
59,715.264,52.210180940616745,4.864912850197083,2346,237.22832900719965,12.700000000000001,0.6476803219396714,63567.87103508383,33358.12450769383,0.053484915445533514,0.053484915445533514,EZS39RG_1538
60,727.964,52.20890525076372,4.867703442347925,2388,237.22832900719965,12.700000000000001,0.6475463995859065,63567.22335476189,33352.05787684407,0.05304517730173149,0.05304517730173149,EZS39RG_1538
61,740.664,52.20759683666002,4.870453308012056,2430,237.22832900719965,12.700000000000001,0.6474135749670857,63566.5758083623,33346.04098460584,0.05260890631388784,0.05260890631388784,EZS39RG_1538
62,753.364,52.20625618447223,4.873161425888884,2471,237.22832900719965,12.700000000000001,0.6472848164402178,63565.928394787334,33340.20837196507,0.05217625438834341,0.05217625438834341,EZS39RG_1538
63,766.064,52.20490722043121,4.875858448835816,2513,237.22832900719965,12.700000000000001,0.6471541631569862,63565.28110997089,33334.28986422056,0.05175032504232345,0.05175032504232345,EZS39RG_1538
64,778.764,52.20355819469985,4.878555307749503,2555,237.22832900719965,12.700000000000001,0.6470246098310695,63564.63395580774,33328.421196621646,0.051332126348782786,0.051332126348782786,EZS39RG_1538
65,791.464,52.20220910728249,4.881252002637174,2596,237.22832900719965,12.700000000000001,0.6468990463838298,63563.986931197906,33322.733356048986,0.050921602558796596,0.050921602558796596,EZS39RG_1538
66,804.164,52.200859958183415,4.8839485335059845,2638,237.22832900719965,12.700000000000001,0.646771668804998,63563.34003215152,33316.96327450916,0.05051869792506084,0.05051869792506084,EZS39RG_1538
67,816.864,52.19951074740685,4.886644900363012,2680,237.22832900719965,12.700000000000001,0.6466453934265624,63562.693260482716,33311.243135610595,0.05012335670189233,0.05012335670189233,EZS39RG_1538
68,829.564,52.19816147495695,4.889341103215256,2721,237.22832900719965,12.700000000000001,0.6465230315708281,63562.04661508929,33305.70036466341,0.049735523145227604,0.049735523145227604,EZS39RG_1538
69,842.264,52.196812140837814,4.892037142069631,2763,237.22832900719965,12.700000000000001,0.646398936392095,63561.40009205772,33300.079015295625,0.04935514151262646,0.04935514151262646,EZS39RG_1538
70,854.964,52.19546274505349,4.894733016932968,2805,237.22832900719965,12.700000000000001,0.6462759456777545,63560.753693121325,33294.507712032835,0.04898215606327296,0.04898215606327296,EZS39RG_1538
71,867.664,52.194113287607934,4.8974287278120086,2846,237.22832900719965,12.700000000000001,0.6461567919861215,63560.10741717565,33289.11031107884,0.048616511057972454,0.048616511057972454,EZS39RG_1538
72,880.364,52.19276376850505,4.9001242747134,2888,237.22832900719965,12.700000000000001,0.6460359859656317,63559.461260383665,33283.63800273763,0.04825815075915801,0.04825815075915801,EZS39RG_1538
73,893.064,52.19141418774866,4.902819657643698,2929,237.22832900719965,12.700000000000001,0.6459189660930997,63558.8152243977,33278.337291925105,0.047907019430885316,0.047907019430885316,EZS39RG_1538
74,905.764,52.19006454534252,4.905514876609354,2971,237.22832900719965,12.700000000000001,0.6458003477735244,63558.169305431606,33272.96411594265,0.047563061338839065,0.047563061338839065,EZS39RG_1538
75,918.464,52.1887148412903,4.90820993161672,3013,237.22832900719965,12.700000000000001,0.6456828377324506,63557.52350508383,33267.64116038748,0.04722622075032908,0.04722622075032908,EZS39RG_1538
76,931.164,52.18736507559559,4.910904822672038,3055,237.22832900719965,12.700000000000001,0.6455664367473353,63556.8778222461,33262.36846079477,0.0468964419342945,0.0468964419342945,EZS39RG_1538
77,943.864,52.18601524826188,4.9135995497814395,3096,237.22832900719965,12.700000000000001,0.6454537193475285,63556.23225580935,33257.26271226429,0.04657366916130108,0.04657366916130108,EZS39RG_1538
78,956.564,52.18466535929261,4.916294112950938,3138,237.22832900719965,12.700000000000001,0.6453395121707874,63555.58680209,33252.089424183636,0.04625784670354632,0.04625784670354632,EZS39RG_1538
79,969.264,52.183315408691094,4.918988512186427,3180,237.22832900719965,12.700000000000001,0.6452264163779897,63554.94146257783,33246.96649847236,0.04594891883485672,0.04594891883485672,EZS39RG_1538
80,981.964,52.18196539646057,4.921682747493673,3221,237.22832900719965,12.700000000000001,0.6451169272303794,63554.296236161455,33242.00703808902,0.045646829830690065,0.045646829830690065,EZS39RG_1538
81,994.664,52.18061532260416,4.924376818878309,3263,237.22832900719965,12.700000000000001,0.6450060298671478,63553.65111923422,33236.98373511549,0.045351523968134806,0.045351523968134806,EZS39RG_1538
82,1007.364,52.1792651871249,4.927070726345833,3305,237.22832900719965,12.700000000000001,0.6448962462375878,63553.006113204356,33232.01090191251,0.04506294552591216,0.04506294552591216,EZS39RG_1538
83,1020.064,52.177914990025705,4.929764469901599,3346,237.22832900719965,12.700000000000001,0.644789992163646,63552.36121695812,33227.19804147499,0.044781038784377294,0.044781038784377294,EZS39RG_1538
84,1032.764,52.176564731309384,4.932458049550809,3388,237.22832900719965,12.700000000000001,0.6446824116280125,63551.716426965955,33222.325044206635,0.04450574802551716,0.04450574802551716,EZS39RG_1538
85,1045.464,52.17521441097862,4.93515146529851,3429,237.22832900719965,12.700000000000001,0.644578309378764,63551.07174455433,33217.60969690511,0.04423701753295342,0.04423701753295342,EZS39RG_1538
86,1058.164,52.173864029035975,4.937844717149584,3471,237.22832900719965,12.700000000000001,0.64447293505804,63550.42716624495,33212.83667822054,0.04397479159194283,0.04397479159194283,EZS39RG_1538
87,1070.864,52.17251358548389,4.940537805108742,3513,237.22832900719965,12.700000000000001,0.6443686784295881,63549.78269330989,33208.11431023941,0.0437401353423532,0.0437401353423532,EZS39RG_1538
88,1083.564,52.17116308032467,4.943230729180515,3555,237.22832900719965,12.700000000000001,0.6442655403003232,63549.138324631465,33203.44262984082,0.04351301231080619,0.04351301231080619,EZS39RG_1538
89,1096.264,52.16981251356046,4.945923489369244,3596,237.22832900719965,12.700000000000001,0.6441657770935989,63548.494059091165,33198.92391633282,0.04329228625156747,0.04329228625156747,EZS39RG_1538
90,1108.964,52.168461885193274,4.948616085679076,3638,237.22832900719965,12.700000000000001,0.6440648515181169,63547.84989331407,33194.352504229224,0.043138399723605655,0.043138399723605655,EZS39RG_1538
91,1121.664,52.16711119522497,4.951308518113946,3680,237.22832900719965,12.700000000000001,0.6439650468580247,63547.20582846255,33189.83189013254,0.043061593096879555,0.043061593096879555,EZS39RG_1538
92,1134.364,52.165760443657234,4.9540007866775735,3721,237.22832900719965,12.700000000000001,0.6438685395741295,63546.56186341569,33185.46072948025,0.042981462042472544,0.042981462042472544,EZS39RG_1538
93,1147.064,52.16440963049158,4.956692891373449,3763,237.22832900719965,12.700000000000001,0.6437709522641388,63545.917994876116,33181.040602869,0.04289810837309275,0.04289810837309275,EZS39RG_1538
94,1159.764,52.16305875572936,4.9593848322048215,3804,237.22832900719965,12.700000000000001,0.6436766107554737,63545.27422392385,33176.767592926415,0.042811633898368055,0.042811633898368055,EZS39RG_1538
95,1172.464,52.161707819371706,4.962076609174685,3846,237.22832900719965,12.700000000000001,0.6435812440048636,63544.63054731309,33172.44810045168,0.04272214042484406,0.04272214042484406,EZS39RG_1538
96,1185.164,52.16035682141956,4.964768222285766,3888,237.22832900719965,12.700000000000001,0.6434870022402344,63543.98696606909,33168.179591992506,0.04262972975598198,0.04262972975598198,EZS39RG_1538
97,1197.864,52.159005761873665,4.967459671540511,3930,237.22832900719965,12.700000000000001,0.6433938862913258,63543.34347906685,33163.96210545993,0.04253450369215668,0.04253450369215668,EZS39RG_1538
98,1210.564,52.15765464073453,4.9701509569410645,3971,237.22832900719965,12.700000000000001,0.6433039121591189,63542.70008518056,33159.88702412405,0.04243656403065458,0.04243656403065458,EZS39RG_1538
99,1223.264,52.15630345800242,4.972842078489259,4013,237.22832900719965,12.700000000000001,0.6432130232877735,63542.056781268395,33155.77046954606,0.04233601256567136,0.04233601256567136,EZS39RG_1538
100,1235.964,52.15495221367736,4.975533036186589,4054,237.22832900719965,12.700000000000001,0.6431252244496948,63541.41356824511,33151.793973845946,0.04223295108830999,0.04223295108830999,EZS39RG_1538
101,1248.664,52.15360090775911,4.978223830034201,4096,237.22832900719965,12.700000000000001,0.6430365659254178,63540.77044302066,33147.77850058689,0.04212748138657846,0.04212748138657846,EZS39RG_1538
102,1261.364,52.152249540247155,4.980914460032863,4138,237.22832900719965,12.700000000000001,0.6429490373638398,63540.12740645473,33143.81423870439,0.04201970524538769,0.04201970524538769,EZS39RG_1538
103,1274.064,52.15089811114066,4.983604926182944,4180,237.22832900719965,12.700000000000001,0.6428626396102646,63539.48445741737,33139.901226809125,0.04196677953736193,0.04196677953736193,EZS39RG_1538
104,1286.764,52.1495466204385,4.986295228484392,4221,237.22832900719965,12.700000000000001,0.6427792274817081,63538.84159477776,33136.123542933354,0.04192082244749898,0.04192082244749898,EZS39RG_1538
105,1299.464,52.14819506813919,4.988985366936705,4263,237.22832900719965,12.700000000000001,0.6426950667156619,63538.19881555028,33132.311915671526,0.04187498699321184,0.04187498699321184,EZS39RG_1538
106,1312.164,52.14684345424089,4.991675341538897,4305,237.22832900719965,12.700000000000001,0.6426120392887613,63537.55612048356,33128.55165399769,0.04182927214822149,0.04182927214822149,EZS39RG_1538
107,1324.864,52.14549177874138,4.994365152289472,4346,237.22832900719965,12.700000000000001,0.6425319191502437,63536.913508444275,33124.92317073349,0.041783676886261244,0.041783676886261244,EZS39RG_1538
108,1337.564,52.144140041638046,4.997054799186386,4388,237.22832900719965,12.700000000000001,0.642451133735318,63536.27097652513,33121.264523146,0.04173820018107596,0.04173820018107596,EZS39RG_1538
109,1350.264,52.14278824292781,4.999744282227008,4429,237.22832900719965,12.700000000000001,0.6423732035050835,63535.628525391396,33117.73529299088,0.04169284100642105,0.04169284100642105,EZS39RG_1538
110,1362.964,52.141436382607125,5.002433601408078,4471,237.22832900719965,12.700000000000001,0.6422946634640163,63534.98615218789,33114.17841299329,0.04164759833606209,0.04164759833606209,EZS39RG_1538
111,1375.664,52.14008446067196,5.005122756725661,4513,237.22832900719965,12.700000000000001,0.6422172610262422,63534.34385752443,33110.67309328366,0.04160247114377376,0.04160247114377376,EZS39RG_1538
112,1388.364,52.13873247711771,5.007811748175095,4555,237.22832900719965,12.700000000000001,0.642140997060936,63533.7016402634,33107.21937354002,0.04155745840333887,0.04155745840333887,EZS39RG_1538
113,1401.064,52.13738043193923,5.0105005757509335,4596,237.22832900719965,12.700000000000001,0.6420674832215776,63533.05949926634,33103.89031059447,0.041512559088547445,0.041512559088547445,EZS39RG_1538
114,1413.764,52.13602832513068,5.013189239446887,4638,237.22832900719965,12.700000000000001,0.6419934714581146,63532.41743178312,33100.538670140624,0.04146990453261974,0.04146990453261974,EZS39RG_1538
115,1426.464,52.13467615668559,5.015877739255749,4680,237.22832900719965,12.700000000000001,0.6419206007697149,63531.77543831166,33097.23874844447,0.04143839031487278,0.04143839031487278,EZS39RG_1538
116,1439.164,52.133323926596724,5.01856607516932,4721,237.22832900719965,12.700000000000001,0.6418504013783857,63531.13351771089,33094.05991140348,0.041406995968699394,0.041406995968699394,EZS39RG_1538
117,1451.864,52.131971634856036,5.021254247178325,4763,237.22832900719965,12.700000000000001,0.6417797880580709,63530.491667309514,33090.86230477629,0.041375716587951354,0.041375716587951354,EZS39RG_1538
118,1464.564,52.130619281454614,5.023942255272311,4805,237.22832900719965,12.700000000000001,0.6417103184396467,63529.84988752146,33087.716536776614,0.04134454726659818,0.04134454726659818,EZS39RG_1538
119,1477.264,52.12926686638258,5.026630099439544,4846,237.22832900719965,12.700000000000001,0.6416434411222336,63529.208177203014,33084.688273636195,0.04131348309872481,0.04131348309872481,EZS39RG_1538
120,1489.964,52.127914389629005,5.029317779666884,4888,237.22832900719965,12.700000000000001,0.6415762340862206,63528.56653376189,33081.645058622235,0.041282519178529,0.041282519178529,EZS39RG_1538
121,1502.664,52.12656185118181,5.03200529593965,4930,237.22832900719965,12.700000000000001,0.6415101734033664,63527.92495752781,33078.653803191155,0.041251650600318525,0.041251650600318525,EZS39RG_1538
122,1515.364,52.12520925102765,5.034692648241463,4971,237.22832900719965,12.700000000000001,0.6414466258567026,63527.283447354406,33075.77646509858,0.04122087245850766,0.04122087245850766,EZS39RG_1538
123,1528.064,52.12385658915176,5.037379836554062,5013,237.22832900719965,12.700000000000001,0.6413828330190787,63526.64200072855,33072.8880027221,0.041190179847613397,0.041190179847613397,EZS39RG_1538
124,1540.764,52.12250386553784,5.04006686085711,5054,237.22832900719965,12.700000000000001,0.6413215006597641,63526.00061789553,33070.11107133867,0.041159567862251195,0.041159567862251195,EZS39RG_1538
125,1553.464,52.12115108016784,5.042753721127951,5096,237.22832900719965,12.700000000000001,0.6412599791886588,63525.35929639487,33067.32556260908,0.04112903159712946,0.04112903159712946,EZS39RG_1538
126,1566.164,52.119798233021804,5.045440417341343,5138,237.22832900719965,12.700000000000001,0.6411996085370422,63524.71803641568,33064.59221715332,0.04109856614704395,0.04109856614704395,EZS39RG_1538
127,1578.864,52.11844532407758,5.048126949469139,5180,237.22832900719965,12.700000000000001,0.6411403896152652,63524.076836807144,33061.91107647742,0.04106816660687052,0.04106816660687052,EZS39RG_1538
128,1591.564,52.11709235331057,5.05081331747992,5221,237.22832900719965,12.700000000000001,0.6410835249873783,63523.43569641753,33059.33665463446,0.04103782807155697,0.04103782807155697,EZS39RG_1538
129,1604.264,52.115739320693415,5.053499521338562,5263,237.22832900719965,12.700000000000001,0.641026584583587,63522.79461289255,33056.75879366634,0.0410075456361133,0.0410075456361133,EZS39RG_1538
130,1616.964,52.114386226195606,5.056185561005717,5304,237.22832900719965,12.700000000000001,0.6409719455867426,63522.15358630796,33054.28525470281,0.04097731439560027,0.04097731439560027,EZS39RG_1538
131,1629.664,52.113033069783015,5.0588714364372,5346,237.22832900719965,12.700000000000001,0.6409172872878883,63521.51261436238,33051.810836938545,0.04094712944511527,0.04094712944511527,EZS39RG_1538
132,1642.364,52.11167985141734,5.06155714758325,5388,237.22832900719965,12.700000000000001,0.6408637852684882,63520.87169707509,33049.3888313281,0.04091698587977556,0.04091698587977556,EZS39RG_1538
133,1655.064,52.110326571055445,5.0642426943876275,5430,237.22832900719965,12.700000000000001,0.6408114404558498,63520.230833289825,33047.01928012635,0.04088687879469759,0.04088687879469759,EZS39RG_1538
134,1667.764,52.108973228648516,5.066928076786514,5471,237.22832900719965,12.700000000000001,0.6407612904004623,63519.59002184937,33044.74921747876,0.040856803284971814,0.040856803284971814,EZS39RG_1538
135,1680.464,52.10761982414106,5.069613294707136,5513,237.22832900719965,12.700000000000001,0.6407112349774431,63518.94926055897,33042.48344142462,0.04082675444563096,0.04082675444563096,EZS39RG_1538
136,1693.164,52.106266357469615,5.07229834806605,5555,237.22832900719965,12.700000000000001,0.6406623395377555,63518.30854932399,33040.2702462746,0.040796727371610206,0.040796727371610206,EZS39RG_1538
137,1705.864,52.104912828561076,5.074983236766942,5596,237.22832900719965,12.700000000000001,0.6406155588225164,63517.667886984455,33038.15291243958,0.04076671715769587,0.04076671715769587,EZS39RG_1538
138,1718.564,52.10355923733062,5.077667960697792,5638,237.22832900719965,12.700000000000001,0.640568958283863,63517.027271425635,33036.04374348981,0.040736718898459305,0.040736718898459305,EZS39RG_1538
139,1731.264,52.10220558367889,5.080352519727137,5679,237.22832900719965,12.700000000000001,0.6405244192309549,63516.38670246735,33034.02802293451,0.040706727688168985,0.040706727688168985,EZS39RG_1538
140,1743.964,52.10085186748822,5.0830369136990345,5721,237.22832900719965,12.700000000000001,0.6404801172808141,63515.746178048124,33032.02304811184,0.04067673862067185,0.04067673862067185,EZS39RG_1538
141,1756.664,52.09949808861747,5.085721142426133,5763,237.22832900719965,12.700000000000001,0.64043697999112,63515.10569793084,33030.07086718701,0.04064674678922923,0.04064674678922923,EZS39RG_1538
142,1769.364,52.098144246894705,5.088405205679858,5805,237.22832900719965,12.700000000000001,0.6403950083151375,63514.46526095085,33028.171523557554,0.04062049255181294,0.04062049255181294,EZS39RG_1538
143,1782.064,52.09679034210639,5.091089103176028,5846,237.22832900719965,12.700000000000001,0.6403549907607,63513.82486594253,33026.36076219136,0.04060055627815673,0.04060055627815673,EZS39RG_1538
144,1794.764,52.09543637398102,5.0937728345528885,5888,237.22832900719965,12.700000000000001,0.6403153251618181,63513.18451095177,33024.56595360945,0.04058063811991718,0.04058063811991718,EZS39RG_1538
145,1807.464,52.094082342162736,5.09645639933584,5929,237.22832900719965,12.700000000000001,0.6402775602057058,63512.54419562661,33022.85730339297,0.04056073220854114,0.04056073220854114,EZS39RG_1538
146,1820.164,52.092728246166075,5.099139796876951,5971,237.22832900719965,12.700000000000001,0.6402402044397701,63511.903918066404,33021.16720079035,0.040540832671472134,0.040540832671472134,EZS39RG_1538
147,1832.864,52.09137408529143,5.101823026241836,6013,237.22832900719965,12.700000000000001,0.6402040190513778,63511.26367786196,33019.530152288076,0.04052093362938831,0.04052093362938831,EZS39RG_1538
148,1845.564,52.090019858446375,5.104506085970728,6055,237.22832900719965,12.700000000000001,0.6401690050114426,63510.62347384291,33017.94620205864,0.040501029190348654,0.040501029190348654,EZS39RG_1538
149,1858.264,52.08866556369185,5.107188973471502,6096,237.22832900719965,12.700000000000001,0.6401357837624424,63509.9833048379,33016.4435217714,0.040481113434869875,0.040481113434869875,EZS39RG_1538
150,1870.964,52.08734329533022,5.109913766493003,6138,237.22832900719965,12.700000000000001,0.6401030871826945,63509.34316905414,33014.964624529646,0.04046223675864347,0.04046223675864347,EZS39RG_1538
151,1883.664,52.08605354467591,5.1126794521489805,6180,237.22832900719965,12.700000000000001,0.6400715648584268,63508.703065966954,33013.538957789075,0.040444357691794594,0.040444357691794594,EZS39RG_1538
152,1896.364,52.08479679096075,5.115485002537198,6221,237.22832900719965,12.700000000000001,0.6400417543826045,63508.0629944021,33012.190892162944,0.04042743329537656,0.04042743329537656,EZS39RG_1538
153,1909.064,52.083567353221554,5.118322346610615,6263,237.22832900719965,12.700000000000001,0.6400125552887139,63507.422952647714,33010.8705408292,0.0404112418122955,0.0404112418122955,EZS39RG_1538
154,1921.764,52.08233784718254,5.121159534149256,6304,237.22832900719965,12.700000000000001,0.6399850141958368,63506.782940092424,33009.62534986537,0.04039496304280768,0.04039496304280768,EZS39RG_1538
155,1934.464,52.08110827284903,5.123996565158303,6346,237.22832900719965,12.700000000000001,0.6399581421927414,63506.14295507823,33008.410489455644,0.04037859137852676,0.04037859137852676,EZS39RG_1538
156,1947.164,52.079878630226325,5.126833439642911,6388,237.22832900719965,12.700000000000001,0.6399324493415917,63505.50299693603,33007.24908216811,0.04036212121105126,0.04036212121105126,EZS39RG_1538
157,1959.864,52.078648919319704,5.129670157608208,6430,237.22832900719965,12.700000000000001,0.6399079366402931,63504.86306448669,33006.141173357886,0.040345546931964835,0.040345546931964835,EZS39RG_1538
158,1972.564,52.07741914013441,5.132506719059297,6471,237.22832900719965,12.700000000000001,0.6398849733393654,63504.223156550055,33005.10350228505,0.040328862932836364,0.040328862932836364,EZS39RG_1538
159,1985.264,52.07618929267567,5.135343124001249,6513,237.22832900719965,12.700000000000001,0.6398627955681386,63503.58327157672,33004.10144069773,0.04031206360522007,0.04031206360522007,EZS39RG_1538
160,1997.964,52.07495937694869,5.138179372439109,6554,237.22832900719965,12.700000000000001,0.6398421130982612,63502.943408781146,33003.167164614286,0.04029514334065568,0.04029514334065568,EZS39RG_1538
161,2010.664,52.07372939295863,5.141015464377891,6596,237.22832900719965,12.700000000000001,0.6398222741885808,63502.303566668044,33002.27112887719,0.04027809653066857,0.04027809653066857,EZS39RG_1538
162,2023.364,52.07249934071064,5.143851399822579,6638,237.22832900719965,12.700000000000001,0.6398036204153408,63501.66374439385,33001.42881818309,0.04026091756676988,0.04026091756676988,EZS39RG_1538
163,2036.064,52.071269220209835,5.146687178778126,6680,237.22832900719965,12.700000000000001,0.639786152794783,63501.02394077344,33000.64027868921,0.040243600840456695,0.040243600840456695,EZS39RG_1538
164,2048.764,52.07003903146129,5.14952280124945,6721,237.22832900719965,12.700000000000001,0.6397700713639163,63500.384154620646,32999.914578737975,0.04022614074321215,0.04022614074321215,EZS39RG_1538
165,2061.464,52.06880877447007,5.15235826724144,6763,237.22832900719965,12.700000000000001,0.6397549505882332,63499.74438454928,32999.23242769458,0.04020853166650562,0.04020853166650562,EZS39RG_1538
166,2074.164,52.067578449241196,5.15519357675895,6805,237.22832900719965,12.700000000000001,0.6397410190078308,63499.104629598696,32998.60418601354,0.04019076800179281,0.04019076800179281,EZS39RG_1538
167,2086.864,52.066348055779656,5.158028729806796,6846,237.22832900719965,12.700000000000001,0.6397283917213139,63498.464888579685,32998.0350715232,0.040172844140515904,0.040172844140515904,EZS39RG_1538
168,2099.564,52.06511759409041,5.160863726389762,6888,237.22832900719965,12.700000000000001,0.6397168130248578,63497.82516018796,32997.51349247662,0.040154754474103715,0.040154754474103715,EZS39RG_1538
169,2112.264,52.06388706417838,5.163698566512591,6930,237.22832900719965,12.700000000000001,0.6397064265940053,63497.18544337493,32997.045962166085,0.04013649339397182,0.04013649339397182,EZS39RG_1538
170,2124.964,52.06265646604846,5.166533250179992,6971,237.22832900719965,12.700000000000001,0.6396972623651669,63496.54573694834,32996.63383775127,0.04012329243549699,0.04012329243549699,EZS39RG_1538
171,2137.664,52.0614257997055,5.169367777396632,7013,237.22832900719965,12.700000000000001,0.6396892349123138,63495.90603968598,32996.27324666136,0.040113709553669816,0.040113709553669816,EZS39RG_1538
172,2150.364,52.06019506515433,5.172202148167139,7055,237.22832900719965,12.700000000000001,0.6396824028233146,63495.266350451064,32995.966844901195,0.04010401078081373,0.04010401078081373,EZS39RG_1538
173,2163.064,52.05896426239972,5.1750363624961,7096,237.22832900719965,12.700000000000001,0.6396767106465544,63494.626668048244,32995.71211871805,0.040013731595733154,0.040013731595733154,EZS39RG_1538
174,2175.764,52.05773339144642,5.177870420388058,7138,237.22832900719965,12.700000000000001,0.6396722436849887,63493.986991337595,32995.512935183564,0.03978773951434596,0.03978773951434596,EZS39RG_1538
175,2188.464,52.05650245229913,5.180704321847512,7179,237.22832900719965,12.700000000000001,0.6396688618867072,63493.34731909391,32995.362945346475,0.039562027149354285,0.039562027149354285,EZS39RG_1538
176,2201.164,52.05527144496251,5.183538066878916,7221,237.22832900719965,12.700000000000001,0.639666764166354,63492.70765023203,32995.271166631086,0.0393366063555016,0.0393366063555016,EZS39RG_1538
177,2213.864,52.05404036944118,5.186371655486678,7263,237.22832900719965,12.700000000000001,0.6396658670276714,63492.06798346786,32995.23381391513,0.03911148898755178,0.03911148898755178,EZS39RG_1538
178,2226.564,52.05280922573973,5.189205087675156,7304,237.22832900719965,12.700000000000001,0.6396659724290792,63491.42831760083,32995.24190938236,0.03888668690028858,0.03888668690028858,EZS39RG_1538
179,2239.264,52.05157801386268,5.192038363448662,7346,237.22832900719965,12.700000000000001,0.6396674507740778,63490.788651628405,32995.31224455298,0.038662211948515476,0.038662211948515476,EZS39RG_1538
180,2251.964,52.05034673381453,5.194871482811453,7388,237.22832900719965,12.700000000000001,0.6396701328743817,63490.148984177635,32995.43714960844,0.03843807598705539,0.03843807598705539,EZS39RG_1538
181,2264.664,52.049115385599706,5.197704445767735,7430,237.22832900719965,12.700000000000001,0.6396740198028767,63489.50931404476,32995.61667318004,0.03821429087075032,0.03821429087075032,EZS39RG_1538
182,2277.364,52.0478839692226,5.200537252321658,7471,237.22832900719965,12.700000000000001,0.6396787985682579,63488.869640024954,32995.83662641482,0.03799086845446116,0.03799086845446116,EZS39RG_1538
183,2290.064,52.04665248468757,5.203369902477319,7513,237.22832900719965,12.700000000000001,0.6396850694087532,63488.22996122639,32996.124219909936,0.03776782059306743,0.03776782059306743,EZS39RG_1538
184,2302.764,52.04542093199889,5.206202396238752,7555,237.22832900719965,12.700000000000001,0.6396925482894167,63487.59027615698,32996.46657748055,0.037545159141466986,0.037545159141466986,EZS39RG_1538
185,2315.464,52.0441893111608,5.209034733609936,7596,237.22832900719965,12.700000000000001,0.6397008359068959,63486.95058360869,32996.845597482534,0.03732289595457561,0.03732289595457561,EZS39RG_1538
186,2328.164,52.042957622177475,5.2118669145947845,7638,237.22832900719965,12.700000000000001,0.6397107050744923,63486.310882772785,32997.29631382725,0.03710104288732699,0.03710104288732699,EZS39RG_1538
187,2340.864,52.041725865053046,5.214698939197149,7680,237.22832900719965,12.700000000000001,0.639721785523166,63485.67117206771,32997.80194106998,0.03687961179467226,0.03687961179467226,EZS39RG_1538
188,2353.564,52.040494039791575,5.217530807420813,7721,237.22832900719965,12.700000000000001,0.6397335914012658,63485.031450282186,32998.34045407657,0.03665861453157986,0.03665861453157986,EZS39RG_1538
189,2366.264,52.03926214639707,5.220362519269492,7763,237.22832900719965,12.700000000000001,0.6397470685691686,63484.391716690785,32998.95473144853,0.03643806295303525,0.03643806295303525,EZS39RG_1538
190,2378.964,52.03803018487347,5.223194074746832,7804,237.22832900719965,12.700000000000001,0.6397612157366483,63483.751969622215,32999.59938170195,0.03621796891404045,0.03621796891404045,EZS39RG_1538
191,2391.664,52.03679815522465,5.226025473856405,7846,237.22832900719965,12.700000000000001,0.6397770939264642,63483.11220840648,33000.322504044365,0.03599834426961412,0.03599834426961412,EZS39RG_1538
192,2404.364,52.035566057454425,5.228856716601705,7888,237.22832900719965,12.700000000000001,0.6397941888547745,63482.47243131255,33001.100784415714,0.03577920087479107,0.03577920087479107,EZS39RG_1538
193,2417.064,52.03433389156653,5.2316878029861495,7929,237.22832900719965,12.700000000000001,0.639811870126016,63481.83263712369,33001.9056451136,0.03556055058462206,0.03556055058462206,EZS39RG_1538
194,2429.764,52.03310165756464,5.234518733013074,7971,237.22832900719965,12.700000000000001,0.6398313726048572,63481.192825253565,33002.79306601702,0.03534240525417364,0.03534240525417364,EZS39RG_1538
195,2442.464,52.03186935545234,5.237349506685729,8013,237.22832900719965,12.700000000000001,0.639852095141147,63480.55299388096,33003.735795180284,0.035124776738527645,0.035124776738527645,EZS39RG_1538
196,2455.164,52.03063698523315,5.240180124007278,8055,237.22832900719965,12.700000000000001,0.6398740388568283,63479.91314178582,33004.73388337698,0.034907676892781236,0.034907676892781236,EZS39RG_1538
197,2467.864,52.029404546910506,5.2430105849807935,8096,237.22832900719965,12.700000000000001,0.6398964568164782,63479.27326774697,33005.75346987655,0.03469111757204651,0.03469111757204651,EZS39RG_1538
198,2480.564,52.02817204048776,5.245840889609253,8138,237.22832900719965,12.700000000000001,0.6399208168963775,63478.633371290154,33006.861097471345,0.034479897239777776,0.034479897239777776,EZS39RG_1538
199,2493.264,52.026939465968184,5.248671037895536,8180,237.22832900719965,12.700000000000001,0.6399464015142922,63477.99345047326,33008.02423606394,0.03427035842543327,0.03427035842543327,EZS39RG_1538
200,2505.964,52.025706823354945,5.251501029842421,8221,237.22832900719965,12.700000000000001,0.6399723762200633,63477.35350407175,33009.20505770189,0.03406125270489846,0.03406125270489846,EZS39RG_1538
201,2518.664,52.024474112651134,5.25433086545258,8263,237.22832900719965,12.700000000000001,0.6400003838678623,63476.713531695525,33010.47803724281,0.03385259042010132,0.03385259042010132,EZS39RG_1538
202,2531.364,52.023241333859744,5.257160544728576,8305,237.22832900719965,12.700000000000001,0.6400296194422244,63476.07353131166,33011.80668105404,0.03364438191298336,0.03364438191298336,EZS39RG_1538
203,2544.064,52.02200848698366,5.259990067672856,8346,237.22832900719965,12.700000000000001,0.6400591607312105,63475.43350169222,33013.1491827908,0.03343663752549945,0.03343663752549945,EZS39RG_1538
204,2556.764,52.020775572025656,5.262819434287749,8388,237.22832900719965,12.700000000000001,0.6400908260604365,63474.79344253149,33014.5879716943,0.03322936759961758,0.03322936759961758,EZS39RG_1538
205,2569.464,52.019542588988415,5.26564864457546,8430,237.22832900719965,12.700000000000001,0.6401237227348917,63474.15335170543,33016.082579457965,0.033022582477318964,0.033022582477318964,EZS39RG_1538
206,2582.164,52.0183095378745,5.268477698538065,8471,237.22832900719965,12.700000000000001,0.6401568405316156,63473.513227982694,33017.58721007793,0.03281629250059761,0.03281629250059761,EZS39RG_1538
207,2594.864,52.01707641868635,5.271306596177503,8513,237.22832900719965,12.700000000000001,0.6401921737456153,63472.87307114216,33019.192269689775,0.03261050801146017,0.03261050801146017,EZS39RG_1538
208,2607.564,52.01584323142629,5.274135337495576,8554,237.22832900719965,12.700000000000001,0.6402276717923043,63472.23287896841,33020.80480021351,0.032405239351926025,0.032405239351926025,EZS39RG_1538
209,2620.264,52.01460997609651,5.276963922493937,8596,237.22832900719965,12.700000000000001,0.6402654460837973,63471.59265129662,33022.52051680034,0.03220049686402698,0.03220049686402698,EZS39RG_1538
210,2632.964,52.013376652699066,5.279792351174087,8638,237.22832900719965,12.700000000000001,0.6403044574763328,63470.952385850534,33024.292312424135,0.03199629088980704,0.03199629088980704,EZS39RG_1538
211,2645.664,52.012143261235884,5.282620623537366,8680,237.22832900719965,12.700000000000001,0.640344707142561,63470.31208139306,33026.120240077034,0.03179263177132262,0.03179263177132262,EZS39RG_1538
212,2658.364,52.010909801708735,5.285448739584948,8721,237.22832900719965,12.700000000000001,0.6403850080808782,63469.671736685916,33027.95049024787,0.03158952985064215,0.03158952985064215,EZS39RG_1538
213,2671.064,52.009676274119236,5.28827669931783,8763,237.22832900719965,12.700000000000001,0.6404277080366536,63469.03135167783,33029.88949117067,0.03138699546984598,0.03138699546984598,EZS39RG_1538
214,2683.764,52.00844267846885,5.291104502736829,8805,237.22832900719965,12.700000000000001,0.6404716497763068,63468.3909239698,33031.88478272044,0.03118503897102643,0.03118503897102643,EZS39RG_1538
215,2696.464,52.00720901475888,5.293932149842567,8846,237.22832900719965,12.700000000000001,0.6405155575261385,63467.75045232002,33033.8785313417,0.03098367069628769,0.03098367069628769,EZS39RG_1538
216,2709.164,52.005975282990434,5.296759640635465,8888,237.22832900719965,12.700000000000001,0.640561956521424,63467.10993676249,33035.98521086444,0.030782900987745717,0.030782900987745717,EZS39RG_1538
217,2721.864,52.00474148316445,5.299586975115735,8930,237.22832900719965,12.700000000000001,0.6406096008416668,63466.46937480597,33038.148340966975,0.030582740187528087,0.030582740187528087,EZS39RG_1538
218,2734.564,52.00350761528167,5.302414153283366,8971,237.22832900719965,12.700000000000001,0.6406571256828792,63465.82876520513,33040.30605239041,0.030383198637774046,0.030383198637774046,EZS39RG_1538
219,2747.264,52.00227367934263,5.305241175138113,9013,237.22832900719965,12.700000000000001,0.6407072342860678,63465.18810807945,33042.580887855554,0.030184286680634557,0.030184286680634557,EZS39RG_1538
220,2759.964,52.001039675347656,5.308068040679489,9055,237.22832900719965,12.700000000000001,0.6407585917863767,63464.547400845164,33044.91233521787,0.029986014658272216,0.029986014658272216,EZS39RG_1538
221,2772.664,51.99980560329685,5.310894749906745,9096,237.22832900719965,12.700000000000001,0.6408097440890692,63463.90664225338,33047.23447775612,0.02978839291286122,0.02978839291286122,EZS39RG_1538
222,2785.364,51.99857146319008,5.313721302818864,9138,237.22832900719965,12.700000000000001,0.6408635729612449,63463.26583250929,33049.67795057631,0.029591431786587588,0.029591431786587588,EZS39RG_1538
223,2798.064,51.99733725502696,5.316547699414541,9179,237.22832900719965,12.700000000000001,0.6409171395927484,63462.62496893633,33052.109532468385,0.029395141621648926,0.029395141621648926,EZS39RG_1538
224,2810.764,51.99610297880685,5.319373939692169,9221,237.22832900719965,12.700000000000001,0.6409734445777939,63461.98405179674,33054.66524478231,0.029199532760254825,0.029199532760254825,EZS39RG_1538
225,2823.464,51.99486863452883,5.322200023649821,9263,237.22832900719965,12.700000000000001,0.6410310044733221,63461.34307835216,33057.27784047027,0.0290046295068921,0.0290046295068921,EZS39RG_1538
226,2836.164,51.993634222191666,5.325025951285234,9305,237.22832900719965,12.700000000000001,0.6410898205043145,63460.70204734769,33059.94737482252,0.028813657957181587,0.028813657957181587,EZS39RG_1538
227,2848.864,51.99239974179385,5.327851722595785,9346,237.22832900719965,12.700000000000001,0.6411482592039808,63460.06095752718,33062.59980051337,0.02862325367367257,0.02862325367367257,EZS39RG_1538
228,2861.564,51.991165193333515,5.330677337578474,9388,237.22832900719965,12.700000000000001,0.641209560971002,63459.41980926798,33065.38200870782,0.02843342557568456,0.02843342557568456,EZS39RG_1538
229,2874.264,51.98993057680847,5.3335027962299,9430,237.22832900719965,12.700000000000001,0.6412721225400448,63458.77859970701,33068.22132103587,0.028244182582550608,0.028244182582550608,EZS39RG_1538
230,2886.964,51.98869589221613,5.3363280985462325,9471,237.22832900719965,12.700000000000001,0.641334220358402,63458.13732758447,33071.03960682646,0.028055533613617664,0.028055533613617664,EZS39RG_1538
231,2899.664,51.98746113955353,5.339153244523189,9513,237.22832900719965,12.700000000000001,0.6413992749394628,63457.49599336411,33073.99192132461,0.027867487588247142,0.027867487588247142,EZS39RG_1538
232,2912.364,51.98622631881729,5.341978234156002,9555,237.22832900719965,12.700000000000001,0.6414655930209443,63456.85459408917,33077.00150682938,0.0276800534258152,0.0276800534258152,EZS39RG_1538
233,2925.064,51.98499143000357,5.344803067439392,9596,237.22832900719965,12.700000000000001,0.6415313606945257,63456.21312849615,33079.9861371588,0.027493240045713345,0.027493240045713345,EZS39RG_1538
234,2937.764,51.98375647310806,5.347627744367524,9638,237.22832900719965,12.700000000000001,0.6416001791271118,63455.57159713546,33083.10905594491,0.02730705636734902,0.02730705636734902,EZS39RG_1538
235,2950.464,51.982521448125944,5.350452264933979,9680,237.22832900719965,12.700000000000001,0.6416702647905463,63454.92999695633,33086.28941402439,0.02712151131014634,0.02712151131014634,EZS39RG_1538
236,2963.164,51.98128635505186,5.353276629131707,9721,237.22832900719965,12.700000000000001,0.6417397131488569,63454.28832669154,33089.44087743523,0.026936613793546796,0.026936613793546796,EZS39RG_1538
237,2975.864,51.980051193879845,5.3561008369529794,9763,237.22832900719965,12.700000000000001,0.641812306565948,63453.646586978386,33092.73490271041,0.026752372737010085,0.026752372737010085,EZS39RG_1538
238,2988.564,51.978815964603335,5.358924888389345,9804,237.22832900719965,12.700000000000001,0.6418842048463826,63453.00477467182,33095.997411535485,0.026568797060015265,0.026568797060015265,EZS39RG_1538
239,3001.264,51.977580667215065,5.361748783431569,9846,237.22832900719965,12.700000000000001,0.6419593109674022,63452.362890466975,33099.405327272034,0.026385895682061605,0.026385895682061605,EZS39RG_1538
240,3013.964,51.976345301707056,5.364572522069575,9888,237.22832900719965,12.700000000000001,0.6420356905980575,63451.72093115601,33102.87096548578,0.026203677522670072,0.026203677522670072,EZS39RG_1538
241,3026.664,51.975109868070525,5.367396104292376,9930,237.22832900719965,12.700000000000001,0.642113345017242,63451.07889546541,33106.39438384785,0.026052583786719766,0.026052583786719766,EZS39RG_1538
242,3039.364,51.97387436629585,5.370219530087999,9971,237.22832900719965,12.700000000000001,0.6421901876081226,63450.43678212039,33109.88099561126,0.026006279498043197,0.026006279498043197,EZS39RG_1538
243,3052.064,51.97263879637249,5.373042799443403,10013,237.22832900719965,12.700000000000001,0.6422703647779286,63449.79459193278,33113.51875748738,0.025960786266273086,0.025960786266273086,EZS39RG_1538
244,3064.764,51.97140315828888,5.375865912344383,10055,237.22832900719965,12.700000000000001,0.6423518205638858,63449.152321568006,33117.21447210046,0.02591609800883571,0.02591609800883571,EZS39RG_1538
245,3077.464,51.97016745203236,5.378688868775471,10096,237.22832900719965,12.700000000000001,0.6424323768911964,63448.50996974744,33120.869407487815,0.025872208643149115,0.025872208643149115,EZS39RG_1538
246,3090.164,51.9689316775891,5.381511668719811,10138,237.22832900719965,12.700000000000001,0.6425163630229094,63447.867537370556,33124.679808059365,0.02582911208662288,0.02582911208662288,EZS39RG_1538
247,3102.864,51.96769583494392,5.384334312159032,10180,237.22832900719965,12.700000000000001,0.6426016316311585,63447.22502100753,33128.54833541101,0.02578680225665817,0.02578680225665817,EZS39RG_1538
248,3115.564,51.96645992408022,5.3871567990730975,10221,237.22832900719965,12.700000000000001,0.6426859129016351,63446.582419375896,33132.37209967376,0.025745273070647678,0.025745273070647678,EZS39RG_1538
249,3128.264,51.96522394497981,5.3899791294401345,10263,237.22832900719965,12.700000000000001,0.6427737195156902,63445.939733463,33136.35565831244,0.025704518445975683,0.025704518445975683,EZS39RG_1538
250,3140.964,51.96398789762275,5.392801303236239,10305,237.22832900719965,12.700000000000001,0.6428628124996103,63445.29695974348,33140.397519239246,0.0256645323000179,0.0256645323000179,EZS39RG_1538
251,3153.664,51.962751781987144,5.395623320435257,10346,237.22832900719965,12.700000000000001,0.6429508300156177,63444.65409693098,33144.39062188097,0.025625308550141255,0.025625308550141255,EZS39RG_1538
252,3166.364,51.96151559804892,5.398445181008522,10388,237.22832900719965,12.700000000000001,0.6430424687306646,63444.011146100966,33148.54786232811,0.02559521167348247,0.02559521167348247,EZS39RG_1538
253,3179.064,51.96027934578159,5.401266884924566,10429,237.22832900719965,12.700000000000001,0.6431329733215421,63443.36810363224,33152.65368545861,0.025566835689580774,0.025566835689580774,EZS39RG_1538
254,3191.764,51.95904302515595,5.404088432148771,10471,237.22832900719965,12.700000000000001,0.6432271629332862,63442.724970658914,33156.92653825567,0.025539396645420008,0.025539396645420008,EZS39RG_1538
255,3204.464,51.9578066361397,5.406909822642964,10513,237.22832900719965,12.700000000000001,0.6433226454667633,63442.08174349598,33161.25798865548,0.025511420208765737,0.025511420208765737,EZS39RG_1538
256,3217.164,51.95657017869707,5.4097310563649454,10555,237.22832900719965,12.700000000000001,0.6434194222563154,63441.438420850514,33165.6480967964,0.025482912485854017,0.025482912485854017,EZS39RG_1538
257,3229.864,51.955333652788326,5.41255213326792,10596,237.22832900719965,12.700000000000001,0.6435149465556314,63440.79500142826,33169.98142186971,0.025453879582901986,0.025453879582901986,EZS39RG_1538
258,3242.564,51.95409705836916,5.415373053299824,10638,237.22832900719965,12.700000000000001,0.6436142847241735,63440.15148648171,33174.48761479531,0.025424327606105024,0.025424327606105024,EZS39RG_1538
259,3255.264,51.95286039539001,5.418193816402509,10680,237.22832900719965,12.700000000000001,0.6437149211420261,63439.507872196984,33179.05264542819,0.025394262661633766,0.025394262661633766,EZS39RG_1538
260,3267.964,51.9516236637952,5.421014422510751,10721,237.22832900719965,12.700000000000001,0.643814216172927,63438.86415727584,33183.55686320988,0.025363690855630106,0.025363690855630106,EZS39RG_1538
261,3280.664,51.95038686352188,5.423834871551033,10763,237.22832900719965,12.700000000000001,0.6439174218930124,63438.22034305967,33188.238335700706,0.025332618294202625,0.025332618294202625,EZS39RG_1538
262,3293.364,51.949149994498704,5.426655163440025,10805,237.22832900719965,12.700000000000001,0.6440219298892988,63437.57642563778,33192.97882737241,0.02530105108342083,0.02530105108342083,EZS39RG_1538
263,3306.064,51.9479130566442,5.429475298082676,10846,237.22832900719965,12.700000000000001,0.644125007341835,63436.93240370789,33197.654464681735,0.025268995329307813,0.025268995329307813,EZS39RG_1538
264,3318.764,51.94667604986464,5.43229527536977,10888,237.22832900719965,12.700000000000001,0.6442320926302647,63436.28827870055,33202.511758273715,0.02523645713783119,0.02523645713783119,EZS39RG_1538
265,3331.464,51.94543897405132,5.435115095174762,10930,237.22832900719965,12.700000000000001,0.6443404842556153,63435.64404660792,33207.42825403851,0.025203442614891155,0.025203442614891155,EZS39RG_1538
266,3344.164,51.9442018290769,5.437934757349583,10971,237.22832900719965,12.700000000000001,0.6444473559180302,63434.999706123665,33212.275842101655,0.025169957866304847,0.025169957866304847,EZS39RG_1538
267,3356.864,51.94296461479056,5.4407542617189835,11013,237.22832900719965,12.700000000000001,0.6445583328924462,63434.35525876775,33217.30950285971,0.025136008997785477,0.025136008997785477,EZS39RG_1538
268,3369.564,51.94172733101116,5.443573608072695,11054,237.22832900719965,12.700000000000001,0.64466773038548,63433.71070043486,33222.271558004715,0.025101602114913038,0.025101602114913038,EZS39RG_1538
269,3382.264,51.94048997751763,5.446392796154266,11096,237.22832900719965,12.700000000000001,0.6447812980956635,63433.066032704475,33227.42262649777,0.025066743323093436,0.025066743323093436,EZS39RG_1538
270,3394.964,51.939252554034695,5.449211825644584,11138,237.22832900719965,12.700000000000001,0.6448961789751086,63432.42125140638,33232.633205050595,0.025031438727497718,0.025031438727497718,EZS39RG_1538
271,3407.664,51.93801506021092,5.452030696136493,11180,237.22832900719965,12.700000000000001,0.6450123744150902,63431.776355227405,33237.90335635876,0.024995694432969066,0.024995694432969066,EZS39RG_1538
272,3420.364,51.93677749558305,5.454849407093577,11221,237.22832900719965,12.700000000000001,0.6451268702573179,63431.13134285299,33243.096457397245,0.024959516543872212,0.024959516543872212,EZS39RG_1538
273,3433.064,51.93553985951395,5.457667957778446,11263,237.22832900719965,12.700000000000001,0.6452456673625979,63430.48621598273,33248.4845089636,0.0249229111638321,0.0249229111638321,EZS39RG_1538
274,3445.764,51.93430215107428,5.460486347115936,11305,237.22832900719965,12.700000000000001,0.6453657831916502,63429.84097031537,33253.932320898064,0.024885884395237076,0.024885884395237076,EZS39RG_1538
275,3458.464,51.93306436878512,5.463304573395705,11346,237.22832900719965,12.700000000000001,0.6454841092026387,63429.19560453218,33259.29899312962,0.02484844233816204,0.02484844233816204,EZS39RG_1538
276,3471.164,51.9317933225175,5.46608350250221,11388,237.22832900719965,12.700000000000001,0.645606834956971,63428.55012042297,33264.86507755816,0.02481045798100339,0.02481045798100339,EZS39RG_1538
277,3483.864,51.930489484553284,5.468822102126105,11430,237.22832900719965,12.700000000000001,0.6457308836328224,63427.904513588015,33270.49111153021,0.024771941376357486,0.024771941376357486,EZS39RG_1538
278,3496.564,51.929153339358706,5.471519355120344,11471,237.22832900719965,12.700000000000001,0.645853051998555,63427.25878270438,33276.031904129006,0.02473290365577986,0.02473290365577986,EZS39RG_1538
279,3509.264,51.92778538340439,5.474174259879802,11513,237.22832900719965,12.700000000000001,0.6459797189280188,63426.61292965239,33281.77658592955,0.024693357007122246,0.024693357007122246,EZS39RG_1538
280,3521.964,51.92638612498086,5.476785830714865,11555,237.22832900719965,12.700000000000001,0.6461077130114246,63425.966949933456,33287.5814080229,0.024653314650116658,0.024653314650116658,EZS39RG_1538
281,3534.664,51.92498478413379,5.479394382307012,11596,237.22832900719965,12.700000000000001,0.646233736018538,63425.32084222045,33293.29687473147,0.02461367581501678,0.02461367581501678,EZS39RG_1538
282,3547.364,51.923583385604985,5.48200277097958,11638,237.22832900719965,12.700000000000001,0.6463643567525672,63424.67460848443,33299.220723108745,0.02457473787462206,0.02457473787462206,EZS39RG_1538
283,3560.064,51.92218192940091,5.484610996744184,11679,237.22832900719965,12.700000000000001,0.6464929459909938,63424.02824412767,33305.05247762049,0.024535440752663316,0.024535440752663316,EZS39RG_1538
284,3572.764,51.92078041552802,5.487219059612439,11721,237.22832900719965,12.700000000000001,0.6466261989890711,63423.38175118168,33311.0956052983,0.024495789987237098,0.024495789987237098,EZS39RG_1538
285,3585.464,51.91937884399279,5.48982695959596,11763,237.22832900719965,12.700000000000001,0.6467607862610014,63422.73512498269,33317.19919418859,0.0244557911162062,0.0244557911162062,EZS39RG_1538
286,3598.164,51.917977214801674,5.49243469670636,11805,237.22832900719965,12.700000000000001,0.646896709256408,63422.08836419643,33323.363309637796,0.02441544967719964,0.02441544967719964,EZS39RG_1538
287,3610.864,51.91657552796113,5.495042270955256,11846,237.22832900719965,12.700000000000001,0.6470304788112433,63421.44146748717,33329.42980423519,0.024374771207612462,0.024374771207612462,EZS39RG_1538
288,3623.564,51.91517378347762,5.497649682354263,11888,237.22832900719965,12.700000000000001,0.6471690454586199,63420.794437008364,33335.71371233278,0.024333761244605893,0.024333761244605893,EZS39RG_1538
289,3636.264,51.913771981357606,5.500256930914995,11930,237.22832900719965,12.700000000000001,0.6473089521669078,63420.14726796291,33342.05834252914,0.024292425325107034,0.024292425325107034,EZS39RG_1538
290,3648.964,51.912370121607545,5.5028640166490685,11971,237.22832900719965,12.700000000000001,0.6474466138316999,63419.49995901074,33348.301200206224,0.024250768985808933,0.024250768985808933,EZS39RG_1538
291,3661.664,51.910968204233896,5.505470939568099,12013,237.22832900719965,12.700000000000001,0.6475891727969294,63418.85251239691,33354.76601100582,0.02420879776317042,0.02420879776317042,EZS39RG_1538
292,3674.364,51.90956622924312,5.5080776996837,12055,237.22832900719965,12.700000000000001,0.6477330761958313,63418.20492322411,33361.29174106419,0.024166517193416125,0.024166517193416125,EZS39RG_1538
293,3687.064,51.908164196641664,5.51068429700749,12096,237.22832900719965,12.700000000000001,0.647874642664553,63417.55719014791,33367.7115341705,0.024123932812536247,0.024123932812536247,EZS39RG_1538
294,3699.764,51.906762106435984,5.513290731551083,12138,237.22832900719965,12.700000000000001,0.64802120699532,63416.90931550525,33374.35783599959,0.02408105015628662,0.02408105015628662,EZS39RG_1538
295,3712.464,51.90535995863254,5.515897003326096,12180,237.22832900719965,12.700000000000001,0.6481691201680007,63416.26129429825,33381.06525587931,0.024037874760188652,0.024037874760188652,EZS39RG_1538
296,3725.164,51.903957753237776,5.518503112344144,12221,237.22832900719965,12.700000000000001,0.6483146042376136,63415.61312517808,33387.662561500976,0.023994412159529143,0.023994412159529143,EZS39RG_1538
297,3737.864,51.90255549025816,5.521109058616844,12263,237.22832900719965,12.700000000000001,0.6484651870873448,63414.964810573845,33394.49094755493,0.023950667889360337,0.023950667889360337,EZS39RG_1538
298,3750.564,51.90115316970013,5.523714842155812,12304,237.22832900719965,12.700000000000001,0.6486132794739872,63414.31634538676,33401.206438549314,0.023906647484499655,0.023906647484499655,EZS39RG_1538
299,3763.264,51.89975079157014,5.526320462972664,12346,237.22832900719965,12.700000000000001,0.6487665378462386,63413.667732107286,33408.15605444726,0.023862356479529813,0.023862356479529813,EZS39RG_1538
300,3775.964,51.898348355874646,5.528925921079017,12388,237.22832900719965,12.700000000000001,0.6489211524746337,63413.01896556944,33415.16712282795,0.02381780040879868,0.02381780040879868,EZS39RG_1538
301,3788.664,51.896945862620086,5.531531216486487,12430,237.22832900719965,12.700000000000001,0.6490771248684939,63412.370044416966,33422.23971178637,0.023772984806419137,0.023772984806419137,EZS39RG_1538
302,3801.364,51.895543311812915,5.534136349206691,12471,237.22832900719965,12.700000000000001,0.6492304829450442,63411.720967292094,33429.193792819045,0.023727915206269146,0.023727915206269146,EZS39RG_1538
303,3814.064,51.894140703459584,5.536741319251247,12513,237.22832900719965,12.700000000000001,0.6493891427183238,63411.07173680915,33436.388146561294,0.0236825971419916,0.0236825971419916,EZS39RG_1538
304,3826.764,51.89273803756653,5.53934612663177,12555,237.22832900719965,12.700000000000001,0.6495491647726837,63410.422347666434,33443.64422464057,0.02363703614699412,0.02363703614699412,EZS39RG_1538
305,3839.464,51.89133531414021,5.541950771359878,12596,237.22832900719965,12.700000000000001,0.6497064794634226,63409.77279850166,33450.777578212605,0.02359123775444923,0.02359123775444923,EZS39RG_1538
306,3852.164,51.88993253318706,5.544555253447188,12638,237.22832900719965,12.700000000000001,0.6498691978549842,63409.1230920222,33458.15582532954,0.02354520749729412,0.02354520749729412,EZS39RG_1538
307,3864.864,51.888529694713526,5.547159572905316,12680,237.22832900719965,12.700000000000001,0.6500332830793334,63408.473222824345,33465.59600222287,0.023498950908230606,0.023498950908230606,EZS39RG_1538
308,3877.564,51.88712679872606,5.54976372974588,12721,237.22832900719965,12.700000000000001,0.6501945675976302,63407.82318954127,33472.909224714414,0.023452473519725067,0.023452473519725067,EZS39RG_1538
309,3890.264,51.88572384523109,5.552367723980498,12763,237.22832900719965,12.700000000000001,0.6503613581884211,63407.17299497367,33480.47197823078,0.023406803382660612,0.023406803382660612,EZS39RG_1538
310,3902.964,51.88432083423507,5.554971555620788,12805,237.22832900719965,12.700000000000001,0.6505295201999461,63406.52263361548,33488.09686865523,0.023361504944709663,0.023361504944709663,EZS39RG_1538
311,3915.664,51.88291776574444,5.557575224678366,12846,237.22832900719965,12.700000000000001,0.650694787864355,63405.87210409528,33495.590561358345,0.023315996407790293,0.023315996407790293,EZS39RG_1538
312,3928.364,51.88151463976563,5.560178731164849,12888,237.22832900719965,12.700000000000001,0.6508656643433093,63405.221409307414,33503.338439347164,0.023274138745503894,0.023274138745503894,EZS39RG_1538
313,3941.064,51.880111456305094,5.562782075091857,12929,237.22832900719965,12.700000000000001,0.651033584133418,63404.57054364307,33510.95229467604,0.02324396570470694,0.02324396570470694,EZS39RG_1538
314,3953.764,51.87870821536926,5.565385256471006,12971,237.22832900719965,12.700000000000001,0.6512071811623279,63403.91951005894,33518.82343494643,0.02321394765805021,0.02321394765805021,EZS39RG_1538
315,3966.464,51.87730491696456,5.567988275313915,13013,237.22832900719965,12.700000000000001,0.6513821573268759,63403.26830287778,33526.757060569595,0.02318408261379714,0.02318408261379714,EZS39RG_1538
316,3979.164,51.87590156109744,5.570591131632201,13055,237.22832900719965,12.700000000000001,0.651558514197351,63402.61692072046,33534.753242490995,0.023154368580295154,0.023154368580295154,EZS39RG_1538
317,3991.864,51.87449814777433,5.573193825437483,13096,237.22832900719965,12.700000000000001,0.651731788532558,63401.96536220626,33542.60969932477,0.023124803565975547,0.023124803565975547,EZS39RG_1538
318,4004.564,51.873094677001674,5.575796356741377,13138,237.22832900719965,12.700000000000001,0.6519108782888106,63401.31363041773,33550.72970085956,0.023095385579353745,0.023095385579353745,EZS39RG_1538
319,4017.264,51.8716911487859,5.578398725555504,13180,237.22832900719965,12.700000000000001,0.652091353448518,63400.66171953944,33558.91247097611,0.023066112629029044,0.023066112629029044,EZS39RG_1538
320,4029.964,51.87028756313344,5.58100093189148,13221,237.22832900719965,12.700000000000001,0.6522686515207825,63400.009628185995,33566.95123173037,0.023036982723684814,0.023036982723684814,EZS39RG_1538
321,4042.664,51.86888392005072,5.5836029757609245,13263,237.22832900719965,12.700000000000001,0.6524518688841845,63399.35735953447,33575.258242617834,0.023007993872088472,0.023007993872088472,EZS39RG_1538
322,4055.364,51.867480219544184,5.5862048571754555,13305,237.22832900719965,12.700000000000001,0.6526364763853763,63398.70490766559,33583.628236113145,0.022979144083091606,0.022979144083091606,EZS39RG_1538
323,4068.064,51.86607646162026,5.588806576146691,13346,237.22832900719965,12.700000000000001,0.6528178119381325,63398.052271189204,33591.84992209029,0.022950431365629863,0.022950431365629863,EZS39RG_1538
324,4080.764,51.86467264628537,5.591408132686251,13388,237.22832900719965,12.700000000000001,0.6530051710337939,63397.399453377264,33600.344580969584,0.022921853728722973,0.022921853728722973,EZS39RG_1538
325,4093.464,51.863268773545954,5.594009526805753,13430,237.22832900719965,12.700000000000001,0.6531939250385215,63396.74644820623,33608.90243823819,0.022893409181474995,0.022893409181474995,EZS39RG_1538
326,4106.164,51.86186484340843,5.596610758516815,13471,237.22832900719965,12.700000000000001,0.6533793119224274,63396.093254281186,33617.30767583544,0.022865095733074027,0.022865095733074027,EZS39RG_1538
327,4118.864,51.86046085587923,5.5992118278310565,13513,237.22832900719965,12.700000000000001,0.6535708269855227,63395.43987496926,33625.9906265821,0.02283691139279243,0.02283691139279243,EZS39RG_1538
328,4131.564,51.85905681096478,5.601812734760096,13555,237.22832900719965,12.700000000000001,0.653763741766038,63394.786304142275,33634.736993267856,0.02280885416998686,0.02280885416998686,EZS39RG_1538
329,4144.264,51.85765270867151,5.604413479315552,13596,237.22832900719965,12.700000000000001,0.6539531939393586,63394.13254040051,33643.3264140147,0.02278092207409829,0.02278092207409829,EZS39RG_1538
330,4156.964,51.856248549005834,5.607014061509044,13638,237.22832900719965,12.700000000000001,0.6541488793155232,63393.47858720657,33652.19830577919,0.02275311311465185,0.02275311311465185,EZS39RG_1538
331,4169.664,51.854844331974185,5.60961448135219,13679,237.22832900719965,12.700000000000001,0.6543410385090349,63392.824438327254,33660.91037120879,0.022725425301257145,0.022725425301257145,EZS39RG_1538
332,4182.364,51.85344005758298,5.6122147388566095,13721,237.22832900719965,12.700000000000001,0.654539500853955,63392.17009728875,33669.90807657034,0.022697856643608027,0.022697856643608027,EZS39RG_1538
333,4195.064,51.85203572583864,5.614814834033921,13763,237.22832900719965,12.700000000000001,0.6547393709997646,63391.5155577879,33678.96956382119,0.022670405151482782,0.022670405151482782,EZS39RG_1538
334,4207.764,51.85063133674759,5.617414766895744,13805,237.22832900719965,12.700000000000001,0.6549406505914501,63390.8608184169,33688.0949074679,0.02264306883474414,0.02264306883474414,EZS39RG_1538
335,4220.464,51.84922689031625,5.620014537453698,13846,237.22832900719965,12.700000000000001,0.6551382756508073,63390.205877766304,33697.05460982515,0.02261584570333925,0.02261584570333925,EZS39RG_1538
336,4233.164,51.847822386551044,5.6226141457194005,13888,237.22832900719965,12.700000000000001,0.6553423451338771,63389.55073949065,33706.30635237557,0.022588733767299682,0.022588733767299682,EZS39RG_1538
337,4245.864,51.84641782545838,5.6252135917044725,13929,237.22832900719965,12.700000000000001,0.6555426960841233,63388.89539714552,33715.38955413094,0.022562822549371767,0.022562822549371767,EZS39RG_1538
338,4258.564,51.84501320704469,5.627812875420532,13971,237.22832900719965,12.700000000000001,0.6557495619299154,63388.239854449435,33724.76798884056,0.02253721267626929,0.02253721267626929,EZS39RG_1538
339,4271.264,51.84360853131637,5.630411996879198,14013,237.22832900719965,12.700000000000001,0.6559578454296482,63387.58410488751,33734.21065190499,0.022511703972599634,0.022511703972599634,EZS39RG_1538
340,4283.964,51.842203798279854,5.633010956092091,14055,237.22832900719965,12.700000000000001,0.6561675482535512,63386.928147042076,33743.71761905314,0.022486294832382424,0.022486294832382424,EZS39RG_1538
341,4296.664,51.84079900794155,5.635609753070829,14096,237.22832900719965,12.700000000000001,0.6563734033326412,63386.271979493824,33753.05019167812,0.02246098364970524,0.02246098364970524,EZS39RG_1538
342,4309.364,51.83939416030787,5.638208387827032,14138,237.22832900719965,12.700000000000001,0.6565859156402021,63385.61560609049,33762.68444589471,0.022435768818723785,0.022435768818723785,EZS39RG_1538
343,4322.064,51.83798925538523,5.64080686037232,14180,237.22832900719965,12.700000000000001,0.6567998522675755,63384.95902017485,33772.38323078413,0.022410648733661866,0.022410648733661866,EZS39RG_1538
344,4334.764,51.836584293180046,5.64340517071831,14221,237.22832900719965,12.700000000000001,0.6570098440545284,63384.302220322585,33781.90322252556,0.022385621788811354,0.022385621788811354,EZS39RG_1538
345,4347.464,51.83517927369873,5.646003318876623,14263,237.22832900719965,12.700000000000001,0.6572266000734948,63383.64521047853,33791.72974400966,0.022360686378532318,0.022360686378532318,EZS39RG_1538
346,4360.164,51.83377419694769,5.648601304858879,14304,237.22832900719965,12.700000000000001,0.6574393466008273,63382.987983878455,33801.374543574944,0.022335840897252924,0.022335840897252924,EZS39RG_1538
347,4372.864,51.832369062933324,5.651199128676696,14346,237.22832900719965,12.700000000000001,0.6576589286312604,63382.330544531855,33811.32910214733,0.022311083739469488,0.022311083739469488,EZS39RG_1538
348,4385.564,51.83096387166206,5.653796790341694,14388,237.22832900719965,12.700000000000001,0.6578799433779727,63381.67288560322,33821.34857253239,0.022286413299746618,0.022286413299746618,EZS39RG_1538
349,4398.264,51.829558623140294,5.656394289865492,14430,237.22832900719965,12.700000000000001,0.658102392549355,63381.01500565984,33831.43303232682,0.022261827972717106,0.022261827972717106,EZS39RG_1538
350,4410.964,51.828153317374436,5.65899162725971,14471,237.22832900719965,12.700000000000001,0.6583207016970405,63380.3569032673,33841.32985709595,0.02223732615308194,0.02223732615308194,EZS39RG_1538
351,4423.664,51.826747954370894,5.6615888025359675,14513,237.22832900719965,12.700000000000001,0.6585459903006232,63379.6985825656,33851.54296356023,0.022212906235610418,0.022212906235610418,EZS39RG_1538
352,4436.364,51.82534253413608,5.664185815705884,14554,237.22832900719965,12.700000000000001,0.6587670737866147,63379.0400365753,33861.565486310625,0.022188566615140147,0.022188566615140147,EZS39RG_1538
353,4449.064,51.823937056676385,5.666782666781078,14596,237.22832900719965,12.700000000000001,0.6589952085420443,63378.381269501515,33871.90754485365,0.022164305686576975,0.022164305686576975,EZS39RG_1538
354,4461.764,51.82253152199822,5.66937935577317,14638,237.22832900719965,12.700000000000001,0.6592247862451612,63377.72227429297,33882.31498018063,0.022140121844895094,0.022140121844895094,EZS39RG_1538
355,4474.464,51.82112593010799,5.671975882693779,14679,237.22832900719965,12.700000000000001,0.6594500605136271,63377.06304950673,33892.52737821094,0.022116013485137052,0.022116013485137052,EZS39RG_1538
356,4487.164,51.81972028101209,5.674572247554525,14721,237.22832900719965,12.700000000000001,0.659682494551801,63376.40359944622,33903.06422870536,0.02209197900241376,0.02209197900241376,EZS39RG_1538
357,4499.864,51.81831457471692,5.677168450367026,14763,237.22832900719965,12.700000000000001,0.6599163767106491,63375.743916951666,33913.66669131088,0.02206801679190453,0.02206801679190453,EZS39RG_1538
358,4512.564,51.81690881122889,5.679764491142903,14805,237.22832900719965,12.700000000000001,0.6601517087370599,63375.084000574956,33924.33484553389,0.022044125248857113,0.022044125248857113,EZS39RG_1538
359,4525.264,51.81550299055439,5.682360369893774,14846,237.22832900719965,12.700000000000001,0.6603826054443731,63374.423848866216,33934.80198848456,0.022020302768587612,0.022020302768587612,EZS39RG_1538
360,4537.964,51.81409711269983,5.68495608663126,14888,237.22832900719965,12.700000000000001,0.6606208075289839,63373.763466260774,33945.60018245839,0.02199654774648068,0.02199654774648068,EZS39RG_1538
361,4550.664,51.81269117767159,5.687551641366979,14929,237.22832900719965,12.700000000000001,0.660854508523125,63373.10284545324,33956.194385971256,0.02197285857798936,0.02197285857798936,EZS39RG_1538
362,4563.364,51.81128518547607,5.6901470341125515,14971,237.22832900719965,12.700000000000001,0.6610955875362821,63372.44199094472,33967.12293261584,0.021949233658635228,0.021949233658635228,EZS39RG_1538
363,4576.064,51.80987913611968,5.6927422648795964,15013,237.22832900719965,12.700000000000001,0.661338125131165,63371.78089535718,33978.11756777966,0.02192567138400842,0.02192567138400842,EZS39RG_1538
364,4588.764,51.808473029608805,5.695337333679733,15055,237.22832900719965,12.700000000000001,0.661582123080497,63371.11955723205,33989.17837226607,0.021902233132075826,0.021902233132075826,EZS39RG_1538
365,4601.464,51.807066865949835,5.6979322405245805,15096,237.22832900719965,12.700000000000001,0.6618214871351693,63370.45797510897,34000.029170891605,0.021879900229370284,0.021879900229370284,EZS39RG_1538
366,4614.164,51.80566064514917,5.700526985425758,15138,237.22832900719965,12.700000000000001,0.6620683759391364,63369.796153621835,34011.220962820604,0.02185762702755529,0.02185762702755529,EZS39RG_1538
367,4626.864,51.8042543672132,5.703121568394885,15179,237.22832900719965,12.700000000000001,0.6623105646163607,63369.134085245896,34022.19974894375,0.021835412237912643,0.021835412237912643,EZS39RG_1538
368,4639.564,51.80284803214831,5.705715989443581,15221,237.22832900719965,12.700000000000001,0.6625603512464218,63368.47177468128,34033.522846336535,0.02181325457177902,0.02181325457177902,EZS39RG_1538
369,4652.264,51.8014416399609,5.708310248583465,15263,237.22832900719965,12.700000000000001,0.6628116070733434,63367.80921433004,34044.91251642414,0.021791152740546035,0.021791152740546035,EZS39RG_1538
370,4664.964,51.800035190657354,5.710904345826156,15304,237.22832900719965,12.700000000000001,0.6630580627308493,63367.14640272297,34056.08464939373,0.021769105455660298,0.021769105455660298,EZS39RG_1538
371,4677.664,51.79862868424406,5.7134982811832735,15346,237.22832900719965,12.700000000000001,0.6633122269471199,63366.483344660235,34067.606107146734,0.02174711142862333,0.02174711142862333,EZS39RG_1538
372,4690.364,51.797222120727405,5.716092054666436,15388,237.22832900719965,12.700000000000001,0.6635678657258282,63365.82003243329,34079.194382631555,0.021725169370991726,0.021725169370991726,EZS39RG_1538
373,4703.064,51.795815500113775,5.718685666287263,15430,237.22832900719965,12.700000000000001,0.6638249808786818,63365.15646456756,34090.849558633585,0.021703277994377,0.021703277994377,EZS39RG_1538
374,4715.764,51.79440882240956,5.721279116057374,15471,237.22832900719965,12.700000000000001,0.6640771616507788,63364.49263958668,34102.28111868858,0.02168143601044575,0.02168143601044575,EZS39RG_1538
375,4728.464,51.79300208762114,5.723872403988388,15513,237.22832900719965,12.700000000000001,0.6643371994253193,63363.82856242503,34114.06873269788,0.021659642130919612,0.021659642130919612,EZS39RG_1538
376,4741.164,51.7915952957549,5.726465530091922,15554,237.22832900719965,12.700000000000001,0.6645922358822169,63363.1642252256,34125.62969903347,0.02163789506757524,0.02163789506757524,EZS39RG_1538
377,4753.864,51.79018844681723,5.729058494379596,15596,237.22832900719965,12.700000000000001,0.6648552034024431,63362.49963298972,34137.55007686704,0.021616193532244414,0.021616193532244414,EZS39RG_1538
378,4766.564,51.788781540814504,5.7316512968630295,15638,237.22832900719965,12.700000000000001,0.6651196563327066,63361.83477778632,34149.53776847845,0.021594536236813924,0.021594536236813924,EZS39RG_1538
379,4779.264,51.787374577753106,5.73424393755384,15680,237.22832900719965,12.700000000000001,0.6653855965108473,63361.169658129984,34161.5928579994,0.021572921893225763,0.021572921893225763,EZS39RG_1538
380,4791.964,51.78596755763941,5.736836416463647,15721,237.22832900719965,12.700000000000001,0.6656464002033815,63360.50427253347,34173.41517785465,0.02155134921347696,0.02155134921347696,EZS39RG_1538
381,4804.664,51.784560480479804,5.739428733604068,15763,237.22832900719965,12.700000000000001,0.6659152845648189,63359.83862613327,34185.603692117125,0.021529816909619786,0.021529816909619786,EZS39RG_1538
382,4817.364,51.78315334628066,5.7420208889867235,15804,237.22832900719965,12.700000000000001,0.6661789650246535,63359.1727108487,34197.556383360316,0.021508323693761596,0.021508323693761596,EZS39RG_1538
383,4830.064,51.78174615504836,5.7446128826232306,15846,237.22832900719965,12.700000000000001,0.666450800795606,63358.50653188368,34209.87865347645,0.021486868278064907,0.021486868278064907,EZS39RG_1538
384,4842.764,51.780338906789275,5.747204714525208,15888,237.22832900719965,12.700000000000001,0.6667241329799818,63357.84008108288,34222.26874147926,0.021465449374747498,0.021465449374747498,EZS39RG_1538
385,4855.464,51.77893160150978,5.749796384704274,15929,237.22832900719965,12.700000000000001,0.6669921594253798,63357.173356949905,34234.4183941596,0.021444065696082298,0.021444065696082298,EZS39RG_1538
386,4868.164,51.77752423921626,5.752387893172046,15971,237.22832900719965,12.700000000000001,0.667268453966865,63356.50636479048,34246.942740056904,0.021421916212757873,0.021421916212757873,EZS39RG_1538
387,4880.864,51.77611681991508,5.754979239940144,16013,237.22832900719965,12.700000000000001,0.6675462504820677,63355.83909633652,34259.535158956816,0.021375157771027362,0.021375157771027362,EZS39RG_1538
388,4893.564,51.774709343612614,5.757570425020184,16055,237.22832900719965,12.700000000000001,0.6678255508482098,63355.17155008604,34272.19573704854,0.021328564529178584,0.021328564529178584,EZS39RG_1538
389,4906.264,51.77330181031523,5.760161448423785,16096,237.22832900719965,12.700000000000001,0.6680994088444172,63354.50372453519,34284.60969173942,0.021282135428776477,0.021282135428776477,EZS39RG_1538
390,4918.964,51.77189422002931,5.762752310162565,16138,237.22832900719965,12.700000000000001,0.6683816863146481,63353.83562512635,34297.40520480587,0.021235869411432004,0.021235869411432004,EZS39RG_1538
391,4931.664,51.770486572761214,5.7653430102481416,16179,237.22832900719965,12.700000000000001,0.6686584532662891,63353.16724344003,34309.95100800566,0.021189765418802034,0.021189765418802034,EZS39RG_1538
392,4944.364,51.76907886851731,5.767933548692133,16221,237.22832900719965,12.700000000000001,0.6689437152208417,63352.498584986766,34322.881795252,0.021144086952830533,0.021144086952830533,EZS39RG_1538
393,4957.064,51.767671107303975,5.770523925506156,16263,237.22832900719965,12.700000000000001,0.6692304903872317,63351.82964127154,34335.8811719328,0.021099290024991422,0.021099290024991422,EZS39RG_1538
394,4969.764,51.76626328912757,5.7731141407018285,16305,237.22832900719965,12.700000000000001,0.6695187806690432,63351.16041078116,34348.94922563494,0.02105464685961001,0.02105464685961001,EZS39RG_1538
395,4982.464,51.76485541399446,5.775704194290768,16346,237.22832900719965,12.700000000000001,0.6698014228071163,63350.49089200049,34361.76133642393,0.021010156571586985,0.021010156571586985,EZS39RG_1538
396,4995.164,51.763447481911015,5.778294086284592,16388,237.22832900719965,12.700000000000001,0.670092712527321,63349.82109057768,34374.96535236547,0.0209658182758616,0.0209658182758616,EZS39RG_1538
397,5007.864,51.762039492883595,5.780883816694917,16429,237.22832900719965,12.700000000000001,0.6703782854572873,63349.15099786515,34387.91031639737,0.020921631087411467,0.020921631087411467,EZS39RG_1538
398,5020.564,51.760631446918566,5.783473385533361,16471,237.22832900719965,12.700000000000001,0.6706725820991863,63348.48061957969,34401.25063928104,0.020877594121252716,0.020877594121252716,EZS39RG_1538
399,5033.264,51.75922334402229,5.786062792811539,16513,237.22832900719965,12.700000000000001,0.6709684033481376,63347.80994699759,34414.660076402026,0.020833706492439905,0.020833706492439905,EZS39RG_1538
400,5045.964,51.75781518420112,5.788652038541071,16555,237.22832900719965,12.700000000000001,0.6712657511341593,63347.138978594245,34428.13871676602,0.020789967316066093,0.020789967316066093,EZS39RG_1538
401,5058.664,51.75640696746143,5.791241122733571,16596,237.22832900719965,12.700000000000001,0.6715572434953945,63346.467712843114,34441.35202646453,0.020746375707262895,0.020746375707262895,EZS39RG_1538
402,5071.364,51.75499869380957,5.793830045400657,16638,237.22832900719965,12.700000000000001,0.6718576133648442,63345.796155599615,34454.96767297594,0.02070043544619133,0.02070043544619133,EZS39RG_1538
403,5084.064,51.7535903632519,5.7964188065539455,16680,237.22832900719965,12.700000000000001,0.672159515541251,63345.12429798625,34468.65278902798,0.02065361515955626,0.02065361515955626,EZS39RG_1538
404,5096.764,51.752181975794784,5.799007406205052,16721,237.22832900719965,12.700000000000001,0.6724554580799875,63344.45213847071,34482.06785459795,0.020606857418350527,0.020606857418350527,EZS39RG_1538
405,5109.464,51.75077353144457,5.801595844365594,16763,237.22832900719965,12.700000000000001,0.6727603937790976,63343.77968301263,34495.890505071475,0.020560162518503452,0.020560162518503452,EZS39RG_1538
406,5122.164,51.74936503020762,5.804184121047187,16805,237.22832900719965,12.700000000000001,0.673066867594484,63343.106922618856,34509.78289352927,0.020513530755931722,0.020513530755931722,EZS39RG_1538
407,5134.864,51.74795647209028,5.806772236261446,16846,237.22832900719965,12.700000000000001,0.6733672771739114,63342.43385575126,34523.400494205605,0.020466962426539448,0.020466962426539448,EZS39RG_1538
408,5147.564,51.74654785709891,5.809360190019987,16888,237.22832900719965,12.700000000000001,0.6736767960292211,63341.76048847409,34537.43094961486,0.02042045782621819,0.02042045782621819,EZS39RG_1538
409,5160.264,51.745139185239864,5.811947982334427,16930,237.22832900719965,12.700000000000001,0.6739878588495964,63341.086811678055,34551.53141361433,0.020374017250846886,0.020374017250846886,EZS39RG_1538
410,5172.964,51.74373045651949,5.814535613216381,16971,237.22832900719965,12.700000000000001,0.6742927524474367,63340.412823819206,34565.352334907046,0.02032764099629185,0.02032764099629185,EZS39RG_1538
411,5185.664,51.74232167094415,5.817123082677464,17013,237.22832900719965,12.700000000000001,0.674606871902969,63339.73853106676,34579.59140267623,0.02028132935840681,0.02028132935840681,EZS39RG_1538
412,5198.364,51.74091282852018,5.81971039072929,17054,237.22832900719965,12.700000000000001,0.6749147522115846,63339.06392419486,34593.54776077917,0.020235082633032832,0.020235082633032832,EZS39RG_1538
413,5211.064,51.739503929253935,5.822297537383477,17096,237.22832900719965,12.700000000000001,0.6752319360442722,63338.389009442646,34607.92579113294,0.02018890111599843,0.02018890111599843,EZS39RG_1538
414,5223.764,51.73809497315176,5.8248845226516375,17138,237.22832900719965,12.700000000000001,0.6755506736617882,63337.7137775066,34622.37428519333,0.020142785103119447,0.020142785103119447,EZS39RG_1538
415,5236.464,51.73668596022,5.827471346545387,17180,237.22832900719965,12.700000000000001,0.675870967060475,63337.03822683294,34636.893335608336,0.020096734890199114,0.020096734890199114,EZS39RG_1538
416,5249.164,51.73527689046501,5.83005800907634,17221,237.22832900719965,12.700000000000001,0.6761848800870454,63336.36235586588,34651.12328001019,0.0200507507730281,0.0200507507730281,EZS39RG_1538
417,5261.864,51.73386776389312,5.83264451025611,17263,237.22832900719965,12.700000000000001,0.676508253545619,63335.68617098579,34665.78202082676,0.020004833047384332,0.020004833047384332,EZS39RG_1538
418,5274.564,51.73245858051069,5.8352308500963135,17305,237.22832900719965,12.700000000000001,0.6768331887527297,63335.00966273225,34680.51159518973,0.019958982009033163,0.019958982009033163,EZS39RG_1538
419,5287.264,51.73104934032405,5.837817028608563,17346,237.22832900719965,12.700000000000001,0.6771516374189148,63334.3328295435,34694.94725486676,0.019913197953727334,0.019913197953727334,EZS39RG_1538
420,5299.964,51.72964004333955,5.840403045804472,17388,237.22832900719965,12.700000000000001,0.6774796645154932,63333.65567790608,34709.81706951085,0.019867858124535204,0.019867858124535204,EZS39RG_1538
421,5312.664,51.72823068956353,5.842988901695654,17430,237.22832900719965,12.700000000000001,0.6778092593675391,63332.97819824156,34724.75799712187,0.019822992797224277,0.019822992797224277,EZS39RG_1538
422,5325.364,51.72682127900233,5.845574596293724,17471,237.22832900719965,12.700000000000001,0.6781322611099558,63332.30038898219,34739.400183164704,0.01977818872411886,0.01977818872411886,EZS39RG_1538
423,5338.064,51.72541181166229,5.848160129610293,17513,237.22832900719965,12.700000000000001,0.6784649597592338,63331.62225672108,34754.481905356624,0.019733446205585623,0.019733446205585623,EZS39RG_1538
424,5350.764,51.724002287549744,5.850745501656976,17555,237.22832900719965,12.700000000000001,0.6787992322104874,63330.94379176132,34769.635022181814,0.01968876554197822,0.01968876554197822,EZS39RG_1538
425,5363.464,51.72259270667103,5.853330712445386,17596,237.22832900719965,12.700000000000001,0.6791268045805905,63330.264992529104,34784.48455219839,0.019644147033637534,0.019644147033637534,EZS39RG_1538
426,5376.164,51.721183069032485,5.855915761987134,17638,237.22832900719965,12.700000000000001,0.6794641928150384,63329.585865724526,34799.779022358205,0.019599590980891573,0.019599590980891573,EZS39RG_1538
427,5388.864,51.71977337464044,5.858500650293834,17679,237.22832900719965,12.700000000000001,0.679794809717988,63328.90640153171,34814.76667837723,0.019555097684055417,0.019555097684055417,EZS39RG_1538
428,5401.564,51.71836362350123,5.861085377377098,17721,237.22832900719965,12.700000000000001,0.6801353217371398,63328.226606722,34830.20287534327,0.019510667443431325,0.019510667443431325,EZS39RG_1538
429,5414.264,51.716953815621196,5.863669943248537,17763,237.22832900719965,12.700000000000001,0.680477417707197,63327.54647140026,34845.71094065026,0.01946630055930862,0.01946630055930862,EZS39RG_1538
430,5426.964,51.715543951006666,5.866254347919763,17805,237.22832900719965,12.700000000000001,0.6808210996909896,63326.86599398255,34861.29097072921,0.019421997331963814,0.019421997331963814,EZS39RG_1538
431,5439.664,51.71413402966397,5.868838591402389,17846,237.22832900719965,12.700000000000001,0.681157866430417,63326.18517288286,34876.55766784356,0.019377758061660377,0.019377758061660377,EZS39RG_1538
432,5452.364,51.71272405159943,5.871422673708024,17888,237.22832900719965,12.700000000000001,0.6815046884039326,63325.504015016435,34892.28018226277,0.01933358304864899,0.01933358304864899,EZS39RG_1538
433,5465.064,51.71131401681939,5.874006594848281,17930,237.22832900719965,12.700000000000001,0.6818531025564285,63324.822510328035,34908.07494996107,0.01928947259316742,0.01928947259316742,EZS39RG_1538
434,5477.764,51.70990392533017,5.876590354834771,17971,237.22832900719965,12.700000000000001,0.6821944932669923,63324.14065722548,34923.55148347622,0.01924542699544053,0.01924542699544053,EZS39RG_1538
435,5490.464,51.70849377713809,5.8791739536791034,18013,237.22832900719965,12.700000000000001,0.6825460596297503,63323.45846273221,34939.489307835545,0.019201446555680176,0.019201446555680176,EZS39RG_1538
436,5503.164,51.70708357224949,5.88175739139289,18055,237.22832900719965,12.700000000000001,0.6828992243762955,63322.77591667258,34955.49967629631,0.01915753157408548,0.01915753157408548,EZS39RG_1538
437,5515.864,51.70567331067068,5.88434066798774,18096,237.22832900719965,12.700000000000001,0.6832452570687737,63322.093017448206,34971.186890391,0.019113682350842466,0.019113682350842466,EZS39RG_1538
438,5528.564,51.704262992408,5.886923783475264,18138,237.22832900719965,12.700000000000001,0.6836015863242668,63321.40977219114,34987.340892425345,0.019069899186124322,0.019069899186124322,EZS39RG_1538
439,5541.264,51.702852617467755,5.8895067378670705,18180,237.22832900719965,12.700000000000001,0.683959520207897,63320.726170604816,35003.56773171648,0.01902618238009131,0.01902618238009131,EZS39RG_1538
440,5553.964,51.70144218585628,5.89208953117477,18221,237.22832900719965,12.700000000000001,0.6843102130078027,63320.042211084605,35019.46647733969,0.01898253223289077,0.01898253223289077,EZS39RG_1538
441,5566.664,51.700031697579895,5.894672163409972,18263,237.22832900719965,12.700000000000001,0.6846713237771704,63319.3579008716,35035.837531743964,0.018938949044657122,0.018938949044657122,EZS39RG_1538
442,5579.364,51.69862115264491,5.897254634584284,18304,237.22832900719965,12.700000000000001,0.6850251208378126,63318.67322954782,35051.87720227233,0.01889543311551172,0.01889543311551172,EZS39RG_1538
443,5592.064,51.69721055105765,5.899836944709316,18346,237.22832900719965,12.700000000000001,0.6853894167538441,63317.98820442698,35068.39286048675,0.01885198474556314,0.01885198474556314,EZS39RG_1538
444,5604.764,51.69579989282444,5.902419093796675,18388,237.22832900719965,12.700000000000001,0.6857553277759902,63317.30281501023,35084.98184897839,0.01880860423490698,0.01880860423490698,EZS39RG_1538
445,5617.464,51.694389177951585,5.905001081857971,18430,237.22832900719965,12.700000000000001,0.6861228560334951,63316.61705968246,35101.64426810825,0.018765291883625808,0.018765291883625808,EZS39RG_1538
446,5630.164,51.692978406445405,5.90758290890481,18471,237.22832900719965,12.700000000000001,0.6864829238835521,63315.93093682643,35117.96865698575,0.018722047991789295,0.018722047991789295,EZS39RG_1538
447,5642.864,51.69156757831221,5.9101645749488,18513,237.22832900719965,12.700000000000001,0.6868536540144443,63315.244453902546,35134.77646833122,0.018678872859454108,0.018678872859454108,EZS39RG_1538
448,5655.564,51.69015669355832,5.912746080001548,18555,237.22832900719965,12.700000000000001,0.6872260077434984,63314.55760024853,35151.65801057728,0.018636189233821654,0.018636189233821654,EZS39RG_1538
449,5668.264,51.688745752190044,5.915327424074661,18596,237.22832900719965,12.700000000000001,0.687590790765106,63313.87037424079,35168.196524973595,0.018593761107295683,0.018593761107295683,EZS39RG_1538
450,5680.964,51.687334754213694,5.917908607179746,18638,237.22832900719965,12.700000000000001,0.6879663589782561,63313.18278345002,35185.224055070146,0.018551396651907078,0.018551396651907078,EZS39RG_1538
451,5693.664,51.68592369963558,5.92048962932841,18680,237.22832900719965,12.700000000000001,0.6883435571917729,63312.49481709104,35202.32561873522,0.018509096173313415,0.018509096173313415,EZS39RG_1538
452,5706.364,51.68451258846201,5.9230704905322575,18721,237.22832900719965,12.700000000000001,0.6887130739684568,63311.80647353385,35219.07913720434,0.018466859977159036,0.018466859977159036,EZS39RG_1538
453,5719.064,51.683101420699295,5.925651190802895,18763,237.22832900719965,12.700000000000001,0.6890934993545776,63311.11776045988,35236.327289125744,0.018424688369075005,0.018424688369075005,EZS39RG_1538
454,5731.764,51.681690196353735,5.928231730151928,18805,237.22832900719965,12.700000000000001,0.6894755611826204,63310.42866696052,35253.64977970767,0.018382581654679184,0.018382581654679184,EZS39RG_1538
455,5744.464,51.68027891543164,5.930812108590961,18846,237.22832900719965,12.700000000000001,0.6898498304120773,63309.73919139934,35270.6191878381,0.01834054013957625,0.01834054013957625,EZS39RG_1538
456,5757.164,51.67886757793932,5.933392326131599,18888,237.22832900719965,12.700000000000001,0.6902351321789204,63309.04934156893,35288.08887188995,0.018298564129357535,0.018298564129357535,EZS39RG_1538
457,5769.864,51.67745618388307,5.935972382785446,18929,237.22832900719965,12.700000000000001,0.6906125672983419,63308.35910643675,35305.20211780567,0.018256653929601158,0.018256653929601158,EZS39RG_1538
458,5782.564,51.6760447332692,5.938552278564106,18971,237.22832900719965,12.700000000000001,0.6910011175232051,63307.66849386945,35322.8193998439,0.018214809845871986,0.018214809845871986,EZS39RG_1538
459,5795.264,51.67463322610401,5.941132013479183,19013,237.22832900719965,12.700000000000001,0.6913913149955975,63306.97749275193,35340.511533629506,0.018173032183721623,0.018173032183721623,EZS39RG_1538
460,5807.964,51.67322166239379,5.943711587542281,19055,237.22832900719965,12.700000000000001,0.6917831619108323,63306.286101436934,35358.278623606966,0.01813132124868843,0.01813132124868843,EZS39RG_1538
461,5820.664,51.67181004214486,5.946291000765003,19096,237.22832900719965,12.700000000000001,0.6921669925949323,63305.59431827502,35375.68249624517,0.018092820558210532,0.018092820558210532,EZS39RG_1538
462,5833.364,51.6703983653635,5.94887025315895,19138,237.22832900719965,12.700000000000001,0.6925621052139115,63304.902151282426,35393.598004691776,0.018058202275474097,0.018058202275474097,EZS39RG_1538
463,5846.064,51.66898663205602,5.9514493447357255,19180,237.22832900719965,12.700000000000001,0.692958873834955,63304.20958917721,35411.58878180745,0.01802399801661871,0.01802399801661871,EZS39RG_1538
464,5858.764,51.6675748422287,5.954028275506931,19221,237.22832900719965,12.700000000000001,0.6933475137480989,63303.51663030338,35429.21124362456,0.017990206658689622,0.017990206658689622,EZS39RG_1538
465,5871.464,51.66616299588785,5.956607045484169,19263,237.22832900719965,12.700000000000001,0.6937475610713382,63302.82328278963,35447.35105907013,0.01795682707877917,0.01795682707877917,EZS39RG_1538
466,5884.164,51.66475109303976,5.9591856546790405,19305,237.22832900719965,12.700000000000001,0.6941492709949335,63302.12953522856,35465.566458161935,0.017923858154026782,0.017923858154026782,EZS39RG_1538
467,5896.864,51.66333913369073,5.961764103103145,19346,237.22832900719965,12.700000000000001,0.6945427392895447,63301.435385957564,35483.40842343184,0.01789129876161903,0.01789129876161903,EZS39RG_1538
468,5909.564,51.661927117847036,5.964342390768084,19388,237.22832900719965,12.700000000000001,0.6949477409908877,63300.74084321827,35501.77348567252,0.017859147778789556,0.017859147778789556,EZS39RG_1538
469,5922.264,51.66051504551498,5.966920517685457,19430,237.22832900719965,12.700000000000001,0.6953544119298531,63300.04589547728,35520.214449055784,0.01782740408281914,0.01782740408281914,EZS39RG_1538
470,5934.964,51.65910291670084,5.969498483866864,19471,237.22832900719965,12.700000000000001,0.6957527278714379,63299.350541065345,35538.27683936299,0.017796066551035748,0.017796066551035748,EZS39RG_1538
471,5947.664,51.657690731410916,5.972076289323904,19513,237.22832900719965,12.700000000000001,0.6961627037406164,63298.65478833747,35556.86809571076,0.017765134060814553,0.017765134060814553,EZS39RG_1538
472,5960.364,51.65627848965149,5.974653934068176,19554,237.22832900719965,12.700000000000001,0.6965642490902,63297.958625633735,35575.077355118374,0.01773460548957785,0.01773460548957785,EZS39RG_1538
473,5973.064,51.65486619142885,5.977231418111278,19596,237.22832900719965,12.700000000000001,0.6969775386648178,63297.262061384645,35593.81932538725,0.017704479714795166,0.017704479714795166,EZS39RG_1538
474,5985.764,51.653453836749286,5.979808741464808,19638,237.22832900719965,12.700000000000001,0.6973925086073907,63296.56508384598,35612.63773073922,0.017674755613983267,0.017674755613983267,EZS39RG_1538
475,5998.464,51.65204142561907,5.982385904140364,19680,237.22832900719965,12.700000000000001,0.6978091611786537,63295.86769133737,35631.53267986278,0.017645432064706063,0.017645432064706063,EZS39RG_1538
476,6011.164,51.650628958044486,5.984962906149543,19721,237.22832900719965,12.700000000000001,0.6982172306618042,63295.16988217619,35650.03871453519,0.017054663047885554,0.017054663047885554,EZS39RG_1538
477,6023.864,51.64921643403183,5.987539747503942,19763,237.22832900719965,12.700000000000001,0.6986372146981183,63294.47166494553,35669.08523139979,0.016402390685838215,0.016402390685838215,EZS39RG_1538
478,6036.564,51.64780385358737,5.990116428215157,19805,237.22832900719965,12.700000000000001,0.699058888116699,63293.77302773083,35688.20861720816,0.01575180583087856,0.01575180583087856,EZS39RG_1538
479,6049.264,51.64639121671738,5.992692948294783,19846,237.22832900719965,12.700000000000001,0.699471863718838,63293.07396884271,35706.93788610445,0.015102873106714557,0.015102873106714557,EZS39RG_1538
480,6061.964,51.64497852342816,5.995269307754416,19888,237.22832900719965,12.700000000000001,0.6998968819843889,63292.37449697899,35726.21348469339,0.014455557138636034,0.014455557138636034,EZS39RG_1538
481,6074.664,51.64356577372596,5.9978455066056515,19930,237.22832900719965,12.700000000000001,0.7003235964243149,63291.67460009701,35745.566279996805,0.013809822553515122,0.013809822553515122,EZS39RG_1538
482,6087.364,51.64215296761707,6.0004215448600835,19971,237.22832900719965,12.700000000000001,0.7007414978601572,63290.97427650059,35764.51973451584,0.013165633979806805,0.013165633979806805,EZS39RG_1538
483,6100.064,51.64074010510777,6.0029974225293055,20013,237.22832900719965,12.700000000000001,0.7011715706049713,63290.27353500273,35784.02539279315,0.01252295604754922,0.01252295604754922,EZS39RG_1538
484,6112.764,51.63932718620432,6.005573139624912,20055,237.22832900719965,12.700000000000001,0.7016033463546696,63289.572363432126,35803.60857817438,0.011881753388364297,0.011881753388364297,EZS39RG_1538
485,6125.464,51.637914210913,6.008148696158495,20096,237.22832900719965,12.700000000000001,0.7020261934503265,63288.870760085774,35822.78717731413,0.01124199063545792,0.01124199063545792,EZS39RG_1538
486,6138.164,51.636501179240085,6.010724092141647,20138,237.22832900719965,12.700000000000001,0.7024613410385567,63288.16873389232,35842.52388105661,0.010603632423620533,0.010603632423620533,EZS39RG_1538
487,6150.864,51.63508809119184,6.013299327585961,20179,237.22832900719965,12.700000000000001,0.7028874829273846,63287.46627255128,35861.85250370446,0.009966643389227545,0.009966643389227545,EZS39RG_1538
488,6163.564,51.633674946774526,6.0158744025030275,20221,237.22832900719965,12.700000000000001,0.7033260113817701,63286.763385068356,35881.7431638535,0.009330988170239694,0.009330988170239694,EZS39RG_1538
489,6176.264,51.63226174599442,6.018449316904438,20263,237.22832900719965,12.700000000000001,0.7037662542915228,63286.060059056974,35901.71190672357,0.008696631406203706,0.008696631406203706,EZS39RG_1538
490,6188.964,51.63084848885779,6.021024070801783,20305,237.22832900719965,12.700000000000001,0.7042082139817991,63285.35629280268,35921.75884541471,0.008063537738252422,0.008063537738252422,EZS39RG_1538
491,6201.664,51.629435175370894,6.023598664206652,20346,237.22832900719965,12.700000000000001,0.7046410123191535,63284.6520845887,35941.390641494705,0.007431671809105405,0.007431671809105405,EZS39RG_1538
492,6214.364,51.62802180554,6.026173097130635,20388,237.22832900719965,12.700000000000001,0.7050863711412472,63283.94744357638,35961.59242506628,0.00680099826306934,0.00680099826306934,EZS39RG_1538
493,6227.064,51.626608379371376,6.0287473695853215,20430,237.22832900719965,12.700000000000001,0.7055334536886797,63283.242357205236,35981.872742827974,0.006171481746038427,0.006171481746038427,EZS39RG_1538
494,6239.764,51.62519489687128,6.0313214815822995,20471,237.22832900719965,12.700000000000001,0.7059712578282702,63282.53682375155,36001.73260671253,0.005543086905494983,0.005543086905494983,EZS39RG_1538
495,6252.464,51.62378135804596,6.033895433133156,20513,237.22832900719965,12.700000000000001,0.7064217532665205,63281.830852493724,36022.16844056864,0.004915778390509596,0.004915778390509596,EZS39RG_1538
496,6265.164,51.62236776290169,6.03646922424948,20554,237.22832900719965,12.700000000000001,0.7068628923137603,63281.124430740456,36042.18028170636,0.004289520851741767,0.004289520851741767,EZS39RG_1538
497,6277.864,51.620954111444725,6.039042854942856,20596,237.22832900719965,12.700000000000001,0.7073168098195419,63280.41756784814,36062.77208027896,0.0036642789414402677,0.0036642789414402677,EZS39RG_1538
498,6290.564,51.61954040368132,6.041616325224872,20638,237.22832900719965,12.700000000000001,0.7077724626902553,63279.71025103832,36083.44298207508,0.003040017313443526,0.003040017313443526,EZS39RG_1538
499,6303.264,51.61812663961773,6.044189635107113,20680,237.22832900719965,12.700000000000001,0.708229853289071,63279.00247857563,36104.19310292535,0.002416700623180251,0.002416700623180251,EZS39RG_1538
500,6315.964,51.61671281926021,6.046762784601164,20721,237.22832900719965,12.700000000000001,0.7086777299442268,63278.29424872234,36124.51208030874,0.0017942935276695881,0.0017942935276695881,EZS39RG_1538
501,6328.664,51.61529894261501,6.049335773718609,20763,237.22832900719965,12.700000000000001,0.7091385611748311,63277.5855709924,36145.41907579843,0.0011727606855217224,0.0011727606855217224,EZS39RG_1538
502,6341.364,51.61388500968839,6.051908602471033,20804,237.22832900719965,12.700000000000001,0.7095897998434431,63276.87643243122,36165.89135905817,0.0005520667569382685,0.0005520667569382685,EZS39RG_1538
503,6354.064,51.61247102048659,6.054481270870018,20846,237.22832900719965,12.700000000000001,0.7100540809807454,63276.16684263138,36186.9556849993,0.0,0.0,EZS39RG_1538
504,6366.764,51.61105697501586,6.0570537789271475,20888,237.22832900719965,12.700000000000001,0.7105201116103004,63275.45678855039,36208.099808148305,0.0,0.0,EZS39RG_1538
505,6379.464,51.60964287328246,6.059626126654003,20930,237.22832900719965,12.700000000000001,0.7109878941202976,63274.74626843878,36229.32384619206,0.0,0.0,EZS39RG_1538
506,6392.164,51.608228715292626,6.062198314062165,20971,237.22832900719965,12.700000000000001,0.71144592522954,63274.03528054466,36250.10596055982,0.0,0.0,EZS39RG_1538
507,6404.864,51.606814501052604,6.064770341163217,21013,237.22832900719965,12.700000000000001,0.7119171764070114,63273.323834619434,36271.48825355922,0.0,0.0,EZS39RG_1538
508,6417.564,51.60540023056864,6.067342207968737,21055,237.22832900719965,12.700000000000001,0.7123901865966695,63272.61191744303,36292.95081354388,0.0,0.0,EZS39RG_1538
509,6430.264,51.60398590384698,6.069913914490305,21096,237.22832900719965,12.700000000000001,0.7128533259290659,63271.89952725643,36313.966025306916,0.0,0.0,EZS39RG_1538
510,6442.964,51.60257152089387,6.0724854607395,21138,237.22832900719965,12.700000000000001,0.7133298189135129,63271.1866739305,36335.58753867666,0.0,0.0,EZS39RG_1538
511,6455.664,51.601157081715535,6.0750568467279,21179,237.22832900719965,12.700000000000001,0.7137963614547143,63270.47334411158,36356.75808926545,0.0,0.0,EZS39RG_1538
512,6468.364,51.59974258631822,6.077628072467083,21221,237.22832900719965,12.700000000000001,0.71427634665408,63269.75954775013,36378.53902283051,0.0,0.0,EZS39RG_1538
513,6481.064,51.598328034708175,6.080199137968625,21263,237.22832900719965,12.700000000000001,0.7147581028139867,63269.04527140348,36400.400815485584,0.0,0.0,EZS39RG_1538
514,6493.764,51.596913426891625,6.082770043244103,21305,237.22832900719965,12.700000000000001,0.7152416323595923,63268.330513300665,36422.3435877571,0.0,0.0,EZS39RG_1538
515,6506.464,51.595498762874804,6.085340788305092,21346,237.22832900719965,12.700000000000001,0.7157150506640526,63267.61527166831,36443.828092902455,0.0,0.0,EZS39RG_1538
516,6519.164,51.59408404266395,6.087911373163166,21388,237.22832900719965,12.700000000000001,0.7162020914757301,63266.899556617645,36465.93123217832,0.0,0.0,EZS39RG_1538
517,6531.864,51.5926692662653,6.0904817978299,21429,237.22832900719965,12.700000000000001,0.7166789408052654,63266.18335452617,36487.57245861757,0.0,0.0,EZS39RG_1538
518,6544.564,51.59125443368507,6.093052062316868,21471,237.22832900719965,12.700000000000001,0.717169502398399,63265.46667558536,36509.836439185354,0.0,0.0,EZS39RG_1538
519,6557.264,51.589839544929504,6.095622166635642,21513,237.22832900719965,12.700000000000001,0.7176618494464109,63264.74950608296,36532.18200095917,0.0,0.0,EZS39RG_1538
520,6569.964,51.58842460000483,6.098192110797793,21555,237.22832900719965,12.700000000000001,0.7181559843986831,63264.03184423351,36554.60926639599,0.0,0.0,EZS39RG_1538
521,6582.664,51.58700959891726,6.100761894814894,21596,237.22832900719965,12.700000000000001,0.7186397657449093,63263.313688249116,36576.567251460154,0.0,0.0,EZS39RG_1538
522,6595.364,51.58559454167304,6.103331518698513,21638,237.22832900719965,12.700000000000001,0.7191374407200803,63262.595048483374,36599.156320162554,0.0,0.0,EZS39RG_1538
523,6608.064,51.58417942827838,6.105900982460222,21680,237.22832900719965,12.700000000000001,0.7196369109125247,63261.875911042654,36621.82745888849,0.0,0.0,EZS39RG_1538
524,6620.764,51.582764258739516,6.108470286111588,21721,237.22832900719965,12.700000000000001,0.7201259055661648,63261.15627413174,36644.023774763074,0.0,0.0,EZS39RG_1538
525,6633.464,51.58134903306266,6.111039429664181,21763,237.22832900719965,12.700000000000001,0.7206289302656592,63260.436148226174,36666.85744348796,0.0,0.0,EZS39RG_1538
526,6646.164,51.57993375125403,6.113608413129566,21804,237.22832900719965,12.700000000000001,0.7211213981880316,63259.71551929591,36689.212595974146,0.0,0.0,EZS39RG_1538
527,6658.864,51.578518413319856,6.116177236519311,21846,237.22832900719965,12.700000000000001,0.7216279870501812,63258.994397897724,36712.2092804245,0.0,0.0,EZS39RG_1538
528,6671.564,51.57710301926635,6.118745899844981,21888,237.22832900719965,12.700000000000001,0.7221363833766492,63258.272769910676,36735.2886509982,0.0,0.0,EZS39RG_1538
529,6684.264,51.575687569099735,6.121314403118142,21930,237.22832900719965,12.700000000000001,0.7226465896524437,63257.5506335273,36758.4508331057,0.0,0.0,EZS39RG_1538
530,6696.964,51.57427206282621,6.123882746350358,21971,237.22832900719965,12.700000000000001,0.7231460750084826,63256.82798693765,36781.12703472504,0.0,0.0,EZS39RG_1538
531,6709.664,51.572856500452005,6.12645092955319,22013,237.22832900719965,12.700000000000001,0.7236598649682027,63256.10484086264,36804.45321773143,0.0,0.0,EZS39RG_1538
532,6722.364,51.57144088198332,6.129018952738202,22054,237.22832900719965,12.700000000000001,0.724162852095154,63255.38118099767,36827.28969443258,0.0,0.0,EZS39RG_1538
533,6735.064,51.570025207426376,6.131586815916957,22096,237.22832900719965,12.700000000000001,0.7246802354859154,63254.657018145575,36850.78037184229,0.0,0.0,EZS39RG_1538
534,6747.764,51.56860947678737,6.1341545191010125,22138,237.22832900719965,12.700000000000001,0.7251994411891236,63253.93233791009,36874.354486751705,0.0,0.0,EZS39RG_1538
535,6760.464,51.56719369007252,6.1367220623019305,22180,237.22832900719965,12.700000000000001,0.7257204717130088,63253.2071384689,36898.0121665795,0.0,0.0,EZS39RG_1538
536,6773.164,51.56577784728803,6.139289445531269,22221,237.22832900719965,12.700000000000001,0.7262305338959658,63252.48141799719,36921.17261006822,0.0,0.0,EZS39RG_1538
537,6785.864,51.56436194844011,6.141856668800587,22263,237.22832900719965,12.700000000000001,0.7267551775545686,63251.75518746329,36944.99578524762,0.0,0.0,EZS39RG_1538
538,6798.564,51.56294599353495,6.1444237321214406,22305,237.22832900719965,12.700000000000001,0.7272816535209305,63251.02843228574,36968.90290654958,0.0,0.0,EZS39RG_1538
539,6811.264,51.56152998257877,6.146990635505386,22346,237.22832900719965,12.700000000000001,0.7277970366633608,63250.30115063222,36992.30712626032,0.0,0.0,EZS39RG_1538
540,6823.964,51.56011391557775,6.149557378963979,22388,237.22832900719965,12.700000000000001,0.72832714059088,63249.57335359556,37016.38049908964,0.0,0.0,EZS39RG_1538
541,6836.664,51.558697792538105,6.152123962508774,22429,237.22832900719965,12.700000000000001,0.7288460687547862,63248.84502645497,37039.94719487736,0.0,0.0,EZS39RG_1538
542,6849.364,51.557281613466024,6.154690386151324,22471,237.22832900719965,12.700000000000001,0.7293798105245177,63248.11618038621,37064.187324638355,0.0,0.0,EZS39RG_1538
543,6862.064,51.55586537836771,6.157256649903181,22513,237.22832900719965,12.700000000000001,0.7299153971350323,63247.38680057569,37088.51204158303,0.0,0.0,EZS39RG_1538
544,6874.764,51.55444908724936,6.159822753775898,22555,237.22832900719965,12.700000000000001,0.7304528311285061,63246.656885178556,37112.92147620272,0.0,0.0,EZS39RG_1538
545,6887.464,51.55303274011716,6.162388697781024,22596,237.22832900719965,12.700000000000001,0.7309789217725917,63245.92643234743,37136.816603065534,0.0,0.0,EZS39RG_1538
546,6900.164,51.551616336977304,6.164954481930109,22638,237.22832900719965,12.700000000000001,0.7315200135785913,63245.19545342565,37161.39381970117,0.0,0.0,EZS39RG_1538
547,6912.864,51.55019987783598,6.167520106234702,22679,237.22832900719965,12.700000000000001,0.7320496784014066,63244.46393341207,37185.452919369476,0.0,0.0,EZS39RG_1538
548,6925.564,51.548783362699375,6.170085570706349,22721,237.22832900719965,12.700000000000001,0.7325944379878426,63243.73188373367,37210.19843151759,0.0,0.0,EZS39RG_1538
549,6938.264,51.54736679157369,6.172650875356598,22763,237.22832900719965,12.700000000000001,0.733141057600434,63242.99928929569,37235.029312666746,0.0,0.0,EZS39RG_1538
550,6950.964,51.54595016446509,6.175216020196993,22805,237.22832900719965,12.700000000000001,0.7336895398033356,63242.266148238086,37259.94569539775,0.0,0.0,EZS39RG_1538
551,6963.664,51.54453348137977,6.17778100523908,22846,237.22832900719965,12.700000000000001,0.7342264260328109,63241.53245869828,37284.3362619635,0.0,0.0,EZS39RG_1538
552,6976.364,51.54311674232392,6.1803458304944,22888,237.22832900719965,12.700000000000001,0.7347785961591082,63240.79823227225,37309.42198170448,0.0,0.0,EZS39RG_1538
553,6989.064,51.54169994730371,6.182910495974498,22930,237.22832900719965,12.700000000000001,0.735332636527932,63240.06345367609,37334.59359967545,0.0,0.0,EZS39RG_1538
554,7001.764,51.540283096325325,6.185475001690913,22971,237.22832900719965,12.700000000000001,0.7358749538171405,63239.328121039565,37359.23360841938,0.0,0.0,EZS39RG_1538
555,7014.464,51.538866189394945,6.188039347655185,23013,237.22832900719965,12.700000000000001,0.7364326972600557,63238.59224608575,37384.575350209445,0.0,0.0,EZS39RG_1538
556,7027.164,51.53744922651874,6.190603533878855,23054,237.22832900719965,12.700000000000001,0.7369786329340289,63237.85581338849,37409.38162189328,0.0,0.0,EZS39RG_1538
557,7039.864,51.53603220770289,6.1931675603734595,23096,237.22832900719965,12.700000000000001,0.7375400895451558,63237.11883475555,37434.89401338136,0.0,0.0,EZS39RG_1538
558,7052.564,51.53461513295356,6.195731427150535,23138,237.22832900719965,12.700000000000001,0.7381034292021011,63236.381294666004,37460.492970132625,0.0,0.0,EZS39RG_1538
559,7065.264,51.53319800227693,6.198295134221617,23180,237.22832900719965,12.700000000000001,0.7386686545009069,63235.6431912368,37486.17862792525,0.0,0.0,EZS39RG_1538
560,7077.964,51.53178081567917,6.200858681598239,23221,237.22832900719965,12.700000000000001,0.7392219009050689,63234.9045225823,37511.32101160334,0.0,0.0,EZS39RG_1538
561,7090.664,51.53036357316644,6.2034220692919355,23263,237.22832900719965,12.700000000000001,0.7397908597654939,63234.165300681394,37537.178385706946,0.0,0.0,EZS39RG_1538
562,7103.364,51.52894627474491,6.205985297314238,23304,237.22832900719965,12.700000000000001,0.7403477543287964,63233.42550982163,37562.48858967246,0.0,0.0,EZS39RG_1538
563,7116.064,51.52752892042075,6.208548365676678,23346,237.22832900719965,12.700000000000001,0.7409204569261305,63232.685162067304,37588.51821438714,0.0,0.0,EZS39RG_1538
564,7128.764,51.526111510200124,6.211111274390784,23388,237.22832900719965,12.700000000000001,0.7414950580715813,63231.94424161038,37614.635217858675,0.0,0.0,EZS39RG_1538
565,7141.464,51.52469404408919,6.213674023468084,23430,237.22832900719965,12.700000000000001,0.7420715603816583,63231.202746552306,37640.839738039875,0.0,0.0,EZS39RG_1538
566,7154.164,51.52327652209411,6.216236612920105,23471,237.22832900719965,12.700000000000001,0.7426358258263168,63230.460674991926,37666.48921278393,0.0,0.0,EZS39RG_1538
567,7166.864,51.52185894422104,6.218799042758374,23513,237.22832900719965,12.700000000000001,0.7432160924274693,63229.7180391661,37692.867067270374,0.0,0.0,EZS39RG_1538
568,7179.564,51.52044131047613,6.221361312994415,23555,237.22832900719965,12.700000000000001,0.743798267999686,63228.97482307367,37719.33285118663,0.0,0.0,EZS39RG_1538
569,7192.264,51.519023620865546,6.223923423639751,23596,237.22832900719965,12.700000000000001,0.7443680769056729,63228.231024805675,37745.23766355366,0.0,0.0,EZS39RG_1538
570,7204.964,51.51760587539544,6.226485374705904,23638,237.22832900719965,12.700000000000001,0.744954032221939,63227.48665672877,37771.877600464046,0.0,0.0,EZS39RG_1538
571,7217.664,51.51618807407196,6.229047166204394,23679,237.22832900719965,12.700000000000001,0.7455275343857721,63226.74170269655,37797.95261601458,0.0,0.0,EZS39RG_1538
572,7230.364,51.51477021690126,6.23160879814674,23721,237.22832900719965,12.700000000000001,0.7461172797382121,63225.99617516216,37824.76725310647,0.0,0.0,EZS39RG_1538
573,7243.064,51.513352303889484,6.234170270544461,23763,237.22832900719965,12.700000000000001,0.7467089471161739,63225.25005788242,37851.6705136912,0.0,0.0,EZS39RG_1538
574,7255.764,51.51193433504278,6.236731583409074,23805,237.22832900719965,12.700000000000001,0.7473025391655614,63224.5033489353,37878.66253904949,0.0,0.0,EZS39RG_1538
575,7268.464,51.510516310367294,6.239292736752092,23846,237.22832900719965,12.700000000000001,0.7478835033023381,63223.756046396134,37905.081658641335,0.0,0.0,EZS39RG_1538
576,7281.164,51.50909822986916,6.24185373058503,23888,237.22832900719965,12.700000000000001,0.7484809061729327,63223.00816289283,37932.24949401601,0.0,0.0,EZS39RG_1538
577,7293.864,51.50768009355453,6.244414564919399,23929,237.22832900719965,12.700000000000001,0.7490655939130355,63222.25968198666,37958.8404372284,0.0,0.0,EZS39RG_1538
578,7306.564,51.50626190142953,6.246975239766711,23971,237.22832900719965,12.700000000000001,0.7496668179712807,63221.51061639275,37986.18463857233,0.0,0.0,EZS39RG_1538
579,7319.264,51.504843653500316,6.249535755138476,24013,237.22832900719965,12.700000000000001,0.7502699798496832,63220.760949574775,38013.61830987204,0.0,0.0,EZS39RG_1538
580,7331.964,51.50342534977301,6.2520961110462006,24055,237.22832900719965,12.700000000000001,0.7508750822127959,63220.010679594925,38041.1415946719,0.0,0.0,EZS39RG_1538
581,7344.664,51.502006990253754,6.254656307501392,24096,237.22832900719965,12.700000000000001,0.7514672932056095,63219.25980451271,38068.07992868941,0.0,0.0,EZS39RG_1538
582,7357.364,51.50058857494867,6.257216344515554,24138,237.22832900719965,12.700000000000001,0.752076237687872,63218.5083372195,38095.78070707391,0.0,0.0,EZS39RG_1538
583,7370.064,51.499170103863904,6.259776222100191,24180,237.22832900719965,12.700000000000001,0.7526871306023581,63217.75626098181,38123.57152840804,0.0,0.0,EZS39RG_1538
584,7382.764,51.497751577005566,6.262335940266805,24221,237.22832900719965,12.700000000000001,0.7532849995816804,63217.00357385121,38150.77133434282,0.0,0.0,EZS39RG_1538
585,7395.464,51.49633299437979,6.2648954990268955,24263,237.22832900719965,12.700000000000001,0.75389975034412,63216.250288851625,38178.74050113485,0.0,0.0,EZS39RG_1538
586,7408.164,51.494914355992705,6.267454898391961,24304,237.22832900719965,12.700000000000001,0.7545013888424721,63215.49638910128,38206.11461013954,0.0,0.0,EZS39RG_1538
587,7420.864,51.493495661850424,6.270014138373498,24346,237.22832900719965,12.700000000000001,0.7551200079249039,63214.74188771244,38234.2626917581,0.0,0.0,EZS39RG_1538
588,7433.564,51.492076911959074,6.272573218983004,24388,237.22832900719965,12.700000000000001,0.7557405887222401,63213.98676770451,38262.50153852661,0.0,0.0,EZS39RG_1538
589,7446.264,51.49065810632477,6.275132140231971,24430,237.22832900719965,12.700000000000001,0.7563631339254471,63213.23102711579,38290.831297454046,0.0,0.0,EZS39RG_1538
590,7458.964,51.48923924495364,6.277690902131892,24471,237.22832900719965,12.700000000000001,0.7569723883783128,63212.47466398186,38318.557826393306,0.0,0.0,EZS39RG_1538
591,7471.664,51.487820327851786,6.280249504694257,24513,237.22832900719965,12.700000000000001,0.7575988230404549,63211.71769159348,38347.06765497665,0.0,0.0,EZS39RG_1538
592,7484.364,51.48640135502532,6.2828079479305545,24554,237.22832900719965,12.700000000000001,0.7582118778737934,63210.960092770445,38374.97017309873,0.0,0.0,EZS39RG_1538
593,7497.064,51.48498232648036,6.285366231852272,24596,237.22832900719965,12.700000000000001,0.7588422125330572,63210.20188089257,38403.66064983264,0.0,0.0,EZS39RG_1538
594,7509.764,51.48356324222302,6.287924356470895,24638,237.22832900719965,12.700000000000001,0.7594745249647814,63209.44303868004,38432.44277250232,0.0,0.0,EZS39RG_1538
595,7522.464,51.4821441022594,6.2904823217979065,24680,237.22832900719965,12.700000000000001,0.760108817876413,63208.68356415507,38461.31669047356,0.0,0.0,EZS39RG_1538
596,7535.164,51.4807249065956,6.2930401278447885,24721,237.22832900719965,12.700000000000001,0.7607295509577217,63207.92345533719,38489.57504852648,0.0,0.0,EZS39RG_1538
597,7547.864,51.479305655237724,6.295597774623021,24763,237.22832900719965,12.700000000000001,0.7613677651348714,63207.162725786235,38518.63078799044,0.0,0.0,EZS39RG_1538
598,7560.564,51.47788634819187,6.298155262144081,24805,237.22832900719965,12.700000000000001,0.7620079678648475,63206.4013580211,38547.778769623175,0.0,0.0,EZS39RG_1538
599,7573.264,51.47646698546415,6.300712590419446,24846,237.22832900719965,12.700000000000001,0.762634475368724,63205.639350053236,38576.304982536836,0.0,0.0,EZS39RG_1538
600,7585.964,51.47504756706065,6.30326975946059,24888,237.22832900719965,12.700000000000001,0.7632786153373494,63204.87671557787,38605.63567208591,0.0,0.0,EZS39RG_1538
601,7598.664,51.47362809298747,6.305826769278985,24929,237.22832900719965,12.700000000000001,0.7639089698641688,63204.11343696253,38634.340454154844,0.0,0.0,EZS39RG_1538
602,7611.364,51.472208563250696,6.308383619886102,24971,237.22832900719965,12.700000000000001,0.7645570577018796,63203.349527992665,38663.854444084034,0.0,0.0,EZS39RG_1538
603,7624.064,51.47078897785642,6.310940311293409,25013,237.22832900719965,12.700000000000001,0.765207147576032,63202.584970934964,38693.46142767912,0.0,0.0,EZS39RG_1538
604,7636.764,51.46936933681073,6.3134968435123735,25055,237.22832900719965,12.700000000000001,0.7658592422169526,63201.81976378739,38723.161557913605,0.0,0.0,EZS39RG_1538
605,7649.464,51.46794964011971,6.316053216554459,25096,237.22832900719965,12.700000000000001,0.7664973691158936,63201.05390454517,38752.22741297271,0.0,0.0,EZS39RG_1538
606,7662.164,51.46652988778945,6.318609430431128,25138,237.22832900719965,12.700000000000001,0.7671534330739778,63200.28740717606,38782.1120452675,0.0,0.0,EZS39RG_1538
607,7674.864,51.465110079826026,6.321165485153843,25179,237.22832900719965,12.700000000000001,0.7677954383078085,63199.52025374299,38811.35822397893,0.0,0.0,EZS39RG_1538
608,7687.564,51.46369021623552,6.32372138073406,25221,237.22832900719965,12.700000000000001,0.7684554822699763,63198.752458304676,38841.42796030136,0.0,0.0,EZS39RG_1538
609,7700.264,51.462270297024006,6.3262771171832375,25263,237.22832900719965,12.700000000000001,0.7691175445541809,63197.984002822406,38871.59160681589,0.0,0.0,EZS39RG_1538
610,7712.964,51.460850322197565,6.328832694512828,25305,237.22832900719965,12.700000000000001,0.7697816279046747,63197.214885277856,38901.84931895053,0.0,0.0,EZS39RG_1538
611,7725.664,51.45943029176226,6.331388112734285,25346,237.22832900719965,12.700000000000001,0.7704314686815876,63196.44510364995,38931.46012938188,0.0,0.0,EZS39RG_1538
612,7738.364,51.458010205724165,6.333943371859057,25388,237.22832900719965,12.700000000000001,0.7710995535936056,63195.674672181274,38961.90416650395,0.0,0.0,EZS39RG_1538
613,7751.064,51.456590064089355,6.336498471898593,25430,237.22832900719965,12.700000000000001,0.7717696677517087,63194.90357262768,38992.442734251985,0.0,0.0,EZS39RG_1538
614,7763.764,51.45516986686388,6.339053412864337,25471,237.22832900719965,12.700000000000001,0.7724254010459228,63194.13180295993,39022.32804139914,0.0,0.0,EZS39RG_1538
615,7776.464,51.45374961405382,6.341608194767733,25513,237.22832900719965,12.700000000000001,0.7730995329457984,63193.35937755888,39053.05385653934,0.0,0.0,EZS39RG_1538
616,7789.164,51.452329305665224,6.344162817620223,25554,237.22832900719965,12.700000000000001,0.7737591918374593,63192.586278025934,39083.12217199205,0.0,0.0,EZS39RG_1538
617,7801.864,51.45090894170416,6.346717281433244,25596,237.22832900719965,12.700000000000001,0.7744373522425594,63191.8125188341,39114.03585104072,0.0,0.0,EZS39RG_1538
618,7814.564,51.44948852217667,6.349271586218232,25638,237.22832900719965,12.700000000000001,0.775117555546097,63191.038081481856,39145.04484272372,0.0,0.0,EZS39RG_1538
619,7827.264,51.448068047088825,6.351825731986621,25680,237.22832900719965,12.700000000000001,0.7757998045110472,63190.26296392631,39176.14930622671,0.0,0.0,EZS39RG_1538
620,7839.964,51.44664751644667,6.354379718749844,25721,237.22832900719965,12.700000000000001,0.77646739427051,63189.4871641218,39206.58769883377,0.0,0.0,EZS39RG_1538
621,7852.664,51.44522693025624,6.356933546519329,25763,237.22832900719965,12.700000000000001,0.7771536934451424,63188.710696727525,39237.88127672042,0.0,0.0,EZS39RG_1538
622,7865.364,51.4438062885236,6.359487215306502,25804,237.22832900719965,12.700000000000001,0.777825240487394,63187.93354303408,39268.50450335108,0.0,0.0,EZS39RG_1538
623,7878.064,51.44238559125478,6.362040725122787,25846,237.22832900719965,12.700000000000001,0.7785156006803016,63187.15571779359,39299.987822036914,0.0,0.0,EZS39RG_1538
624,7890.764,51.44096483845583,6.364594075979606,25888,237.22832900719965,12.700000000000001,0.7792080202442373,63186.37720219291,39331.567407108574,0.0,0.0,EZS39RG_1538
625,7903.464,51.43954403013278,6.367147267888378,25930,237.22832900719965,12.700000000000001,0.7799025019531016,63185.59799417267,39363.243420308485,0.0,0.0,EZS39RG_1538
626,7916.164,51.438123166291675,6.3697003008605195,25971,237.22832900719965,12.700000000000001,0.7805820437514248,63184.81809167071,39394.24042731927,0.0,0.0,EZS39RG_1538
627,7928.864,51.436702246938545,6.372253174907443,26013,237.22832900719965,12.700000000000001,0.7812806082688264,63184.03750962696,39426.10745187665,0.0,0.0,EZS39RG_1538
628,7941.564,51.43528127207942,6.374805890040561,26055,237.22832900719965,12.700000000000001,0.7819812431960835,63183.2562290187,39458.07138846208,0.0,0.0,EZS39RG_1538
629,7954.264,51.43386024172033,6.37735844627128,26096,237.22832900719965,12.700000000000001,0.782666796968315,63182.4742477755,39489.34980370547,0.0,0.0,EZS39RG_1538
630,7966.964,51.4324391558673,6.379910843611006,26138,237.22832900719965,12.700000000000001,0.78337153104782,63181.69158097853,39521.5057115331,0.0,0.0,EZS39RG_1538
631,7979.664,51.431018014526344,6.382463082071142,26179,237.22832900719965,12.700000000000001,0.7840610898602483,63180.90820944748,39552.97175448983,0.0,0.0,EZS39RG_1538
632,7992.364,51.42959681770349,6.385015161663089,26221,237.22832900719965,12.700000000000001,0.784769933958724,63180.124148357616,39585.320275131446,0.0,0.0,EZS39RG_1538
633,8005.064,51.42817556540476,6.387567082398243,26263,237.22832900719965,12.700000000000001,0.7854808622504164,63179.339378423654,39617.76652159332,0.0,0.0,EZS39RG_1538
634,8017.764,51.426754257636155,6.390118844287997,26305,237.22832900719965,12.700000000000001,0.7861938775230872,63178.5538975614,39650.31065953262,0.0,0.0,EZS39RG_1538
635,8030.464,51.425332894403695,6.392670447343744,26346,237.22832900719965,12.700000000000001,0.7868915273568464,63177.76770368388,39682.15614952722,0.0,0.0,EZS39RG_1538
636,8043.164,51.42391147571339,6.395221891576871,26388,237.22832900719965,12.700000000000001,0.7876086745475839,63176.98081215652,39714.89420158808,0.0,0.0,EZS39RG_1538
637,8055.864,51.42249000157124,6.397773176998764,26429,237.22832900719965,12.700000000000001,0.7883103613900373,63176.19320348198,39746.929219207595,0.0,0.0,EZS39RG_1538
638,8068.564,51.421068471983254,6.400324303620804,26471,237.22832900719965,12.700000000000001,0.7890316513974636,63175.40489312058,39779.86183727556,0.0,0.0,EZS39RG_1538
639,8081.264,51.41964688695543,6.402875271454372,26513,237.22832900719965,12.700000000000001,0.7897550422096977,63174.61586146919,39812.89317369654,0.0,0.0,EZS39RG_1538
640,8093.964,51.41822524649376,6.405426080510842,26555,237.22832900719965,12.700000000000001,0.7904805366219338,63173.826106426975,39846.02339679171,0.0,0.0,EZS39RG_1538
641,8106.664,51.41680355060425,6.407976730801588,26596,237.22832900719965,12.700000000000001,0.7911903789040373,63173.035625890356,39878.44171520936,0.0,0.0,EZS39RG_1538
642,8119.364,51.41538179929288,6.410527222337978,26638,237.22832900719965,12.700000000000001,0.791920038090399,63172.24443551145,39911.76782654445,0.0,0.0,EZS39RG_1538
643,8132.064,51.413959992565644,6.4130775551313794,26680,237.22832900719965,12.700000000000001,0.7926518092014416,63171.45251547336,39945.19332813897,0.0,0.0,EZS39RG_1538
644,8144.764,51.41253813042852,6.4156277291931545,26721,237.22832900719965,12.700000000000001,0.7933677839288731,63170.65986366416,39977.90024723224,0.0,0.0,EZS39RG_1538
645,8157.464,51.4111162128875,6.418177744534663,26763,237.22832900719965,12.700000000000001,0.7941037362703072,63169.866495880226,40011.52263600236,0.0,0.0,EZS39RG_1538
646,8170.164,51.40969423994856,6.420727601167262,26804,237.22832900719965,12.700000000000001,0.7948237961125495,63169.07239214396,40044.42199001152,0.0,0.0,EZS39RG_1538
647,8182.864,51.40827221161767,6.423277299102303,26846,237.22832900719965,12.700000000000001,0.7955639406197099,63168.27756834785,40078.24193363566,0.0,0.0,EZS39RG_1538
648,8195.564,51.40685012790081,6.425826838351134,26888,237.22832900719965,12.700000000000001,0.7963062109219614,63167.482004407226,40112.16211442899,0.0,0.0,EZS39RG_1538
649,8208.264,51.40542798880394,6.428376218925103,26929,237.22832900719965,12.700000000000001,0.7970324434589775,63166.68569819631,40145.35252703306,0.0,0.0,EZS39RG_1538
650,8220.964,51.40400579433304,6.4309254408355505,26971,237.22832900719965,12.700000000000001,0.7977789224080125,63165.88866575285,40179.47127497341,0.0,0.0,EZS39RG_1538
651,8233.664,51.40258354449406,6.433474504093815,27013,237.22832900719965,12.700000000000001,0.7985275354969055,63165.09088683044,40213.69077449281,0.0,0.0,EZS39RG_1538
652,8246.364,51.40116123929296,6.436023408711231,27054,237.22832900719965,12.700000000000001,0.79925996494348,63164.292359294945,40247.17373861748,0.0,0.0,EZS39RG_1538
653,8259.064,51.399738878735704,6.438572154699129,27096,237.22832900719965,12.700000000000001,0.8000128031718341,63163.49309933,40281.592825693224,0.0,0.0,EZS39RG_1538
654,8271.764,51.398316462828234,6.441120742068836,27138,237.22832900719965,12.700000000000001,0.8007677838900609,63162.69308652683,40316.11318288326,0.0,0.0,EZS39RG_1538
655,8284.464,51.396893991576505,6.443669170831676,27180,237.22832900719965,12.700000000000001,0.8015249099049404,63161.89231874294,40350.7349853646,0.0,0.0,EZS39RG_1538
656,8297.164,51.395471464986464,6.446217440998967,27221,237.22832900719965,12.700000000000001,0.8022656564245276,63161.090793833035,40384.61115806654,0.0,0.0,EZS39RG_1538
657,8309.864,51.39404888306405,6.448765552582025,27263,237.22832900719965,12.700000000000001,0.8030270296272264,63160.28852817661,40419.4339241877,0.0,0.0,EZS39RG_1538
658,8322.564,51.39262624581521,6.451313505592161,27305,237.22832900719965,12.700000000000001,0.8037905564815528,63159.48550114698,40454.35865970071,0.0,0.0,EZS39RG_1538
659,8335.264,51.391203553245866,6.453861300040682,27346,237.22832900719965,12.700000000000001,0.8045375565290838,63158.68171059049,40488.530918255274,0.0,0.0,EZS39RG_1538
660,8347.964,51.38978080536196,6.4564089359388905,27388,237.22832900719965,12.700000000000001,0.8053053470809863,63157.877173033965,40523.657657041666,0.0,0.0,EZS39RG_1538
661,8360.664,51.38835800216941,6.458956413298085,27430,237.22832900719965,12.700000000000001,0.8060752996416218,63157.071867686886,40558.88689352653,0.0,0.0,EZS39RG_1538
662,8373.364,51.386935143674144,6.461503732129561,27471,237.22832900719965,12.700000000000001,0.8068285774670549,63156.26579238725,40593.3567711762,0.0,0.0,EZS39RG_1538
663,8386.064,51.38551222988208,6.4640508924446065,27513,237.22832900719965,12.700000000000001,0.8076028102378481,63155.45896380978,40628.7890589122,0.0,0.0,EZS39RG_1538
664,8398.764,51.38408926079914,6.466597894254509,27554,237.22832900719965,12.700000000000001,0.8083602697119898,63154.651360999545,40663.45739916143,0.0,0.0,EZS39RG_1538
665,8411.464,51.382666236431234,6.469144737570548,27596,237.22832900719965,12.700000000000001,0.8091387936570431,63153.84300072983,40699.093438614575,0.0,0.0,EZS39RG_1538
666,8424.164,51.38124315678427,6.4716914224040005,27638,237.22832900719965,12.700000000000001,0.809919493517749,63153.03386193617,40734.83286426864,0.0,0.0,EZS39RG_1538
667,8436.864,51.379820021864155,6.474237948766139,27679,237.22832900719965,12.700000000000001,0.8106832711233063,63152.22394244265,40769.80140219949,0.0,0.0,EZS39RG_1538
668,8449.564,51.37839683167678,6.47678431666823,27721,237.22832900719965,12.700000000000001,0.8114682786693028,63151.41325917153,40805.74564158787,0.0,0.0,EZS39RG_1538
669,8462.264,51.376973586228054,6.479330526121536,27763,237.22832900719965,12.700000000000001,0.8122554704867984,63150.60179089286,40841.793806861286,0.0,0.0,EZS39RG_1538
670,8474.964,51.375550285523865,6.481876577137315,27805,237.22832900719965,12.700000000000001,0.8130448493829365,63149.78953542237,40877.9460803432,0.0,0.0,EZS39RG_1538
671,8487.664,51.374126929570096,6.484422469726819,27846,237.22832900719965,12.700000000000001,0.8138171060412236,63148.97649057299,40913.318138350776,0.0,0.0,EZS39RG_1538
672,8500.364,51.37270351837263,6.486968203901296,27888,237.22832900719965,12.700000000000001,0.8146108146737714,63148.16267346695,40949.67665778319,0.0,0.0,EZS39RG_1538
673,8513.064,51.37128005193736,6.489513779671988,27930,237.22832900719965,12.700000000000001,0.8154067187361949,63147.34806265227,40986.13983091011,0.0,0.0,EZS39RG_1538
674,8525.764,51.36985653027015,6.492059197050133,27971,237.22832900719965,12.700000000000001,0.8161853501490901,63146.53265593354,41021.815765062194,0.0,0.0,EZS39RG_1538
675,8538.464,51.368432953376875,6.494604456046964,28013,237.22832900719965,12.700000000000001,0.8169856004429548,63145.716470583386,41058.48626619827,0.0,0.0,EZS39RG_1538
676,8551.164,51.3670093212634,6.497149556673706,28055,237.22832900719965,12.700000000000001,0.8177880545126541,63144.89948498294,41095.26197090011,0.0,0.0,EZS39RG_1538
677,8563.864,51.36558563393559,6.499694498941581,28096,237.22832900719965,12.700000000000001,0.8185730848967445,63144.08169692843,41131.243377000545,0.0,0.0,EZS39RG_1538
678,8576.564,51.3641618913993,6.502239282861806,28138,237.22832900719965,12.700000000000001,0.8193799016809049,63143.26312384353,41168.227500469875,0.0,0.0,EZS39RG_1538
679,8589.264,51.36273809366038,6.504783908445591,28179,237.22832900719965,12.700000000000001,0.8201691941506943,63142.44374394185,41204.412617875016,0.0,0.0,EZS39RG_1538
680,8601.964,51.36131424072469,6.507328375704142,28221,237.22832900719965,12.700000000000001,0.8209803845854,63141.6235747477,41241.60588918059,0.0,0.0,EZS39RG_1538
681,8614.664,51.359890332598056,6.509872684648656,28263,237.22832900719965,12.700000000000001,0.8217937926673344,63140.802594363115,41278.905288838534,0.0,0.0,EZS39RG_1538
682,8627.364,51.35846636928633,6.512416835290327,28304,237.22832900719965,12.700000000000001,0.8225895243569958,63139.98080057045,41315.39856204308,0.0,0.0,EZS39RG_1538
683,8640.064,51.357042350795346,6.5149608276403415,28346,237.22832900719965,12.700000000000001,0.8234073225453236,63139.15821104609,41352.90821493415,0.0,0.0,EZS39RG_1538
684,8652.764,51.35561827713093,6.517504661709882,28388,237.22832900719965,12.700000000000001,0.8242273467048176,63138.33480372354,41390.52455791189,0.0,0.0,EZS39RG_1538
685,8665.464,51.3541941482989,6.520048337510124,28430,237.22832900719965,12.700000000000001,0.8250495996300657,63137.51057637684,41428.24778075108,0.0,0.0,EZS39RG_1538
686,8678.164,51.35276996430508,6.522591855052235,28471,237.22832900719965,12.700000000000001,0.8258539720024445,63136.685526777204,41465.155306411216,0.0,0.0,EZS39RG_1538
687,8690.864,51.35134572515529,6.525135214347378,28513,237.22832900719965,12.700000000000001,0.8266806369864652,63135.8596728052,41503.09027322643,0.0,0.0,EZS39RG_1538
688,8703.564,51.34992143085533,6.527678415406709,28555,237.22832900719965,12.700000000000001,0.827509539044561,63135.03299216821,41541.13268768748,0.0,0.0,EZS39RG_1538
689,8716.264,51.34849708141101,6.530221458241377,28596,237.22832900719965,12.700000000000001,0.8283204070039005,63134.20548262917,41578.35219788599,0.0,0.0,EZS39RG_1538
690,8728.964,51.34707267682812,6.532764342862527,28638,237.22832900719965,12.700000000000001,0.8291537375226072,63133.37716222217,41616.60748261892,0.0,0.0,EZS39RG_1538
691,8741.664,51.345648217112455,6.535307069281293,28680,237.22832900719965,12.700000000000001,0.8299893134099368,63132.54800848464,41654.97078735535,0.0,0.0,EZS39RG_1538
692,8754.364,51.34422370226981,6.537849637508805,28721,237.22832900719965,12.700000000000001,0.8308067010225049,63131.71801917123,41692.5039431307,0.0,0.0,EZS39RG_1538
693,8767.064,51.342799132305956,6.540392047556185,28763,237.22832900719965,12.700000000000001,0.8316467217432439,63130.88721247021,41731.08125350757,0.0,0.0,EZS39RG_1538
694,8779.764,51.341374507226675,6.542934299434549,28804,237.22832900719965,12.700000000000001,0.8324684514727487,63130.055565748466,41768.823583754056,0.0,0.0,EZS39RG_1538
695,8792.464,51.339949827037735,6.5454763931550035,28846,237.22832900719965,12.700000000000001,0.8333129278801723,63129.22309729699,41807.615658667295,0.0,0.0,EZS39RG_1538
696,8805.164,51.338525091744906,6.5480183287286495,28888,237.22832900719965,12.700000000000001,0.8341596634225916,63128.38978436911,41846.5167162086,0.0,0.0,EZS39RG_1538
697,8817.864,51.33710030135394,6.55056010616658,28929,237.22832900719965,12.700000000000001,0.8349879527473185,63127.55562470569,41884.5754856531,0.0,0.0,EZS39RG_1538
698,8830.564,51.33567545587059,6.553101725479881,28971,237.22832900719965,12.700000000000001,0.8358391602926731,63126.72063675294,41923.69245836665,0.0,0.0,EZS39RG_1538
699,8843.264,51.334250555300606,6.55564318667963,29013,237.22832900719965,12.700000000000001,0.8366926352217432,63125.88479759265,41962.91899843852,0.0,0.0,EZS39RG_1538
700,8855.964,51.33282559964972,6.558184489776896,29055,237.22832900719965,12.700000000000001,0.8375483803017378,63125.04810495742,42002.25530341459,0.0,0.0,EZS39RG_1538
701,8868.664,51.33140058892368,6.560725634782741,29096,237.22832900719965,12.700000000000001,0.8383854707896399,63124.21055657712,42040.73949657695,0.0,0.0,EZS39RG_1538
702,8881.364,51.3299755231282,6.563266621708218,29138,237.22832900719965,12.700000000000001,0.8392457096097912,63123.37217110633,42080.29326850731,0.0,0.0,EZS39RG_1538
703,8894.064,51.328550402269,6.565807450564373,29180,237.22832900719965,12.700000000000001,0.8401082268013764,63122.53292539672,42119.957396382924,0.0,0.0,EZS39RG_1538
704,8906.764,51.327125226351804,6.568348121362242,29221,237.22832900719965,12.700000000000001,0.840951932696246,63121.69281716992,42158.76201420748,0.0,0.0,EZS39RG_1538
705,8919.464,51.325699995382315,6.570888634112854,29263,237.22832900719965,12.700000000000001,0.8418189598467078,63120.85186523722,42198.64478147226,0.0,0.0,EZS39RG_1538
706,8932.164,51.324274709366236,6.573428988827227,29305,237.22832900719965,12.700000000000001,0.8426882735656089,63120.01004627738,42238.638500493755,0.0,0.0,EZS39RG_1538
707,8944.864,51.32284936830926,6.575969185516372,29346,237.22832900719965,12.700000000000001,0.8435386186494294,63119.16735800381,42277.765272059405,0.0,0.0,EZS39RG_1538
708,8957.564,51.32142397221707,6.57850922419129,29388,237.22832900719965,12.700000000000001,0.844412458497414,63118.323819385165,42317.97881236926,0.0,0.0,EZS39RG_1538
709,8970.264,51.31999852109535,6.581049104862973,29429,237.22832900719965,12.700000000000001,0.8452672248924222,63117.479406926665,42357.32044524333,0.0,0.0,EZS39RG_1538
710,8982.964,51.31857301494977,6.583588827542402,29471,237.22832900719965,12.700000000000001,0.8461456015772513,63116.634139701775,42397.754596850165,0.0,0.0,EZS39RG_1538
711,8995.664,51.317147453786,6.5861283922405525,29513,237.22832900719965,12.700000000000001,0.847026278412327,63115.787994100196,42438.300702307046,0.0,0.0,EZS39RG_1538
712,9008.364,51.315721837609686,6.588667798968385,29554,237.22832900719965,12.700000000000001,0.847887723400589,63114.940967821785,42477.96739704293,0.0,0.0,EZS39RG_1538
713,9021.064,51.31429616642649,6.591207047736853,29596,237.22832900719965,12.700000000000001,0.8487729531526034,63114.093080098384,42518.73531162345,0.0,0.0,EZS39RG_1538
714,9033.764,51.312870440242044,6.5937461385569005,29638,237.22832900719965,12.700000000000001,0.8496604911788421,63113.24430714523,42559.61578877316,0.0,0.0,EZS39RG_1538
715,9046.464,51.31144465906199,6.596285071439459,29680,237.22832900719965,12.700000000000001,0.850550340202203,63112.39464665405,42600.609034145025,0.0,0.0,EZS39RG_1538
716,9059.164,51.310018822891955,6.598823846395449,29721,237.22832900719965,12.700000000000001,0.8514207447689313,63111.544096313846,42640.71278164241,0.0,0.0,EZS39RG_1538
717,9071.864,51.30859293173755,6.601362463435783,29763,237.22832900719965,12.700000000000001,0.852315168098231,63110.69267556908,42681.929451596654,0.0,0.0,EZS39RG_1538
718,9084.564,51.30716698560439,6.603900922571361,29805,237.22832900719965,12.700000000000001,0.8532119105060456,63109.84036040098,42723.25950507665,0.0,0.0,EZS39RG_1538
719,9097.264,51.30574098449807,6.60643922381307,29846,237.22832900719965,12.700000000000001,0.8540890485804364,63108.98714849047,42763.69246339611,0.0,0.0,EZS39RG_1538
720,9109.964,51.30431492842419,6.608977367171789,29888,237.22832900719965,12.700000000000001,0.8549903812270909,63108.13305944189,42805.247162029176,0.0,0.0,EZS39RG_1538
721,9122.664,51.30288881738833,6.611515352658383,29930,237.22832900719965,12.700000000000001,0.8558940409990619,63107.27806906067,42846.91586446922,0.0,0.0,EZS39RG_1538
722,9135.364,51.30146265139606,6.6140531802837055,29971,237.22832900719965,12.700000000000001,0.8567779359258711,63106.42217501967,42887.67983367599,0.0,0.0,EZS39RG_1538
723,9148.064,51.30003643045295,6.616590850058597,30013,237.22832900719965,12.700000000000001,0.8576862017988733,63105.56539708374,42929.57441171543,0.0,0.0,EZS39RG_1538
724,9160.764,51.29861015456456,6.619128361993888,30054,237.22832900719965,12.700000000000001,0.8585745959014663,63104.707710881936,42970.559162408106,0.0,0.0,EZS39RG_1538
725,9173.464,51.297183823736425,6.621665716100394,30096,237.22832900719965,12.700000000000001,0.8594874783662192,63103.84913628604,43012.680438518095,0.0,0.0,EZS39RG_1538
726,9186.164,51.295757437974096,6.6242029123889195,30138,237.22832900719965,12.700000000000001,0.8604027012627959,63102.98964880767,43054.916761709705,0.0,0.0,EZS39RG_1538
727,9198.864,51.29433099728309,6.626739950870253,30179,237.22832900719965,12.700000000000001,0.8612978908209317,63102.12924610641,43096.235550876605,0.0,0.0,EZS39RG_1538
728,9211.564,51.29290450166893,6.629276831555173,30221,237.22832900719965,12.700000000000001,0.8622177460431113,63101.26794821559,43138.69981920592,0.0,0.0,EZS39RG_1538
729,9224.264,51.29147795113712,6.631813554454442,30263,237.22832900719965,12.700000000000001,0.8631399496399095,63100.405730469545,43181.27976836769,0.0,0.0,EZS39RG_1538
730,9236.964,51.29005134569316,6.634350119578809,30305,237.22832900719965,12.700000000000001,0.8640645042706152,63099.54259051991,43223.975612474824,0.0,0.0,EZS39RG_1538
731,9249.664,51.288624685342526,6.6368865269390085,30346,237.22832900719965,12.700000000000001,0.8649688087126364,63098.67852601564,43265.74356107287,0.0,0.0,EZS39RG_1538
732,9262.364,51.28719797009071,6.639422776545761,30388,237.22832900719965,12.700000000000001,0.8658980165581391,63097.81355720693,43308.669032223304,0.0,0.0,EZS39RG_1538
733,9275.064,51.28577119994316,6.641958868409771,30430,237.22832900719965,12.700000000000001,0.8668295833214066,63096.94765919037,43351.71103894175,0.0,0.0,EZS39RG_1538
734,9287.764,51.28434437490534,6.644494802541728,30471,237.22832900719965,12.700000000000001,0.8677407368464625,63096.08082960705,43393.81734558179,0.0,0.0,EZS39RG_1538
735,9300.464,51.282917494982684,6.647030578952307,30513,237.22832900719965,12.700000000000001,0.8686769723547025,63095.21308887021,43437.09025014768,0.0,0.0,EZS39RG_1538
736,9313.164,51.28149056018062,6.649566197652167,30555,237.22832900719965,12.700000000000001,0.8696155746173702,63094.34441189785,43480.48033609965,0.0,0.0,EZS39RG_1538
737,9325.864,51.28006357050458,6.652101658651948,30596,237.22832900719965,12.700000000000001,0.8705335999589507,63093.47479632324,43522.92687492794,0.0,0.0,EZS39RG_1538
738,9338.564,51.27863652595995,6.654636961962276,30638,237.22832900719965,12.700000000000001,0.8714768864008329,63092.604262723275,43566.54913983911,0.0,0.0,EZS39RG_1538
739,9351.264,51.27720942655214,6.65717210759376,30679,237.22832900719965,12.700000000000001,0.872399486892101,63091.73278583687,43609.2226238269,0.0,0.0,EZS39RG_1538
740,9363.964,51.27578227228652,6.659707095556989,30721,237.22832900719965,12.700000000000001,0.8733474677055417,63090.86038634998,43653.07792404899,0.0,0.0,EZS39RG_1538
741,9376.664,51.27435506316846,6.662241925862537,30763,237.22832900719965,12.700000000000001,0.87429782820145,63089.987038882275,43697.051491912316,0.0,0.0,EZS39RG_1538
742,9389.364,51.27292779920331,6.664776598520958,30804,237.22832900719965,12.700000000000001,0.8752273380115998,63089.11274105407,43740.068360359204,0.0,0.0,EZS39RG_1538
743,9402.064,51.27150048039641,6.667311113542789,30846,237.22832900719965,12.700000000000001,0.8761824081415701,63088.23751371606,43784.27626199464,0.0,0.0,EZS39RG_1538
744,9414.764,51.270073106753095,6.669845470938546,30888,237.22832900719965,12.700000000000001,0.8771398656514933,63087.36133130792,43828.60309114955,0.0,0.0,EZS39RG_1538
745,9427.464,51.26864567827867,6.672379670718727,30930,237.22832900719965,12.700000000000001,0.8780997131151298,63086.484191442265,43873.049070767185,0.0,0.0,EZS39RG_1538
746,9440.164,51.26721819497844,6.674913712893809,30971,237.22832900719965,12.700000000000001,0.8790384888165446,63085.60609172915,43916.52770378842,0.0,0.0,EZS39RG_1538
747,9452.864,51.265790656857675,6.677447597474248,31013,237.22832900719965,12.700000000000001,0.8800030661314846,63084.72705324033,43961.20976844155,0.0,0.0,EZS39RG_1538
748,9465.564,51.26436306392165,6.67998132447048,31055,237.22832900719965,12.700000000000001,0.8809700410201484,63083.8470501742,44006.01165060963,0.0,0.0,EZS39RG_1538
749,9478.264,51.262935416175615,6.682514893892921,31096,237.22832900719965,12.700000000000001,0.8819157779386122,63082.96608013318,44049.83816573772,0.0,0.0,EZS39RG_1538
750,9490.964,51.26150771362481,6.685048305751961,31138,237.22832900719965,12.700000000000001,0.8828874976733512,63082.08416435524,44094.87745618286,0.0,0.0,EZS39RG_1538
751,9503.664,51.260079956274446,6.6875815600579696,31180,237.22832900719965,12.700000000000001,0.8838616225403424,63081.201276857566,44140.03723661927,0.0,0.0,EZS39RG_1538
752,9516.364,51.258652144129734,6.690114656821295,31221,237.22832900719965,12.700000000000001,0.8848143426006418,63080.317415235026,44184.21358533372,0.0,0.0,EZS39RG_1538
753,9529.064,51.25722427719585,6.692647596052258,31263,237.22832900719965,12.700000000000001,0.8857932271839766,63079.432600892425,44229.61210805067,0.0,0.0,EZS39RG_1538
754,9541.764,51.255796355477976,6.69518037776116,31304,237.22832900719965,12.700000000000001,0.8867505958402799,63078.54680766524,44274.02181976658,0.0,0.0,EZS39RG_1538
755,9554.464,51.254368378981255,6.697713001958272,31346,237.22832900719965,12.700000000000001,0.8877342499417269,63077.6600570694,44319.65997648667,0.0,0.0,EZS39RG_1538
756,9567.164,51.25294034771082,6.700245468653843,31388,237.22832900719965,12.700000000000001,0.8887203216080439,63076.77232281946,44365.41975432479,0.0,0.0,EZS39RG_1538
757,9579.864,51.25151226167178,6.702777777858095,31429,237.22832900719965,12.700000000000001,0.8896847094681775,63075.88360249785,44410.18258206605,0.0,0.0,EZS39RG_1538
758,9592.564,51.25008412086923,6.7053099295812215,31471,237.22832900719965,12.700000000000001,0.8906755653020085,63074.993917788386,44456.18334602608,0.0,0.0,EZS39RG_1538
759,9605.264,51.24865592530825,6.707841923833391,31513,237.22832900719965,12.700000000000001,0.8916688460802493,63074.103242223086,44502.30641826143,0.0,0.0,EZS39RG_1538
760,9617.964,51.24722767499389,6.7103737606247424,31555,237.22832900719965,12.700000000000001,0.8926645542663202,63073.211573377004,44548.5520309354,0.0,0.0,EZS39RG_1538
761,9630.664,51.24579936993118,6.712905439965385,31596,237.22832900719965,12.700000000000001,0.8936383533798344,63072.31890882274,44593.7897487785,0.0,0.0,EZS39RG_1538
762,9643.364,51.244371010125136,6.715436961865399,31638,237.22832900719965,12.700000000000001,0.8946388650837923,63071.42527046936,44640.2781712555,0.0,0.0,EZS39RG_1538
763,9656.064,51.24294259558075,6.717968326334834,31680,237.22832900719965,12.700000000000001,0.895641811476682,63070.53063160428,44686.88982882007,0.0,0.0,EZS39RG_1538
764,9668.764,51.24151412630299,6.720499533383705,31721,237.22832900719965,12.700000000000001,0.8966226794619732,63069.6349897928,44732.48534627148,0.0,0.0,EZS39RG_1538
765,9681.464,51.240085602296794,6.723030583022,31763,237.22832900719965,12.700000000000001,0.8976304436820017,63068.738367113336,44779.34119163546,0.0,0.0,EZS39RG_1538
766,9694.164,51.238657023567086,6.72556147525967,31805,237.22832900719965,12.700000000000001,0.8986406497944431,63067.840736669656,44826.320972400616,0.0,0.0,EZS39RG_1538
767,9706.864,51.23722839011876,6.728092210106631,31846,237.22832900719965,12.700000000000001,0.8996286075442746,63066.94209601986,44872.27632169275,0.0,0.0,EZS39RG_1538
768,9719.564,51.23579970195669,6.730622787572766,31888,237.22832900719965,12.700000000000001,0.9006436456363273,63066.04246741232,44919.50167949315,0.0,0.0,EZS39RG_1538
769,9732.264,51.234370959085716,6.733153207667923,31929,237.22832900719965,12.700000000000001,0.9016363221800247,63065.14182376669,44965.69707501658,0.0,0.0,EZS39RG_1538
770,9744.964,51.232942161510664,6.7356834704019075,31971,237.22832900719965,12.700000000000001,0.9026562015586771,63064.240187444506,45013.16893851301,0.0,0.0,EZS39RG_1538
771,9757.664,51.23151330923632,6.738213575784491,32013,237.22832900719965,12.700000000000001,0.9036785346347471,63063.33753124295,45060.76591539739,0.0,0.0,EZS39RG_1538
772,9770.364,51.23008440226745,6.7407435238254045,32054,237.22832900719965,12.700000000000001,0.9046783351807998,63062.43385270832,45107.32456113539,0.0,0.0,EZS39RG_1538
773,9783.064,51.22865544060879,6.743273314534337,32096,237.22832900719965,12.700000000000001,0.9057055234196297,63061.529174373136,45155.16945187253,0.0,0.0,EZS39RG_1538
774,9795.764,51.22722642426504,6.745802947920936,32138,237.22832900719965,12.700000000000001,0.9067351723354352,63060.62346884971,45203.14017164516,0.0,0.0,EZS39RG_1538
775,9808.464,51.225797353240885,6.748332423994806,32180,237.22832900719965,12.700000000000001,0.9077672842532831,63059.71673367738,45251.23696224647,0.0,0.0,EZS39RG_1538
776,9821.164,51.22436822754096,6.750861742765507,32221,237.22832900719965,12.700000000000001,0.9087766342465152,63058.808966393124,45298.28416703721,0.0,0.0,EZS39RG_1538
777,9833.864,51.222939047169874,6.753390904242554,32263,237.22832900719965,12.700000000000001,0.9098136195905752,63057.900189758875,45346.63077080818,0.0,0.0,EZS39RG_1538
778,9846.564,51.22150981213221,6.755919908435412,32305,237.22832900719965,12.700000000000001,0.9108530747941671,63056.990376139285,45395.104168881255,0.0,0.0,EZS39RG_1538
779,9859.264,51.22008052243251,6.758448755353498,32346,237.22832900719965,12.700000000000001,0.9118695956620236,63056.079523064494,45442.519501666735,0.0,0.0,EZS39RG_1538
780,9871.964,51.21865117807528,6.760977445006181,32388,237.22832900719965,12.700000000000001,0.9129139377461961,63055.16765346883,45491.24414809805,0.0,0.0,EZS39RG_1538
781,9884.664,51.21722177906498,6.763505977402773,32430,237.22832900719965,12.700000000000001,0.9139607564515844,63054.25473953108,45540.09631822257,0.0,0.0,EZS39RG_1538
782,9897.364,51.215792325406056,6.766034352552537,32471,237.22832900719965,12.700000000000001,0.9149844678029383,63053.34077877463,45587.88189558498,0.0,0.0,EZS39RG_1538
783,9910.064,51.214362817102895,6.768562570464677,32513,237.22832900719965,12.700000000000001,0.9160361866501477,63052.42579430683,45636.98676099831,0.0,0.0,EZS39RG_1538
784,9922.764,51.21293325415985,6.77109063114834,32554,237.22832900719965,12.700000000000001,0.9170646829312467,63051.50975812018,45685.01934501058,0.0,0.0,EZS39RG_1538
785,9935.464,51.211503636581234,6.773618534612615,32596,237.22832900719965,12.700000000000001,0.9181213106150441,63050.59269343725,45734.377872960446,0.0,0.0,EZS39RG_1538
786,9948.164,51.21007396437132,6.776146280866529,32638,237.22832900719965,12.700000000000001,0.9191804259484654,63049.674572126634,45783.865151542035,0.0,0.0,EZS39RG_1538
787,9960.864,51.20864423753432,6.778673869919043,32679,237.22832900719965,12.700000000000001,0.9202161446941561,63048.75539170069,45832.27154050706,0.0,0.0,EZS39RG_1538
788,9973.564,51.207214456074425,6.781201301779055,32721,237.22832900719965,12.700000000000001,0.9212801817866927,63047.83517555599,45882.01394832433,0.0,0.0,EZS39RG_1538
789,9986.264,51.205784619995754,6.783728576455394,32763,237.22832900719965,12.700000000000001,0.922346713016048,63046.91389537421,45931.8858521856,0.0,0.0,EZS39RG_1538
790,9998.964,51.20435472930239,6.786255693956816,32805,237.22832900719965,12.700000000000001,0.9234157405374003,63045.99154866119,45981.88750394515,0.0,0.0,EZS39RG_1538
791,10011.664,51.202924783998355,6.788782654292007,32846,237.22832900719965,12.700000000000001,0.924461138038894,63045.068132920656,46030.79668857479,0.0,0.0,EZS39RG_1538
792,10024.364,51.201494784087636,6.791309457469574,32888,237.22832900719965,12.700000000000001,0.9255351042481792,63044.143671782615,46081.055447908955,0.0,0.0,EZS39RG_1538
793,10037.064,51.200064729574144,6.793836103498048,32930,237.22832900719965,12.700000000000001,0.9266115730880197,63043.21813667837,46131.44470873121,0.0,0.0,EZS39RG_1538
794,10049.764,51.198634620461746,6.796362592385876,32971,237.22832900719965,12.700000000000001,0.9276642364941871,63042.291525105284,46180.73277898476,0.0,0.0,EZS39RG_1538
795,10062.464,51.19720445675424,6.79888892414142,33013,237.22832900719965,12.700000000000001,0.928745656430922,63041.36386086879,46231.38064232743,0.0,0.0,EZS39RG_1538
796,10075.164,51.19577423845538,6.8014150987729565,33055,237.22832900719965,12.700000000000001,0.9298295852205375,63040.435115212356,46282.159766932054,0.0,0.0,EZS39RG_1538
797,10087.864,51.194343965568834,6.803941116288667,33096,237.22832900719965,12.700000000000001,0.930889532573117,63039.505285627136,46331.828927527225,0.0,0.0,EZS39RG_1538
798,10100.564,51.19291363809821,6.806466976696639,33138,237.22832900719965,12.700000000000001,0.931978424634639,63038.57439609456,46382.86816186908,0.0,0.0,EZS39RG_1538
799,10113.264,51.191483256047064,6.8089926800048595,33179,237.22832900719965,12.700000000000001,0.9330432180753915,63037.64241766993,46432.79157913967,0.0,0.0,EZS39RG_1538
800,10125.964,51.19005281941886,6.8115182262212155,33221,237.22832900719965,12.700000000000001,0.9341370813593834,63036.70937445186,46484.09193078872,0.0,0.0,EZS39RG_1538
801,10138.664,51.18862232821699,6.814043615353483,33263,237.22832900719965,12.700000000000001,0.935233463580652,63035.7752373705,46535.524821792016,0.0,0.0,EZS39RG_1538
802,10151.364,51.18719178244477,6.816568847409328,33305,237.22832900719965,12.700000000000001,0.9363323667331744,63034.84000390692,46587.09051237842,0.0,0.0,EZS39RG_1538
803,10164.064,51.185761182105445,6.819093922396298,33346,237.22832900719965,12.700000000000001,0.9374069346901547,63033.90367154018,46637.52854041752,0.0,0.0,EZS39RG_1538
804,10176.764,51.184330527202164,6.82161884032182,33388,237.22832900719965,12.700000000000001,0.9385108247276137,63032.96626460549,46689.35739242571,0.0,0.0,EZS39RG_1538
805,10189.464,51.18289981773798,6.824143601193193,33430,237.22832900719965,12.700000000000001,0.9396172415433273,63032.02775378076,46741.31982267577,0.0,0.0,EZS39RG_1538
806,10202.164,51.18146905371588,6.826668205017585,33471,237.22832900719965,12.700000000000001,0.9406991454173873,63031.08813653922,46792.145664449024,0.0,0.0,EZS39RG_1538
807,10214.864,51.180038235138724,6.829192651802021,33513,237.22832900719965,12.700000000000001,0.9418105605379793,63030.1474373938,46844.37280081013,0.0,0.0,EZS39RG_1538
808,10227.564,51.17860736200929,6.831716941553385,33555,237.22832900719965,12.700000000000001,0.9429245081494992,63029.20562683327,46896.73430047944,0.0,0.0,EZS39RG_1538
809,10240.264,51.17717643433024,6.834241074278406,33596,237.22832900719965,12.700000000000001,0.9440137645017419,63028.26270232512,46947.95023407321,0.0,0.0,EZS39RG_1538
810,10252.964,51.175745452104145,6.836765049983656,33638,237.22832900719965,12.700000000000001,0.9451327215679763,63027.31868856062,47000.57799725727,0.0,0.0,EZS39RG_1538
811,10265.664,51.174314415333434,6.839288868675539,33680,237.22832900719965,12.700000000000001,0.9462542166987014,63026.373555839054,47053.340915280685,0.0,0.0,EZS39RG_1538
812,10278.364,51.172883324020425,6.841812530360285,33721,237.22832900719965,12.700000000000001,0.9473508416861127,63025.42730162235,47104.9492375346,0.0,0.0,EZS39RG_1538
813,10291.064,51.17145217816732,6.844336035043938,33763,237.22832900719965,12.700000000000001,0.9484773571417285,63024.47995078067,47157.97998930475,0.0,0.0,EZS39RG_1538
814,10303.764,51.17002097777617,6.84685938273235,33804,237.22832900719965,12.700000000000001,0.9495788833710642,63023.53147342353,47209.850120941686,0.0,0.0,EZS39RG_1538
815,10316.464,51.16858972284889,6.849382573431173,33846,237.22832900719965,12.700000000000001,0.9507104262100443,63022.581894540155,47263.14975617834,0.0,0.0,EZS39RG_1538
816,10329.164,51.167158413387256,6.8519056071458415,33888,237.22832900719965,12.700000000000001,0.9518445160662937,63021.63118411395,47316.58587781911,0.0,0.0,EZS39RG_1538
817,10341.864,51.16572704939288,6.854428483881568,33930,237.22832900719965,12.700000000000001,0.9529811546971633,63020.67933959788,47370.158756988516,0.0,0.0,EZS39RG_1538
818,10354.564,51.16429563086721,6.856951203643327,33971,237.22832900719965,12.700000000000001,0.9540925637390486,63019.726358443186,47422.558822991276,0.0,0.0,EZS39RG_1538
819,10367.264,51.16286415781152,6.859473766435842,34013,237.22832900719965,12.700000000000001,0.9552342435568911,63018.772265879445,47476.402715317345,0.0,0.0,EZS39RG_1538
820,10379.964,51.161432630226905,6.861996172263575,34055,237.22832900719965,12.700000000000001,0.9563784772758117,63017.81703163589,47530.384176447675,0.0,0.0,EZS39RG_1538
821,10392.664,51.16000104811426,6.864518421130708,34096,237.22832900719965,12.700000000000001,0.9574973008556129,63016.86065315861,47583.18363583874,0.0,0.0,EZS39RG_1538
822,10405.364,51.15856941147429,6.867040513041127,34138,237.22832900719965,12.700000000000001,0.9586465857332267,63015.903155857755,47637.43771953716,0.0,0.0,EZS39RG_1538
823,10418.064,51.15713772030747,6.869562447998405,34180,237.22832900719965,12.700000000000001,0.959798429479048,63014.94450927202,47691.830190015666,0.0,0.0,EZS39RG_1538
824,10430.764,51.155705974614044,6.872084226005783,34221,237.22832900719965,12.700000000000001,0.9609246819921645,63013.98471084254,47745.03141634561,0.0,0.0,EZS39RG_1538
825,10443.464,51.15427417439402,6.874605847066151,34263,237.22832900719965,12.700000000000001,0.9620815865483535,63013.02378616055,47799.69813209911,0.0,0.0,EZS39RG_1538
826,10456.164,51.15284231964714,6.877127311182024,34305,237.22832900719965,12.700000000000001,0.9632410547752167,63012.061704574,47854.5040593691,0.0,0.0,EZS39RG_1538
827,10468.864,51.15141041037288,6.8796486183555166,34346,237.22832900719965,12.700000000000001,0.9643747501387528,63011.09846351922,47908.10944579972,0.0,0.0,EZS39RG_1538
828,10481.564,51.149978446570415,6.88216976858832,34388,237.22832900719965,12.700000000000001,0.96553928849696,63010.13408876908,47963.1912544671,0.0,0.0,EZS39RG_1538
829,10494.264,51.148546428238596,6.884690761881672,34429,237.22832900719965,12.700000000000001,0.9666779331021947,63009.168549480586,48017.0663194447,0.0,0.0,EZS39RG_1538
830,10506.964,51.14711435537596,6.887211598236324,34471,237.22832900719965,12.700000000000001,0.9678475475929039,63008.201871547484,48072.425103304915,0.0,0.0,EZS39RG_1538
831,10519.664,51.14568222798067,6.8897322776525085,34513,237.22832900719965,12.700000000000001,0.9690197333658416,63007.23402399989,48127.92448616216,0.0,0.0,EZS39RG_1538
832,10532.364,51.1442500460505,6.892252800129902,34555,237.22832900719965,12.700000000000001,0.970194491898468,63006.26500426652,48183.56475053538,0.0,0.0,EZS39RG_1538
833,10545.064,51.14281780958283,6.894773165667581,34596,237.22832900719965,12.700000000000001,0.9713431127224538,63005.29480977462,48237.98571604229,0.0,0.0,EZS39RG_1538
834,10557.764,51.14138551857457,6.89729337426398,34638,237.22832900719965,12.700000000000001,0.972522958992495,63004.323466661896,48293.90517479025,0.0,0.0,EZS39RG_1538
835,10570.464,51.13995317302217,6.89981342591684,34680,237.22832900719965,12.700000000000001,0.9737053822975147,63003.350943702906,48349.966360441096,0.0,0.0,EZS39RG_1538
836,10583.164,51.13852077292155,6.902333320623153,34721,237.22832900719965,12.700000000000001,0.9748614846934869,63002.37723832061,48404.79878498134,0.0,0.0,EZS39RG_1538
837,10595.864,51.137088318268084,6.9048530583791,34763,237.22832900719965,12.700000000000001,0.9760490039985406,63001.40237683592,48461.14084210824,0.0,0.0,EZS39RG_1538
838,10608.564,51.135655809056516,6.9073726391799815,34805,237.22832900719965,12.700000000000001,0.9772391044266753,63000.42632783192,48517.625478533606,0.0,0.0,EZS39RG_1538
839,10621.264,51.13422324528094,6.909892063020143,34846,237.22832900719965,12.700000000000001,0.9784027002368536,62999.449088727495,48572.871835503196,0.0,0.0,EZS39RG_1538
840,10633.964,51.13279062693474,6.91241132989289,34888,237.22832900719965,12.700000000000001,0.9795979045519716,62998.470686027256,48629.63903441392,0.0,0.0,EZS39RG_1538
841,10646.664,51.131357954010504,6.914930439790391,34930,237.22832900719965,12.700000000000001,0.9807956938851575,62997.491088122704,48686.54967209121,0.0,0.0,EZS39RG_1538
842,10659.364,51.12992522649996,6.917449392703565,34971,237.22832900719965,12.700000000000001,0.9819667943908653,62996.51029242882,48742.212455401845,0.0,0.0,EZS39RG_1538
843,10668.0,51.128492444393885,6.919968188621968,35000,237.22832900719965,11.176000000000002,0.9819638612412768,62995.528325634434,48781.28141911004,0.0,0.0,EZS39RG_1538
844,10668.0,51.12705960768202,6.922486827533644,35000,237.22832900719965,9.652000000000001,0.9811111270034986,62994.546361773195,48779.95962722993,0.0,0.0,EZS39RG_1538
845,10668.0,51.12562671635296,6.925005309424976,35000,237.22832900719965,8.128,0.980258213928132,62993.56525064619,48778.638663857724,0.0,0.0,EZS39RG_1538
846,10668.0,51.124193770394015,6.927523634280494,35000,237.22832900719965,6.604,0.9794051225876476,62992.58499243226,48777.31852921286,0.0,0.0,EZS39RG_1538
847,10668.0,51.12276076979107,6.930041802082675,35000,237.22832900719965,5.08,0.9785518535545642,62991.60558730967,48775.99922351401,0.0,0.0,EZS39RG_1538
848,10668.0,51.12132771452843,6.932559812811696,35000,237.22832900719965,3.556,0.9776984074014462,62990.62703545611,48774.68074697902,0.0,0.0,EZS39RG_1538
849,10668.0,51.11989460458861,6.935077666445154,35000,237.22832900719965,2.032,0.9768447847009056,62989.649337048715,48773.36309982498,0.0,0.0,EZS39RG_1538
850,10668.0,51.118461439952114,6.937595362957736,35000,237.22832900719965,0.508,0.9759909860256001,62988.67249226401,48772.0462822682,0.0,0.0,EZS39RG_1538
851,10668.0,51.11702822059718,6.940112902320832,35000,237.22832900719965,0.0,0.9756878593350009,62987.69650127799,48770.73037047205,0.0,0.0,EZS39RG_1538
852,10668.0,51.11559494649942,6.942630284502075,35000,237.22832900719965,0.0,0.975660131882771,62986.72081341866,48769.41486877533,0.0,0.0,EZS39RG_1538
853,10668.0,51.1141616176315,6.945147509464789,35000,237.22832900719965,0.0,0.9756324054178861,62985.74515328678,48768.09942483963,0.0,0.0,EZS39RG_1538
854,10668.0,51.11272823396264,6.94766457716733,35000,237.22832900719965,0.0,0.9756046799403303,62984.76952088136,48766.78403866183,0.0,0.0,EZS39RG_1538
855,10668.0,51.111294795458065,6.950181487562279,35000,237.22832900719965,0.0,0.9755769554500888,62983.79391620142,48765.4687102389,0.0,0.0,EZS39RG_1538
856,10668.0,51.10986130207832,6.95269824059545,35000,237.22832900719965,0.0,0.9755492319471468,62982.818339245976,48764.15343956775,0.0,0.0,EZS39RG_1538
857,10668.0,51.108427753778436,6.955214836204662,35000,237.22832900719965,0.0,0.9755215094314884,62981.84279001403,48762.838226645326,0.0,0.0,EZS39RG_1538
858,10668.0,51.106994150506836,6.957731274318192,35000,237.22832900719965,0.0,0.9754937879030986,62980.8672685046,48761.52307146855,0.0,0.0,EZS39RG_1538
859,10668.0,51.10556049220399,6.9602475548528,35000,237.22832900719965,0.0,0.9754660673619616,62979.89177471669,48760.20797403434,0.0,0.0,EZS39RG_1538
860,10668.0,51.104126778800634,6.9627636777111706,35000,237.22832900719965,0.0,0.9754383478080635,62978.91630864933,48758.89293433967,0.0,0.0,EZS39RG_1538
861,10668.0,51.10269301021545,6.965279642778539,35000,237.22832900719965,0.0,0.9754106292413874,62977.94087030152,48757.57795238143,0.0,0.0,EZS39RG_1538
862,10668.0,51.10125918635189,6.967795449918133,35000,237.22832900719965,0.0,0.975382911661919,62976.96545967228,48756.26302815657,0.0,0.0,EZS39RG_1538
863,10668.0,51.09982530709387,6.970311098964893,35000,237.22832900719965,0.0,0.9753551950696435,62975.99007676062,48754.94816166207,0.0,0.0,EZS39RG_1538
864,10668.0,51.098391372299574,6.972826589716541,35000,237.22832900719965,0.0,0.9753274794645445,62975.01472156555,48753.63335289479,0.0,0.0,EZS39RG_1538
865,10668.0,51.096957381792365,6.975341921920447,35000,237.22832900719965,0.0,0.9752997648466072,62974.03939408609,48752.31860185168,0.0,0.0,EZS39RG_1538
866,10668.0,51.09552333534688,6.977857095253496,35000,237.22832900719965,0.0,0.9752720512158156,62973.06409432124,48751.003908529674,0.0,0.0,EZS39RG_1538
867,10668.0,51.09408923266656,6.980372109289571,35000,237.22832900719965,0.0,0.9752443385721558,62972.08882227002,48749.689272925745,0.0,0.0,EZS39RG_1538
868,10668.0,51.092655073344794,6.9828869634433985,35000,237.22832900719965,0.0,0.9752166269156115,62971.11357793145,48748.374695036786,0.0,0.0,EZS39RG_1538
869,10668.0,51.09122085679161,6.985401656864504,35000,237.22832900719965,0.0,0.9751889162461673,62970.13836130453,48747.06017485975,0.0,0.0,EZS39RG_1538
870,10668.0,51.08978658207662,6.987916188210074,35000,237.22832900719965,0.0,0.9751612065638086,62969.16317238829,48745.74571239155,0.0,0.0,EZS39RG_1538
871,10668.0,51.08835224752093,6.990430555054764,35000,237.22832900719965,0.0,0.9751334978685195,62968.18801118172,48744.43130762915,0.0,0.0,EZS39RG_1538
872,10668.0,51.086917849202635,6.992944751729382,35000,237.22832900719965,0.0,0.9751057901602848,62967.21287768385,48743.11696056945,0.0,0.0,EZS39RG_1538
873,10668.0,51.08548336756772,6.995458749957953,35000,237.22832900719965,0.0,0.9750780834390891,62966.23777189369,48741.802671209414,0.0,0.0,EZS39RG_1538
0,1.524,52.31419332775843,4.779268643716739,5,229.49979982624342,1.524,0.5823692797721001,57298.55656932567,30686.529912260907,0.08726411179883538,0.08726411179883538,ITY113_1804
1,4.572,52.31216137321042,4.778877810768457,15,227.49979982624342,3.048,0.5803920311501651,57297.9742000459,30559.066501117155,0.08677112947256672,0.08677112947256672,ITY113_1804
2,9.144,52.3101428936081,4.778557311615036,30,225.49979982624342,4.572,0.5786004675308145,57297.39380801475,30439.371234831524,0.08627564704459297,0.08627564704459297,ITY113_1804
3,15.24,52.30813876164034,4.778306678913042,50,223.49979982624342,6.096,0.577004613704021,57296.81520754722,30327.88677450778,0.08577717905387515,0.08577717905387515,ITY113_1804
4,22.86,52.306149851871396,4.778125411966494,75,221.49979982624342,7.62,0.5756148096454772,57296.23820293351,30225.069475551605,0.08527525984740875,0.08527525984740875,ITY113_1804
5,32.004,52.30415458731536,4.778010929987316,104,221.99979982624342,9.144,0.576859353682601,57295.662588123865,30244.05103051729,0.08476436262343207,0.08476436262343207,ITY113_1804
6,42.672,52.302154526514705,4.7779112839711395,139,222.49979982624342,10.668,0.5780870977530279,57295.08572877018,30262.430714342543,0.08424273673518645,0.08424273673518645,ITY113_1804
7,54.864,52.300149140405324,4.777878653924129,179,222.99979982624342,12.192,0.5793003125432081,57294.507641672426,30280.311123547584,0.08371144322724174,0.08371144322724174,ITY113_1804
8,67.564,52.29813926943879,4.777913198244462,221,223.49979982624342,12.700000000000001,0.5799543406346075,57293.92834135988,30298.138943573005,0.08317696822813855,0.08317696822813855,ITY113_1804
9,80.264,52.296125754068534,4.778015046835586,263,223.99979982624342,12.700000000000001,0.5803363651596418,57293.34838701925,30316.228887106885,0.08264243870877784,0.08264243870877784,ITY113_1804
10,92.964,52.29410943439574,4.77818430124911,305,224.49979982624342,12.700000000000001,0.5807241728313544,57292.76805065409,30334.57814948375,0.08210756530312541,0.08210756530312541,ITY113_1804
11,105.664,52.292091149819356,4.778421034838505,346,224.99979982624342,12.700000000000001,0.5811215174430389,57292.18732648126,30353.35751265222,0.08157205897416865,0.08157205897416865,ITY113_1804
12,118.364,52.290071738690266,4.778725292923409,388,225.49979982624342,12.700000000000001,0.581520785573941,57291.60620496382,30372.22057341013,0.08103563199160158,0.08103563199160158,ITY113_1804
13,131.064,52.28805203796974,4.77909709296424,429,225.99979982624342,12.700000000000001,0.581929607324214,57291.02468417825,30391.514468081117,0.08049799890115401,0.08049799890115401,ITY113_1804
14,143.764,52.28603288289224,4.779536424746909,471,226.49979982624342,12.700000000000001,0.5823401123401877,57290.442754570926,30410.88113173695,0.07995887748381444,0.07995887748381444,ITY113_1804
15,156.464,52.28401510663269,4.780043250577352,513,226.99979982624342,12.700000000000001,0.5827561213631385,57289.860414458584,30430.49438573267,0.07941798970321348,0.07941798970321348,ITY113_1804
16,169.164,52.28199953997821,4.780617505485639,554,227.49979982624342,12.700000000000001,0.5831817119029976,57289.27765833722,30450.53970325323,0.07887506263947622,0.07887506263947622,ITY113_1804
17,181.864,52.27998701100455,4.781259097439419,596,227.99979982624342,12.700000000000001,0.583608630448333,57288.694476625315,30470.641633171424,0.07832982940792031,0.07832982940792031,ITY113_1804
18,194.564,52.27797834475711,4.78196790756644,638,228.49979982624342,12.700000000000001,0.5840408917974955,57288.11086799487,30490.98280386786,0.07778203006101006,0.07778203006101006,ITY113_1804
19,207.264,52.275974362936765,4.782743790385894,680,228.99979982624342,12.700000000000001,0.5844784432552297,57287.526827103065,30511.56081324014,0.07723141247204361,0.07723141247204361,ITY113_1804
20,219.964,52.273975883590474,4.7835865740483525,721,229.49979982624342,12.700000000000001,0.5849256188052745,57286.94234865981,30532.572768883932,0.07667773319907961,0.07667773319907961,ITY113_1804
21,232.664,52.271983720806766,4.784496060584027,763,229.99979982624342,12.700000000000001,0.5853736575096151,57286.357423041,30553.620203261584,0.07612075832769749,0.07612075832769749,ITY113_1804
22,245.364,52.26999868441618,4.785472026159121,805,230.49979982624342,12.700000000000001,0.5858268310383308,57285.77204938349,30574.89739851656,0.07556026429122183,0.07556026429122183,ITY113_1804
23,258.064,52.268021579696686,4.786514221340014,846,230.99979982624342,12.700000000000001,0.5862896646472024,57285.18622255245,30596.610135907064,0.07499603866710292,0.07499603866710292,ITY113_1804
24,270.764,52.26605320708415,4.78762237136506,888,231.49979982624342,12.700000000000001,0.5867530188037402,57284.5999328878,30618.342781609445,0.0744278809482066,0.0744278809482066,ITY113_1804
25,283.464,52.26408646937235,4.788760397208339,930,231.99979982624342,12.700000000000001,0.587221356741042,57284.013179869,30640.298305581047,0.0738324046381357,0.0738324046381357,ITY113_1804
26,296.164,52.26211548203166,4.789900774407401,971,232.49979982624342,12.700000000000001,0.5876993939693174,57283.425958512256,30662.69111404489,0.07318184645586526,0.07318184645586526,ITY113_1804
27,308.864,52.260140244992975,4.791043502323709,1013,232.99979982624342,12.700000000000001,0.5881776142408546,57282.83825911829,30685.088497518616,0.07253332144511447,0.07253332144511447,ITY113_1804
28,321.564,52.25816075818706,4.792188580317519,1055,233.49979982624342,12.700000000000001,0.5886606713281792,57282.25008150405,30707.702064779503,0.07188683934925096,0.07188683934925096,ITY113_1804
29,334.264,52.256177021544545,4.793336007747879,1096,233.99979982624342,12.700000000000001,0.589153470003196,57281.66142083272,30730.754799492406,0.07124240985476553,0.07124240985476553,ITY113_1804
30,346.964,52.25418903499594,4.794485783972631,1138,234.49979982624342,12.700000000000001,0.5896461191397568,57281.07226736272,30753.797005092852,0.07060004259099936,0.07060004259099936,ITY113_1804
31,359.664,52.25219761777146,4.795637434562824,1180,234.90315703432435,12.700000000000001,0.5900048465286982,57280.48262124358,30770.62409380242,0.06992096220745479,0.06992096220745479,ITY113_1804
32,372.364,52.25020512351622,4.7967895980310375,1221,235.02887845368525,12.700000000000001,0.5899720603637091,57279.892616397054,30769.29719680478,0.06921173499944212,0.06921173499944212,ITY113_1804
33,385.064,52.24821155152352,4.797942274626491,1263,235.15468132246738,12.700000000000001,0.5899341913564053,57279.30264433669,30767.739157235297,0.06850730424657991,0.06850730424657991,ITY113_1804
34,397.764,52.246216901086285,4.799095464598423,1305,235.28056568194992,12.700000000000001,0.5898963008869016,57278.71271014534,30766.180065026736,0.0678076524395602,0.0678076524395602,ITY113_1804
35,410.464,52.24422117149708,4.80024916819609,1346,235.40653157338375,12.700000000000001,0.5898634437225982,57278.12281384445,30764.849712448013,0.06711276202966544,0.06711276202966544,ITY113_1804
36,423.164,52.24222436204809,4.801403385668764,1388,235.53257903799442,12.700000000000001,0.5898255085402424,57277.532950400724,30763.28843439408,0.0664226154286988,0.0664226154286988,ITY113_1804
37,435.864,52.24022647203114,4.802558117265736,1429,235.6587081169777,12.700000000000001,0.5897926036547056,57276.94312489218,30761.95576059123,0.06573719500892015,0.06573719500892015,ITY113_1804
38,448.564,52.23822750073767,4.803713363236313,1471,235.78491885150225,12.700000000000001,0.5897546238075593,57276.35333228853,30760.392298814517,0.06505648310297615,0.06505648310297615,ITY113_1804
39,461.264,52.236227447458774,4.8048691238298185,1513,235.91121128270603,12.700000000000001,0.5897166225749468,57275.76357766472,30758.82778780824,0.06438046200383626,0.06438046200383626,ITY113_1804
40,473.964,52.23422631148516,4.806025399295592,1555,236.03758545170282,12.700000000000001,0.5896785999750369,57275.173861042145,30757.262228382482,0.063709113964724,0.063709113964724,ITY113_1804
41,486.664,52.23222409210717,4.807182189882989,1596,236.16404139957453,12.700000000000001,0.5896456010385565,57274.58418244217,30755.92497452329,0.06304242119904824,0.06304242119904824,ITY113_1804
42,499.364,52.23022078861478,4.808339495841381,1638,236.29057916737565,12.700000000000001,0.5896075338851909,57273.994536841135,30754.357236310778,0.06238036588034041,0.06238036588034041,ITY113_1804
43,512.064,52.228216400297605,4.8094973174201545,1679,236.41719879613123,12.700000000000001,0.5895744873233568,57273.40492930725,30753.017665403222,0.06172293014218261,0.06172293014218261,ITY113_1804
44,524.764,52.226210926444885,4.810655654868709,1721,236.54390032683827,12.700000000000001,0.589536375668702,57272.815354819926,30751.44775071309,0.06107009607814307,0.06107009607814307,ITY113_1804
45,537.464,52.22420436634549,4.811814508436461,1763,236.67068380046356,12.700000000000001,0.5894982427288216,57272.225818444254,30749.87679125555,0.06042184574170553,0.06042184574170553,ITY113_1804
46,550.164,52.22219671928793,4.81297387837284,1804,236.79754925794646,12.700000000000001,0.5894651254552714,57271.63632020153,30748.533777336324,0.059778161146206155,0.059778161146206155,ITY113_1804
47,562.864,52.22018798456034,4.814133764927289,1846,236.92449674019338,12.700000000000001,0.5894269481005825,57271.04685507607,30746.96064523862,0.05913902426476115,0.05913902426476115,ITY113_1804
48,575.564,52.2181781614505,4.815294168349265,1888,237.05152628808528,12.700000000000001,0.5893887495132455,57270.45742812797,30745.38647071628,0.05850441703020351,0.05850441703020351,ITY113_1804
49,588.264,52.21616724924582,4.8164550888882385,1930,237.17863794247134,12.700000000000001,0.5893505297130981,57269.86803937846,30743.81125465522,0.057874321335010526,0.057874321335010526,ITY113_1804
50,600.964,52.214155904341766,4.817616147491844,1971,237.22832900719965,12.700000000000001,0.5892088376015938,57269.278688848746,30737.434813306034,0.057248873108214506,0.057248873108214506,ITY113_1804
51,613.664,52.21214454804204,4.81877710094223,2013,237.22832900719965,12.700000000000001,0.5889933233142943,57268.68948001115,30727.639829309912,0.05662814814400548,0.05662814814400548,ITY113_1804
52,626.364,52.2101331803485,4.819937949255893,2055,237.22832900719965,12.700000000000001,0.5887787908301747,57268.100486687836,30717.8892956984,0.05601212169519225,0.05601212169519225,ITY113_1804
53,639.064,52.20812180126299,4.821098692449322,2096,237.22832900719965,12.700000000000001,0.588570187613648,57267.51170789701,30708.408154193297,0.055400769018798035,0.055400769018798035,ITY113_1804
54,651.764,52.20611041078735,4.822259330539003,2138,237.22832900719965,12.700000000000001,0.5883575966438388,57266.9231377094,30698.7455270199,0.054794065376059485,0.054794065376059485,ITY113_1804
55,664.464,52.20409900892343,4.82341986354142,2180,237.22832900719965,12.700000000000001,0.5881459889326808,57266.33478011275,30689.12742221773,0.05419198603242704,0.05419198603242704,ITY113_1804
56,677.164,52.20208759567307,4.824580291473052,2221,237.22832900719965,12.700000000000001,0.5879402419440971,57265.74663412382,30679.775611345303,0.053594506257566905,0.053594506257566905,ITY113_1804
57,689.864,52.20007617103812,4.825740614350374,2263,237.22832900719965,12.700000000000001,0.5877305786388383,57265.15869388187,30670.245555984067,0.05300160132535414,0.05300160132535414,ITY113_1804
58,702.564,52.19806473502042,4.826900832189858,2304,237.22832900719965,12.700000000000001,0.5875267304930278,57264.57096330323,30660.97973492247,0.052413246513874495,0.052413246513874495,ITY113_1804
59,715.264,52.1960532876218,4.828060945007971,2346,237.22832900719965,12.700000000000001,0.5873190135311517,57263.98343657274,30651.53782480051,0.05184230271089879,0.05184230271089879,ITY113_1804
60,727.964,52.19404182884412,4.82922095282118,2388,237.22832900719965,12.700000000000001,0.5871122822854604,57263.396117559205,30642.140558559106,0.05128174495539069,0.05128174495539069,ITY113_1804
61,740.664,52.192030358689216,4.830380855645942,2430,237.22832900719965,12.700000000000001,0.586906537257762,57262.80900527692,30632.787961001628,0.05072724109755473,0.05072724109755473,ITY113_1804
62,753.364,52.19001887715893,4.831540653498717,2471,237.22832900719965,12.700000000000001,0.5867065155876732,57262.22209873966,30623.695447407936,0.0501787549947252,0.0501787549947252,ITY113_1804
63,766.064,52.1880073842551,4.8327003463959555,2513,237.22832900719965,12.700000000000001,0.5865027208452926,57261.63539222407,30614.431189934818,0.04963625051038441,0.04963625051038441,ITY113_1804
64,778.764,52.18599587997957,4.833859934354107,2555,237.22832900719965,12.700000000000001,0.5862999138251896,57261.048889503225,30605.211675482034,0.04909969151415682,0.04909969151415682,ITY113_1804
65,791.464,52.18398436433418,4.835019417389618,2596,237.22832900719965,12.700000000000001,0.5861027613407734,57260.4625895894,30596.2491331,0.04856904188181191,0.04856904188181191,ITY113_1804
66,804.164,52.181972837320764,4.836178795518929,2638,237.22832900719965,12.700000000000001,0.5859019075946335,57259.876486828056,30587.118106392652,0.048044265495261085,0.048044265495261085,ITY113_1804
67,816.864,52.179961298941166,4.837338068758479,2680,237.22832900719965,12.700000000000001,0.5857020430917381,57259.29058492046,30578.03189783569,0.04752532624255629,0.04752532624255629,ITY113_1804
68,829.564,52.17794974919722,4.838497237124701,2721,237.22832900719965,12.700000000000001,0.5855077642083097,57258.70488287737,30569.19954478006,0.04701218801788712,0.04701218801788712,ITY113_1804
69,842.264,52.17593818809077,4.839656300634025,2763,237.22832900719965,12.700000000000001,0.585309856001194,57258.11937511316,30560.201973203017,0.04650481472158329,0.04650481472158329,ITY113_1804
70,854.964,52.17392661562364,4.840815259302879,2805,237.22832900719965,12.700000000000001,0.5851129385751823,57257.534065257154,30551.249295705296,0.04600317026010653,0.04600317026010653,ITY113_1804
71,867.664,52.17191503179769,4.841974113147684,2846,237.22832900719965,12.700000000000001,0.5849215377570953,57256.94895231858,30542.547352410395,0.045507218546057,0.045507218546057,ITY113_1804
72,880.364,52.16990343661473,4.843132862184859,2888,237.22832900719965,12.700000000000001,0.5847265796822618,57256.36403078082,30533.68346271088,0.045016923498163844,0.045016923498163844,ITY113_1804
73,893.064,52.16789183007661,4.84429150643082,2929,237.22832900719965,12.700000000000001,0.5845370923396944,57255.77930420113,30525.068232087593,0.0448190999639232,0.0448190999639232,ITY113_1804
74,905.764,52.16588021218517,4.845450045901977,2971,237.22832900719965,12.700000000000001,0.5843440956634198,57255.19476710879,30516.293231202533,0.044827645915175726,0.044827645915175726,ITY113_1804
75,918.464,52.163868582942236,4.846608480614737,3013,237.22832900719965,12.700000000000001,0.5841520923651726,57254.610423013124,30507.563252524047,0.044830028656466195,0.044830028656466195,ITY113_1804
76,931.164,52.161856942349644,4.847766810585504,3055,237.22832900719965,12.700000000000001,0.5839610829752593,57254.02627092076,30498.87832220079,0.044826346924792475,0.044826346924792475,ITY113_1804
77,943.864,52.15984529040922,4.848925035830676,3096,237.22832900719965,12.700000000000001,0.5837754518800611,57253.44230983779,30490.437869083562,0.04481669944040743,0.04481669944040743,ITY113_1804
78,956.564,52.15783362712281,4.85008315636665,3138,237.22832900719965,12.700000000000001,0.5835864080545223,57252.85853438591,30481.842032988712,0.04480118490682147,0.04480118490682147,ITY113_1804
79,969.264,52.155821952492246,4.851241172209817,3180,237.22832900719965,12.700000000000001,0.5833983597271082,57252.27494797786,30473.291323606783,0.04477990201080788,0.04477990201080788,ITY113_1804
80,981.964,52.15381026651935,4.852399083376565,3221,237.22832900719965,12.700000000000001,0.5832156203906225,57251.69154961813,30464.98195562535,0.044752949422406804,0.044752949422406804,ITY113_1804
81,994.664,52.15179856920596,4.853556889883278,3263,237.22832900719965,12.700000000000001,0.5830295407862105,57251.10833399774,30456.52049610503,0.044720425794928687,0.044720425794928687,ITY113_1804
82,1007.364,52.1497868605539,4.854714591746336,3305,237.22832900719965,12.700000000000001,0.5828444582874439,57250.525304456954,30448.10424247571,0.04468242976495872,0.04468242976495872,ITY113_1804
83,1020.064,52.14777514056502,4.855872188982114,3346,237.22832900719965,12.700000000000001,0.5826646153762636,57249.94245999867,30439.926189497965,0.04463905995236099,0.04463905995236099,ITY113_1804
84,1032.764,52.14576340924113,4.857029681606985,3388,237.22832900719965,12.700000000000001,0.5824815047943703,57249.359795383294,30431.5993429899,0.04459041496028284,0.04459041496028284,ITY113_1804
85,1045.464,52.14375166658406,4.858187069637316,3429,237.22832900719965,12.700000000000001,0.5823035876618989,57248.7773138785,30423.508608973414,0.044536593375158695,0.044536593375158695,ITY113_1804
86,1058.164,52.141739912595646,4.859344353089473,3471,237.22832900719965,12.700000000000001,0.5821224511371212,57248.19501029084,30415.271274903487,0.0444776937667138,0.0444776937667138,ITY113_1804
87,1070.864,52.139728147277715,4.860501531979815,3513,237.22832900719965,12.700000000000001,0.5819423144326938,57247.6128878397,30407.079280306338,0.04444648594055372,0.04444648594055372,ITY113_1804
88,1083.564,52.1377163706321,4.861658606324697,3555,237.22832900719965,12.700000000000001,0.5817631781029939,57247.030945525265,30398.932652439453,0.04441285940113968,0.04441285940113968,ITY113_1804
89,1096.264,52.13570458266062,4.862815576140473,3596,237.22832900719965,12.700000000000001,0.5815891422511332,57246.44918234716,30391.01792867779,0.04437523741707843,0.04437523741707843,ITY113_1804
90,1108.964,52.133692783365106,4.86397244144349,3638,237.22832900719965,12.700000000000001,0.5814119843334504,57245.86759320491,30382.961027374196,0.04433368534330326,0.04433368534330326,ITY113_1804
91,1121.664,52.13168097274738,4.865129202250093,3680,237.22832900719965,12.700000000000001,0.5812358284524799,57245.286181220574,30374.949574473143,0.044288268523671716,0.044288268523671716,ITY113_1804
92,1134.364,52.12966915080927,4.86628585857662,3721,237.22832900719965,12.700000000000001,0.5810647033407104,57244.70494539212,30367.166869769822,0.04423905229096961,0.04423905229096961,ITY113_1804
93,1147.064,52.127657317552604,4.867442410439409,3763,237.22832900719965,12.700000000000001,0.5808905291738737,57244.12388068878,30359.24530563649,0.044186101966912535,0.044186101966912535,ITY113_1804
94,1159.764,52.1256454729792,4.868598857854792,3804,237.22832900719965,12.700000000000001,0.5807213394335076,57243.54299015961,30351.550391384782,0.04412948286214966,0.04412948286214966,ITY113_1804
95,1172.464,52.12363361709089,4.869755200839096,3846,237.22832900719965,12.700000000000001,0.580549149193617,57242.96226882017,30343.718824637577,0.0440692602762657,0.0440692602762657,ITY113_1804
96,1185.164,52.121621749889485,4.870911439408645,3888,237.22832900719965,12.700000000000001,0.5803779637971882,57242.38171967098,30335.93284406202,0.04400549949778414,0.04400549949778414,ITY113_1804
97,1197.864,52.11960987137682,4.872067573579758,3930,237.22832900719965,12.700000000000001,0.5802077838173998,57241.801341707185,30328.192477766825,0.04393826580416933,0.04393826580416933,ITY113_1804
98,1210.564,52.11759798155471,4.873223603368752,3971,237.22832900719965,12.700000000000001,0.580042494876307,57241.22113392337,30320.67453230793,0.043867624461829666,0.043867624461829666,ITY113_1804
99,1223.264,52.11558608042498,4.874379528791937,4013,237.22832900719965,12.700000000000001,0.5798743033260836,57240.64109142849,30313.024384211654,0.04379364072612031,0.04379364072612031,ITY113_1804
100,1235.964,52.113574167989455,4.87553534986562,4054,237.22832900719965,12.700000000000001,0.5797109563316425,57240.06121712517,30305.59455167973,0.04371637984134578,0.04371637984134578,ITY113_1804
101,1248.664,52.111562244249946,4.876691066606106,4096,237.22832900719965,12.700000000000001,0.5795447554735826,57239.48150616884,30298.03473263884,0.043635907040762596,0.043635907040762596,ITY113_1804
102,1261.364,52.109550309208274,4.877846679029692,4138,237.22832900719965,12.700000000000001,0.5793795629020584,57238.90196141337,30290.52066848602,0.04355228754658207,0.04355228754658207,ITY113_1804
103,1274.064,52.107538362866265,4.879002187152674,4180,237.22832900719965,12.700000000000001,0.5792153792031456,57238.32258185047,30283.052387907053,0.04346558656997275,0.04346558656997275,ITY113_1804
104,1286.764,52.10552640522573,4.880157590991342,4221,237.22832900719965,12.700000000000001,0.5790559463870184,57237.743366471266,30275.800179699545,0.043375869311063714,0.043375869311063714,ITY113_1804
105,1299.464,52.10351443628849,4.881312890561982,4263,237.22832900719965,12.700000000000001,0.5788937579842031,57237.16431052488,30268.42245352237,0.04328320095894674,0.04328320095894674,ITY113_1804
106,1312.164,52.101502456056366,4.882468085880877,4305,237.22832900719965,12.700000000000001,0.5787325802110399,57236.585416766895,30261.09059686105,0.04318764669167913,0.04318764669167913,ITY113_1804
107,1324.864,52.09949046453117,4.883623176964304,4346,237.22832900719965,12.700000000000001,0.5785760830802114,57236.00668418669,30253.97163028299,0.043089271676286525,0.043089271676286525,ITY113_1804
108,1337.564,52.09747846171472,4.884778163828536,4388,237.22832900719965,12.700000000000001,0.5784169040941427,57235.42810810361,30246.73049869283,0.04298814106876563,0.04298814106876563,ITY113_1804
109,1350.264,52.095466447608835,4.885933046489844,4429,237.22832900719965,12.700000000000001,0.5782623590513116,57234.84969119952,30239.70014119756,0.04288432001408671,0.04288432001408671,ITY113_1804
110,1362.964,52.09345442221532,4.887087824964491,4471,237.22832900719965,12.700000000000001,0.578105181191741,57234.27142884047,30232.54984894891,0.0427778736461965,0.0427778736461965,ITY113_1804
111,1375.664,52.091442385536006,4.888242499268737,4513,237.22832900719965,12.700000000000001,0.5779490169291326,57233.693323659274,30225.445571153745,0.0426688670880207,0.0426688670880207,ITY113_1804
112,1388.364,52.089430337572686,4.889397069418841,4555,237.22832900719965,12.700000000000001,0.5777938668694533,57233.115374642344,30218.38733737812,0.042557365451467016,0.042557365451467016,ITY113_1804
113,1401.064,52.087418278327185,4.890551535431053,4596,237.22832900719965,12.700000000000001,0.5776432566401444,57232.537580775475,30211.535612710577,0.04244343383742735,0.04244343383742735,ITY113_1804
114,1413.764,52.08540620780131,4.89170589732162,4638,237.22832900719965,12.700000000000001,0.5774901124671608,57231.95993751883,30204.56845053848,0.04233180607194498,0.04233180607194498,ITY113_1804
115,1426.464,52.08339412599688,4.892860155106785,4680,237.22832900719965,12.700000000000001,0.5773379843137787,57231.382447406366,30197.64742095941,0.04224209013881102,0.04224209013881102,ITY113_1804
116,1439.164,52.081382032915705,4.894014308802787,4721,237.22832900719965,12.700000000000001,0.5771903254167801,57230.80510942205,30190.929701685363,0.042150260191475955,0.042150260191475955,ITY113_1804
117,1451.864,52.07936992855959,4.8951683584258605,4763,237.22832900719965,12.700000000000001,0.5770402067595608,57230.22791909664,30184.099919596276,0.042056358404668086,0.042056358404668086,ITY113_1804
118,1464.564,52.07735781293035,4.896322303992235,4805,237.22832900719965,12.700000000000001,0.5768911059589288,57229.65087888988,30177.316359562756,0.04196042694598136,0.04196042694598136,ITY113_1804
119,1477.264,52.07534568602979,4.897476145518134,4846,237.22832900719965,12.700000000000001,0.5767464037270167,57229.07398778392,30170.732905409517,0.04186250797587681,0.04186250797587681,ITY113_1804
120,1489.964,52.073333547859725,4.898629883019779,4888,237.22832900719965,12.700000000000001,0.576599316072369,57228.497241380195,30164.040770515057,0.04176264364768443,0.04176264364768443,ITY113_1804
121,1502.664,52.07132139842196,4.899783516513386,4930,237.22832900719965,12.700000000000001,0.5764532481318285,57227.92064206412,30157.394948033765,0.041660876107605015,0.041660876107605015,ITY113_1804
122,1515.364,52.069309237718294,4.900937046015167,4971,237.22832900719965,12.700000000000001,0.5763115079573915,57227.34418881599,30150.94602132732,0.04155724749471181,0.04155724749471181,ITY113_1804
123,1528.064,52.067297065750545,4.902090471541327,5013,237.22832900719965,12.700000000000001,0.5761674568534454,57226.767877308026,30144.391803408722,0.04145179994095221,0.04145179994095221,ITY113_1804
124,1540.764,52.06528488252051,4.903243793108071,5054,237.22832900719965,12.700000000000001,0.5760276864397786,57226.19170985117,30138.032346645257,0.0413445755711496,0.0413445755711496,ITY113_1804
125,1553.464,52.06327268803,4.904397010731593,5096,237.22832900719965,12.700000000000001,0.5758856546455644,57225.61568216473,30131.569853405115,0.04123561650300504,0.04123561650300504,ITY113_1804
126,1566.164,52.061260482280815,4.905550124428088,5138,237.22832900719965,12.700000000000001,0.5757446457023883,57225.039796510086,30125.153824929574,0.04112496484709899,0.04112496484709899,ITY113_1804
127,1578.864,52.05924826527476,4.9067031342137435,5180,237.22832900719965,12.700000000000001,0.5756046602508402,57224.46405186439,30118.784292291948,0.041012662706893147,0.041012662706893147,ITY113_1804
128,1591.564,52.05723603701364,4.907856040104742,5221,237.22832900719965,12.700000000000001,0.5754688606101306,57223.88844720414,30112.60521793817,0.04089875217873208,0.04089875217873208,ITY113_1804
129,1604.264,52.05522379749925,4.909008842117263,5263,237.22832900719965,12.700000000000001,0.5753308995005064,57223.31297834353,30106.327654082455,0.040783275351844984,0.040783275351844984,ITY113_1804
130,1616.964,52.0532115467334,4.910161540267479,5304,237.22832900719965,12.700000000000001,0.5751970769692205,57222.73764744403,30100.238406162473,0.040666274308347496,0.040666274308347496,ITY113_1804
131,1629.664,52.05119928471789,4.911314134571559,5346,237.22832900719965,12.700000000000001,0.5750611427301737,57222.16245036706,30094.052933598483,0.04054779112324334,0.04054779112324334,ITY113_1804
132,1642.364,52.049187011454514,4.912466625045668,5388,237.22832900719965,12.700000000000001,0.5749262351901001,57221.58738922433,30087.91411226026,0.040427867864426086,0.040427867864426086,ITY113_1804
133,1655.064,52.04717472694508,4.913619011705963,5430,237.22832900719965,12.700000000000001,0.5747923550039562,57221.01246298914,30081.821973838465,0.040306546592680945,0.040306546592680945,ITY113_1804
134,1667.764,52.04516243119138,4.9147712945686,5471,237.22832900719965,12.700000000000001,0.574662518197895,57220.43767063414,30075.9138327685,0.040183869361686456,0.040183869361686456,ITY113_1804
135,1680.464,52.04315012419521,4.915923473649727,5513,237.22832900719965,12.700000000000001,0.5745306700273993,57219.86300811594,30069.91403459183,0.040059878218016216,0.040059878218016216,ITY113_1804
136,1693.164,52.04113780595837,4.917075548965488,5555,237.22832900719965,12.700000000000001,0.5743998511743347,57219.288477445916,30063.9610142566,0.03993461520114064,0.03993461520114064,ITY113_1804
137,1705.864,52.03912547648266,4.918227520532021,5596,237.22832900719965,12.700000000000001,0.5742730043043114,57218.71407759474,30058.188751864942,0.039808122343428703,0.039808122343428703,ITY113_1804
138,1718.564,52.03711313576987,4.919379388365461,5638,237.22832900719965,12.700000000000001,0.574144221368003,57218.139804590435,30052.32826025385,0.0396804416701496,0.0396804416701496,ITY113_1804
139,1731.264,52.0351007838218,4.920531152481936,5679,237.22832900719965,12.700000000000001,0.5740193629405526,57217.565660369066,30046.646372343326,0.039551615199474574,0.039551615199474574,ITY113_1804
140,1743.964,52.03308842064023,4.92168281289757,5721,237.22832900719965,12.700000000000001,0.5738926185351161,57216.99164100613,30040.87853561877,0.039421684942478566,0.039421684942478566,ITY113_1804
141,1756.664,52.03107604622697,4.922834369628481,5763,237.22832900719965,12.700000000000001,0.5737669067628477,57216.41774838759,30035.15763675614,0.03929069290314205,0.03929069290314205,ITY113_1804
142,1769.364,52.0290636605838,4.923985822690781,5805,237.22832900719965,12.700000000000001,0.5736422283008198,57215.84398148083,30029.483708387976,0.039165642727324215,0.039165642727324215,ITY113_1804
143,1782.064,52.027051263712515,4.9251371721005786,5846,237.22832900719965,12.700000000000001,0.5735213786575917,57215.27033925253,30023.98404095516,0.039051224907300265,0.039051224907300265,ITY113_1804
144,1794.764,52.02503885561491,4.926288417873976,5888,237.22832900719965,12.700000000000001,0.5733987440452335,57214.69681787387,30018.40302382662,0.03893569912925411,0.03893569912925411,ITY113_1804
145,1807.464,52.02302643629277,4.927439560027069,5929,237.22832900719965,12.700000000000001,0.5732798906118017,57214.12341912982,30012.994105255777,0.038819093452005314,0.038819093452005314,ITY113_1804
146,1820.164,52.02101400574788,4.9285905985759495,5971,237.22832900719965,12.700000000000001,0.5731593025216679,57213.55013923921,30007.506128006076,0.038701435929635215,0.038701435929635215,ITY113_1804
147,1832.864,52.01900156398203,4.929741533536703,6013,237.22832900719965,12.700000000000001,0.5730397511316341,57212.97697993669,30002.06528441277,0.038582754611488156,0.038582754611488156,ITY113_1804
148,1845.564,52.01698911099701,4.93089236492541,6055,237.22832900719965,12.700000000000001,0.572921237133891,57212.40394018556,29996.67160774712,0.038463077542172625,0.038463077542172625,ITY113_1804
149,1858.264,52.01497664679461,4.9320430927581445,6096,237.22832900719965,12.700000000000001,0.572806408287853,57211.831018948425,29991.445670338282,0.038342432761562496,0.038342432761562496,ITY113_1804
150,1870.964,52.0129641713766,4.933193717050975,6138,237.22832900719965,12.700000000000001,0.5726899462499073,57211.25821254014,29986.145294922433,0.03822084830479801,0.03822084830479801,ITY113_1804
151,1883.664,52.01095168474478,4.934344237819966,6180,237.22832900719965,12.700000000000001,0.5725745236793034,57210.685522593885,29980.892186084573,0.038098352202287016,0.038098352202287016,ITY113_1804
152,1896.364,52.008939186900925,4.935494655081174,6221,237.22832900719965,12.700000000000001,0.5724627142347403,57210.11294807021,29975.803546255825,0.03797497247970619,0.03797497247970619,ITY113_1804
153,1909.064,52.00692667784682,4.93664496885065,6263,237.22832900719965,12.700000000000001,0.5723493477465635,57209.540485355974,29970.64393651552,0.037850737158002114,0.037850737158002114,ITY113_1804
154,1921.764,52.004914157584246,4.937795179144439,6304,237.22832900719965,12.700000000000001,0.5722395464889583,57208.968136008225,29965.64662089194,0.03772567425339248,0.03772567425339248,ITY113_1804
155,1934.464,52.00290162611498,4.938945285978582,6346,237.22832900719965,12.700000000000001,0.5721282388456332,57208.395896461734,29960.580642667617,0.03759981177736717,0.03759981177736717,ITY113_1804
156,1947.164,52.00088908344081,4.94009528936911,6388,237.22832900719965,12.700000000000001,0.5720179741734979,57207.82376822289,29955.562098976556,0.03747317773668944,0.03747317773668944,ITY113_1804
157,1959.864,51.9988765295635,4.941245189332053,6430,237.22832900719965,12.700000000000001,0.5719087531879887,57207.25175024871,29950.59102406459,0.037345800133397104,0.037345800133397104,ITY113_1804
158,1972.564,51.99686396448484,4.942394985883429,6471,237.22832900719965,12.700000000000001,0.57180300088572,57206.67984149552,29945.77785853151,0.037217706964803636,0.037217706964803636,ITY113_1804
159,1985.264,51.9948513882066,4.943544679039255,6513,237.22832900719965,12.700000000000001,0.571695844365258,57206.10803849463,29940.900684163145,0.037088926223499435,0.037088926223499435,ITY113_1804
160,1997.964,51.99283880073055,4.944694268815538,6554,237.22832900719965,12.700000000000001,0.5715921084573405,57205.536342650266,29936.179235726344,0.0369594858973528,0.0369594858973528,ITY113_1804
161,2010.664,51.99082620205848,4.94584375522828,6596,237.22832900719965,12.700000000000001,0.5714870192257464,57204.96475054181,29931.396096882985,0.03682941396951119,0.03682941396951119,ITY113_1804
162,2023.364,51.988813592192145,4.946993138293476,6638,237.22832900719965,12.700000000000001,0.5713829772624972,57204.39326352259,29926.6605980247,0.036698738418402356,0.036698738418402356,ITY113_1804
163,2036.064,51.98680097113333,4.948142418027115,6680,237.22832900719965,12.700000000000001,0.5712799832989064,57203.82188054532,29921.972774058304,0.03656748721773552,0.03656748721773552,ITY113_1804
164,2048.764,51.984788338883796,4.949291594445179,6721,237.22832900719965,12.700000000000001,0.5711803130439621,57203.25060056202,29917.43627389846,0.03643568833650242,0.03643568833650242,ITY113_1804
165,2061.464,51.98277569544531,4.950440667563643,6763,237.22832900719965,12.700000000000001,0.5710793921141699,57202.67942024898,29912.8427596773,0.0363033697389785,0.0363033697389785,ITY113_1804
166,2074.164,51.98076304081965,4.951589637398475,6805,237.22832900719965,12.700000000000001,0.5709795213762761,57202.10834085686,29908.29702488817,0.03617055938472425,0.03617055938472425,ITY113_1804
167,2086.864,51.97875037500859,4.9527385039656355,6846,237.22832900719965,12.700000000000001,0.5708829016565604,57201.53736133548,29903.89931122859,0.036037285228586104,0.036037285228586104,ITY113_1804
168,2099.564,51.97673769801388,4.953887267281079,6888,237.22832900719965,12.700000000000001,0.5707851083077617,57200.966478433824,29899.448093727355,0.035903575220697634,0.035903575220697634,ITY113_1804
169,2112.264,51.974725009837286,4.955035927360752,6930,237.22832900719965,12.700000000000001,0.570688367367219,57200.39569332552,29895.044761196557,0.03576945730648067,0.03576945730648067,ITY113_1804
170,2124.964,51.972712310480574,4.956184484220595,6971,237.22832900719965,12.700000000000001,0.5705948046169098,57199.82500495815,29890.786140436878,0.035641141260031546,0.035641141260031546,ITY113_1804
171,2137.664,51.97069959994551,4.957332937876537,7013,237.22832900719965,12.700000000000001,0.5705001454686398,57199.25441015353,29886.477534715934,0.035516701121078485,0.035516701121078485,ITY113_1804
172,2150.364,51.968686878233854,4.9584812883445055,7055,237.22832900719965,12.700000000000001,0.5704065409693302,57198.68391000806,29882.216920509025,0.035391688519858466,0.035391688519858466,ITY113_1804
173,2163.064,51.966674145347355,4.959629535640416,7096,237.22832900719965,12.700000000000001,0.5703160416932875,57198.113503467095,29878.09770196705,0.035266122943171906,0.035266122943171906,ITY113_1804
174,2175.764,51.964661401287785,4.960777679780177,7138,237.22832900719965,12.700000000000001,0.5702245234377596,57197.5431874254,29873.93202608493,0.03514002387453464,0.03514002387453464,ITY113_1804
175,2188.464,51.96264864605689,4.96192572077969,7179,237.22832900719965,12.700000000000001,0.5701360618792088,57196.972962901964,29869.905540274576,0.03501341079417814,0.03501341079417814,ITY113_1804
176,2201.164,51.96063587965643,4.963073658654847,7221,237.22832900719965,12.700000000000001,0.5700466328499934,57196.40282684009,29865.834944262475,0.0348683352453897,0.0348683352453897,ITY113_1804
177,2213.864,51.958623102088154,4.964221493421532,7263,237.22832900719965,12.700000000000001,0.5699582622527528,57195.83278020724,29861.81251929543,0.0347227464224049,0.0347227464224049,ITY113_1804
178,2226.564,51.95661031335382,4.965369225095623,7304,237.22832900719965,12.700000000000001,0.5698728751507331,57195.26282194498,29857.925956917985,0.03457774637811305,0.03457774637811305,ITY113_1804
179,2239.264,51.95459751345518,4.966516853692985,7346,237.22832900719965,12.700000000000001,0.5697865983127375,57194.69294906983,29853.99882668281,0.034433333796647536,0.034433333796647536,ITY113_1804
180,2251.964,51.95258470239397,4.967664379229478,7388,237.22832900719965,12.700000000000001,0.5697013822133958,57194.12316247152,29850.119976748185,0.03428950736236596,0.03428950736236596,ITY113_1804
181,2264.664,51.95057188017195,4.968811801720952,7430,237.22832900719965,12.700000000000001,0.5696172276334934,57193.55346108931,29846.289444059323,0.034146265759850095,0.034146265759850095,ITY113_1804
182,2277.364,51.94855904679086,4.969959121183248,7471,237.22832900719965,12.700000000000001,0.5695359585261521,57192.98384386167,29842.590317561204,0.03400360767390592,0.03400360767390592,ITY113_1804
183,2290.064,51.94654620225245,4.971106337632196,7513,237.22832900719965,12.700000000000001,0.5694539038390656,57192.41430790314,29838.85536983839,0.03386153178956334,0.03386153178956334,ITY113_1804
184,2302.764,51.94453334655845,4.972253451083619,7555,237.22832900719965,12.700000000000001,0.5693729130117966,57191.844853999304,29835.168849995807,0.03372003679207626,0.03372003679207626,ITY113_1804
185,2315.464,51.942520479710616,4.973400461553329,7596,237.22832900719965,12.700000000000001,0.5692947341182761,57191.27548108629,29831.610392575196,0.033579121366922794,0.033579121366922794,ITY113_1804
186,2328.164,51.94050760171068,4.974547369057127,7638,237.22832900719965,12.700000000000001,0.569215847833181,57190.706186352174,29828.019677324686,0.03343878419980467,0.03343878419980467,ITY113_1804
187,2340.864,51.93849471256037,4.975694173610807,7680,237.22832900719965,12.700000000000001,0.5691380277737732,57190.13697050434,29824.477501629393,0.033299023976647454,0.033299023976647454,ITY113_1804
188,2353.564,51.93648181226143,4.976840875230152,7721,237.22832900719965,12.700000000000001,0.5690629459623164,57189.56783247657,29821.06003750137,0.033159839383600564,0.033159839383600564,ITY113_1804
189,2366.264,51.93446890081559,4.977987473930931,7763,237.22832900719965,12.700000000000001,0.5689872351450358,57188.998769530604,29817.61388808729,0.03302122910703742,0.03302122910703742,ITY113_1804
190,2378.964,51.93245597822458,4.979133969728905,7804,237.22832900719965,12.700000000000001,0.5689142135677041,57188.42978229546,29814.290221387633,0.032883191833554815,0.032883191833554815,ITY113_1804
191,2391.664,51.93044304449013,4.980280362639824,7846,237.22832900719965,12.700000000000001,0.5688406151412946,57187.860868081894,29810.940246594477,0.03274572624997324,0.03274572624997324,ITY113_1804
192,2404.364,51.92843009961397,4.981426652679426,7888,237.22832900719965,12.700000000000001,0.5687680869344016,57187.292027466756,29807.638999505238,0.03262115283177062,0.03262115283177062,ITY113_1804
193,2417.064,51.92641714359782,4.982572839863437,7929,237.22832900719965,12.700000000000001,0.5686981740334405,57186.72325937982,29804.456872331768,0.03254832056296354,0.03254832056296354,ITY113_1804
194,2429.764,51.924404176443396,4.9837189242075715,7971,237.22832900719965,12.700000000000001,0.5686277630025707,57186.15456120578,29801.25202501748,0.0324745238706582,0.0324745238706582,ITY113_1804
195,2442.464,51.922391198152425,4.984864905727532,8013,237.22832900719965,12.700000000000001,0.5685584246261202,57185.58593344278,29798.096019889595,0.03239977817169029,0.03239977817169029,ITY113_1804
196,2455.164,51.920378208726625,4.986010784439007,8055,237.22832900719965,12.700000000000001,0.568490159728219,57185.01737501816,29794.98889565786,0.03232409888029576,0.03232409888029576,ITY113_1804
197,2467.864,51.91836520816771,4.987156560357675,8096,237.22832900719965,12.700000000000001,0.5684244111224779,57184.44888485843,29791.996387220897,0.032247501408111404,0.032247501408111404,ITY113_1804
198,2480.564,51.91635219647739,4.988302233499197,8138,237.22832900719965,12.700000000000001,0.5683582698746883,57183.880460447304,29788.98596686084,0.03217443353947195,0.03217443353947195,ITY113_1804
199,2493.264,51.914339173657375,4.989447803879224,8180,237.22832900719965,12.700000000000001,0.568293204575588,57183.31210217743,29786.02454330712,0.032101615232387054,0.032101615232387054,ITY113_1804
200,2505.964,51.91232613970937,4.990593271513391,8221,237.22832900719965,12.700000000000001,0.568230581278333,57182.74380897285,29783.174355654435,0.03202790596733899,0.03202790596733899,ITY113_1804
201,2518.664,51.910313094635086,4.991738636417319,8263,237.22832900719965,12.700000000000001,0.5681676445362325,57182.17557839157,29780.309866058906,0.031953319013060075,0.031953319013060075,ITY113_1804
202,2531.364,51.90830003843622,4.992883898606613,8305,237.22832900719965,12.700000000000001,0.5681057862396048,57181.607410747034,29777.49449025726,0.03187786763604552,0.03187786763604552,ITY113_1804
203,2544.064,51.90628697111446,4.9940290580968645,8346,237.22832900719965,12.700000000000001,0.5680462954991508,57181.039304960796,29774.786963026894,0.03180156510055426,0.03180156510055426,ITY113_1804
204,2556.764,51.90427389267152,4.995174114903648,8388,237.22832900719965,12.700000000000001,0.5679865707192857,57180.4712586653,29772.068753406144,0.031724424668609474,0.031724424668609474,ITY113_1804
205,2569.464,51.90226080310907,4.996319069042521,8430,237.22832900719965,12.700000000000001,0.5679279269085533,57179.903272094576,29769.39977565171,0.03164645959999874,0.03164645959999874,ITY113_1804
206,2582.164,51.90024770242882,4.997463920529023,8471,237.22832900719965,12.700000000000001,0.5678715760512385,57179.335344167666,29766.835251631244,0.03156768315227533,0.03156768315227533,ITY113_1804
207,2594.864,51.89823459063244,4.9986086693786795,8513,237.22832900719965,12.700000000000001,0.5678150707703626,57178.767472591615,29764.263674431546,0.031488108580757915,0.031488108580757915,ITY113_1804
208,2607.564,51.89622146772162,4.999753315606995,8554,237.22832900719965,12.700000000000001,0.5677608088204502,57178.19965752085,29761.794292675808,0.03140774913853179,0.03140774913853179,ITY113_1804
209,2620.264,51.894208333698025,5.000897859229455,8596,237.22832900719965,12.700000000000001,0.5677064454276044,57177.631896712024,29759.320272841862,0.03132661807644904,0.03132661807644904,ITY113_1804
210,2632.964,51.892195188563335,5.002042300261525,8638,237.22832900719965,12.700000000000001,0.5676531672633489,57177.064190266596,29756.895683767463,0.031244728643129136,0.031244728643129136,ITY113_1804
211,2645.664,51.890182032319224,5.003186638718653,8680,237.22832900719965,12.700000000000001,0.5676009751970965,57176.49653709933,29754.520565989467,0.03116209408495988,0.03116209408495988,ITY113_1804
212,2658.364,51.88816886496735,5.004330874616264,8721,237.22832900719965,12.700000000000001,0.5675509264005196,57175.92893612413,29752.24308945977,0.031078727646097176,0.031078727646097176,ITY113_1804
213,2671.064,51.886155686509376,5.0054750079697605,8763,237.22832900719965,12.700000000000001,0.5675008830521326,57175.36138519773,29749.965847498042,0.03099464256846649,0.03099464256846649,ITY113_1804
214,2683.764,51.88414249694696,5.006619038794523,8805,237.22832900719965,12.700000000000001,0.5674519284074229,57174.79388431468,29747.738198205752,0.03090985209176254,0.03090985209176254,ITY113_1804
215,2696.464,51.88212929628175,5.007762967105908,8846,237.22832900719965,12.700000000000001,0.5674050419478682,57174.22643238627,29745.604772367882,0.030824369453450583,0.030824369453450583,ITY113_1804
216,2709.164,51.880116084515386,5.008906792919247,8888,237.22832900719965,12.700000000000001,0.567358241196855,57173.65902734432,29743.475239810123,0.030738207888766342,0.030738207888766342,ITY113_1804
217,2721.864,51.87810286164952,5.010050516249848,8930,237.22832900719965,12.700000000000001,0.5673125317829941,57173.09166910312,29741.39542241054,0.030651380630717255,0.030651380630717255,ITY113_1804
218,2734.564,51.876089627685786,5.011194137112988,8971,237.22832900719965,12.700000000000001,0.5672688153056191,57172.52435657134,29739.406402872934,0.03056390091008214,0.03056390091008214,ITY113_1804
219,2747.264,51.87407638262581,5.01233765552392,9013,237.22832900719965,12.700000000000001,0.5672252650164469,57171.95708775603,29737.424945338393,0.030475781955412593,0.030475781955412593,ITY113_1804
220,2759.964,51.87206312647121,5.013481071497865,9055,237.22832900719965,12.700000000000001,0.5671828087259365,57171.389862491014,29735.49332657435,0.03038703699303298,0.03038703699303298,ITY113_1804
221,2772.664,51.87004985922361,5.014624385050014,9096,237.22832900719965,12.700000000000001,0.5671422699572843,57170.822679682286,29733.64907220723,0.030297679247041312,0.030297679247041312,ITY113_1804
222,2785.364,51.86803658088462,5.015767596195525,9138,237.22832900719965,12.700000000000001,0.5671019780780744,57170.255537412326,29731.81605866657,0.030207721939309522,0.030207721939309522,ITY113_1804
223,2798.064,51.86602329145584,5.016910704949525,9179,237.22832900719965,12.700000000000001,0.5670635535542747,57169.68843543425,29730.06812538253,0.030117178289484323,0.030117178289484323,ITY113_1804
224,2810.764,51.86400999093887,5.018053711327101,9221,237.22832900719965,12.700000000000001,0.5670254296274124,57169.12137188069,29728.333881212428,0.030026061514987625,0.030026061514987625,ITY113_1804
225,2823.464,51.86199667933529,5.019196615343307,9263,237.22832900719965,12.700000000000001,0.566988404190617,57168.55434645106,29726.649684010827,0.02993440255276314,0.02993440255276314,ITY113_1804
226,2836.164,51.859983356646694,5.020339417013155,9305,237.22832900719965,12.700000000000001,0.5669524781605304,57167.98735804687,29725.0155762068,0.029846366078025887,0.029846366078025887,ITY113_1804
227,2848.864,51.857970022874646,5.021482116351616,9346,237.22832900719965,12.700000000000001,0.5669183183178532,57167.42040556871,29723.461941953057,0.02975775103768982,0.02975775103768982,ITY113_1804
228,2861.564,51.8559566780207,5.022624713373619,9388,237.22832900719965,12.700000000000001,0.5668845674409817,57166.85348725039,29721.926936835593,0.029668568774821717,0.029668568774821717,ITY113_1804
229,2874.264,51.85394332208643,5.023767208094045,9430,237.22832900719965,12.700000000000001,0.5668519187178196,57166.28660268294,29720.442148146507,0.029578830630580345,0.029578830630580345,ITY113_1804
230,2886.964,51.85192995507336,5.024909600527728,9471,237.22832900719965,12.700000000000001,0.5668209602585434,57165.71975076423,29719.034375475392,0.029488547944215883,0.029488547944215883,ITY113_1804
231,2899.664,51.84991657698302,5.026051890689448,9513,237.22832900719965,12.700000000000001,0.5667904921448168,57165.15292980397,29717.64894160955,0.029397732053071054,0.029397732053071054,ITY113_1804
232,2912.364,51.84790318781694,5.027194078593932,9555,237.22832900719965,12.700000000000001,0.5667611289607619,57164.586139311825,29716.31385235855,0.029306394292581882,0.029306394292581882,ITY113_1804
233,2925.064,51.845889787576624,5.0283361642558475,9596,237.22832900719965,12.700000000000001,0.5667333799437073,57164.019378182864,29715.052313419183,0.029214545996277548,0.029214545996277548,ITY113_1804
234,2937.764,51.843876376263566,5.029478147689801,9638,237.22832900719965,12.700000000000001,0.5667062028827616,57163.45264480292,29713.81683341959,0.029122198495781113,0.029122198495781113,ITY113_1804
235,2950.464,51.84186295387924,5.030620028910333,9680,237.22832900719965,12.700000000000001,0.5666801335566429,57162.88593860004,29712.63182738515,0.029029363120810062,0.029029363120810062,ITY113_1804
236,2963.164,51.839849520425126,5.031761807931912,9721,237.22832900719965,12.700000000000001,0.5666556021253837,57162.31925846649,29711.516897705293,0.028936051199177013,0.028936051199177013,ITY113_1804
237,2975.864,51.837836075902665,5.032903484768934,9763,237.22832900719965,12.700000000000001,0.5666317244939589,57161.75260286436,29710.431757658152,0.028842274056789883,0.028842274056789883,ITY113_1804
238,2988.564,51.83582262031329,5.0340450594357105,9804,237.22832900719965,12.700000000000001,0.5666093340164147,57161.18597113987,29709.41438272995,0.028748043017652346,0.028748043017652346,ITY113_1804
239,3001.264,51.83380915365841,5.03518653194647,9846,237.22832900719965,12.700000000000001,0.5665876518112134,57160.61936180585,29708.42928041619,0.02865336940386467,0.02865336940386467,ITY113_1804
240,3013.964,51.831795675939425,5.036327902315347,9888,237.22832900719965,12.700000000000001,0.56656708207384,57160.05277415404,29707.49486990367,0.02855826453562422,0.02855826453562422,ITY113_1804
241,3026.664,51.829782187157704,5.037469170556372,9930,237.22832900719965,12.700000000000001,0.5665476257701128,57159.48620707197,29706.611195581518,0.028462739731225397,0.028462739731225397,ITY113_1804
242,3039.364,51.8277686873146,5.0386103366834725,9971,237.22832900719965,12.700000000000001,0.5665295542835374,57158.9196594462,29705.79062463825,0.028366806307061093,0.028366806307061093,ITY113_1804
243,3052.064,51.82575517641144,5.039751400710455,10013,237.22832900719965,12.700000000000001,0.5665123009932416,57158.35312989191,29705.00733676404,0.028270475577622394,0.028270475577622394,ITY113_1804
244,3064.764,51.82374165444952,5.040892362651,10055,237.22832900719965,12.700000000000001,0.5664961640307189,57157.786617590915,29704.274917971827,0.028173758855499602,0.028173758855499602,ITY113_1804
245,3077.464,51.821728121430105,5.04203322251865,10096,237.22832900719965,12.700000000000001,0.5664813350759097,57157.220121426886,29703.602103383746,0.02807666745138243,0.02807666745138243,ITY113_1804
246,3090.164,51.819714577354425,5.043173980326795,10138,237.22832900719965,12.700000000000001,0.5664674068748867,57156.65364009181,29702.97033479738,0.02797921267406066,0.02797921267406066,ITY113_1804
247,3102.864,51.81770102222369,5.044314636088662,10180,237.22832900719965,12.700000000000001,0.5664545979258861,57156.08717268494,29702.389569381936,0.027881405830425213,0.027881405830425213,ITY113_1804
248,3115.564,51.81568745603905,5.045455189817295,10221,237.22832900719965,12.700000000000001,0.5664430199921611,57155.52071808701,29701.86490043291,0.02778325822546794,0.02778325822546794,ITY113_1804
249,3128.264,51.81367387880163,5.046595641525539,10263,237.22832900719965,12.700000000000001,0.5664324256124726,57154.95427506702,29701.38505135526,0.02768478116228259,0.02768478116228259,ITY113_1804
250,3140.964,51.8116602905125,5.047735991226022,10305,237.22832900719965,12.700000000000001,0.5664229534394067,57154.38784264141,29700.956340743254,0.027585985942065516,0.027585985942065516,ITY113_1804
251,3153.664,51.80964669117268,5.048876238931123,10346,237.22832900719965,12.700000000000001,0.5664146351042001,57153.82141968797,29700.58021021754,0.027486883864116258,0.027486883864116258,ITY113_1804
252,3166.364,51.80763308078313,5.050016384652955,10388,237.22832900719965,12.700000000000001,0.5664073833684611,57153.255005052866,29700.252684466286,0.027387486225837705,0.027387486225837705,ITY113_1804
253,3179.064,51.80561945934474,5.051156428403327,10429,237.22832900719965,12.700000000000001,0.5664012341231233,57152.6885976695,29699.975399180596,0.027288404029778283,0.027288404029778283,ITY113_1804
254,3191.764,51.80360582685834,5.052296370193707,10471,237.22832900719965,12.700000000000001,0.566396206754328,57152.122196435375,29699.749237908843,0.027191202558077786,0.027191202558077786,ITY113_1804
255,3204.464,51.80159218332466,5.053436210035183,10513,237.22832900719965,12.700000000000001,0.5663923065763963,57151.55580022862,29699.574442924106,0.027093673449331838,0.027093673449331838,ITY113_1804
256,3217.164,51.79957852874435,5.054575947938408,10555,237.22832900719965,12.700000000000001,0.5663895346062722,57150.98940792205,29699.45106064633,0.026995826410640918,0.026995826410640918,ITY113_1804
257,3229.864,51.79756486311795,5.055715583913543,10596,237.22832900719965,12.700000000000001,0.5663877615562385,57150.42301838744,29699.37319944672,0.026897671147478732,0.026897671147478732,ITY113_1804
258,3242.564,51.79555118644587,5.056855117970183,10638,237.22832900719965,12.700000000000001,0.5663872219419028,57149.85663062588,29699.351546316935,0.026799217363692913,0.026799217363692913,ITY113_1804
259,3255.264,51.7935374987284,5.057994550117271,10680,237.22832900719965,12.700000000000001,0.5663878135824214,57149.290243403935,29699.381444858136,0.02670047476150663,0.02670047476150663,ITY113_1804
260,3267.964,51.79152379996564,5.0591338803629915,10721,237.22832900719965,12.700000000000001,0.5663893263986353,57148.72385559035,29699.45332168776,0.026601453041518806,0.026601453041518806,ITY113_1804
261,3280.664,51.78951009015752,5.060273108714642,10763,237.22832900719965,12.700000000000001,0.5663921564463039,57148.157466263954,29699.585225175822,0.026502161902706236,0.026502161902706236,ITY113_1804
262,3293.364,51.78749636930373,5.06141223517847,10805,237.22832900719965,12.700000000000001,0.5663961208271515,57147.591074107506,29699.768820539546,0.026402611042424074,0.026402611042424074,ITY113_1804
263,3306.064,51.785482637403696,5.062551259759472,10846,237.22832900719965,12.700000000000001,0.5664009284462337,57147.02467798668,29699.990842436,0.026302810156408278,0.026302810156408278,ITY113_1804
264,3318.764,51.78346889445651,5.063690182461127,10888,237.22832900719965,12.700000000000001,0.5664071373476209,57146.458277058235,29700.27672100554,0.02620276893877732,0.02620276893877732,ITY113_1804
265,3331.464,51.78145514046088,5.0648290032850705,10930,237.22832900719965,12.700000000000001,0.56641448369202,57145.89186992089,29700.614432904942,0.026102497082034663,0.026102497082034663,ITY113_1804
266,3344.164,51.77944137541499,5.065967722230636,10971,237.22832900719965,12.700000000000001,0.5664225951420638,57145.325455437196,29700.987010533132,0.02600200427707152,0.02600200427707152,ITY113_1804
267,3356.864,51.77742759931642,5.067106339294263,11013,237.22832900719965,12.700000000000001,0.5664321921828763,57144.759032842056,29701.427286375045,0.02590130021317099,0.02590130021317099,ITY113_1804
268,3369.564,51.775413812161936,5.068244854468659,11054,237.22832900719965,12.700000000000001,0.5664425023420305,57144.192600649876,29701.900058603664,0.025800394578013537,0.025800394578013537,ITY113_1804
269,3382.264,51.77340001394724,5.0693832677416175,11096,237.22832900719965,12.700000000000001,0.5664543542145446,57143.626158147534,29702.443086164752,0.02569929705768309,0.02569929705768309,ITY113_1804
270,3394.964,51.77138620466659,5.070521579094264,11138,237.22832900719965,12.700000000000001,0.5664673487751744,57143.05970379332,29703.038185224264,0.02559801733667796,0.02559801733667796,ITY113_1804
271,3407.664,51.76937238431223,5.071659788498372,11180,237.22832900719965,12.700000000000001,0.5664814870939283,57142.49323644454,29703.685404306587,0.02549656509792483,0.02549656509792483,ITY113_1804
272,3420.364,51.76735855287341,5.072797895911994,11221,237.22832900719965,12.700000000000001,0.5664962336594155,57141.92675495745,29704.36034003273,0.025394950022802044,0.025394950022802044,ITY113_1804
273,3433.064,51.7653447103348,5.073935901271891,11263,237.22832900719965,12.700000000000001,0.5665126352156045,57141.36025872379,29705.110692035465,0.02529318179117862,0.02529318179117862,ITY113_1804
274,3445.764,51.763330856673335,5.075073804479112,11305,237.22832900719965,12.700000000000001,0.5665301837356573,57140.79374608857,29705.913309317937,0.025191270081485962,0.025191270081485962,ITY113_1804
275,3458.464,51.76131699185145,5.076211605367764,11346,237.22832900719965,12.700000000000001,0.566548261771906,57140.22721590484,29706.74005479552,0.025089224570867968,0.025089224570867968,ITY113_1804
276,3471.164,51.75930311579922,5.077349303622394,11388,237.22832900719965,12.700000000000001,0.5665680798954493,57139.66066764307,29707.64609327561,0.024987054935567788,0.024987054935567788,ITY113_1804
277,3483.864,51.75728922834648,5.078486898464404,11430,237.22832900719965,12.700000000000001,0.5665890482210252,57139.094099563175,29708.604543578174,0.024884770852351443,0.024884770852351443,ITY113_1804
278,3496.564,51.755289287980894,5.079686940501396,11471,237.22832900719965,12.700000000000001,0.5666104671286998,57138.527510514956,29709.583524243622,0.024800559431526703,0.024800559431526703,ITY113_1804
279,3509.264,51.75330403781902,5.08094897873541,11513,237.22832900719965,12.700000000000001,0.5666337114881224,57137.96090004783,29710.645686570806,0.024748162437664624,0.024748162437664624,ITY113_1804
280,3521.964,51.751333592819115,5.082270118539927,11555,237.22832900719965,12.700000000000001,0.5666581093204048,57137.39426633634,29711.76040855832,0.024695605258873786,0.024695605258873786,ITY113_1804
281,3534.664,51.74936313300702,5.0835911430684995,11596,237.22832900719965,12.700000000000001,0.5666828785949776,57136.827608227024,29712.892053607586,0.024644069934076234,0.024644069934076234,ITY113_1804
282,3547.364,51.74739265838509,5.084912052338464,11638,237.22832900719965,12.700000000000001,0.5667095589562168,57136.260925348426,29714.110781014868,0.024593751766327512,0.024593751766327512,ITY113_1804
283,3560.064,51.74542216895564,5.086232846367152,11679,237.22832900719965,12.700000000000001,0.5667365580978032,57135.69421578947,29715.344031035573,0.024543781559500863,0.024543781559500863,ITY113_1804
284,3572.764,51.74345166472103,5.0875535251718915,11721,237.22832900719965,12.700000000000001,0.5667655253365054,57135.12747923137,29716.66696009453,0.02449415759165145,0.02449415759165145,ITY113_1804
285,3585.464,51.74148114568358,5.088874088770008,11763,237.22832900719965,12.700000000000001,0.5667956515636041,57134.560713706036,29718.04269770668,0.024444878141109856,0.024444878141109856,ITY113_1804
286,3598.164,51.739510611845624,5.090194537178823,11805,237.22832900719965,12.700000000000001,0.5668269379041049,57133.993918054475,29719.471294577696,0.02439594148648228,0.02439594148648228,ITY113_1804
287,3610.864,51.73754006320951,5.091514870415655,11846,237.22832900719965,12.700000000000001,0.5668584367814602,57133.42709111657,29720.909571157044,0.024347345906650483,0.024347345906650483,ITY113_1804
288,3623.564,51.73556949977756,5.092835088497821,11888,237.22832900719965,12.700000000000001,0.5668920188372071,57132.86023267979,29722.442768016917,0.02429908968077156,0.02429908968077156,ITY113_1804
289,3636.264,51.73359892155212,5.094155191442631,11930,237.22832900719965,12.700000000000001,0.5669267643765283,57132.29334066095,29724.028975915226,0.02425117108827798,0.02425117108827798,ITY113_1804
290,3648.964,51.73162832853552,5.095475179267396,11971,237.22832900719965,12.700000000000001,0.5669616426826887,57131.72641389658,29725.62122729586,0.024203588408877496,0.024203588408877496,ITY113_1804
291,3661.664,51.72965772073009,5.096795051989421,12013,237.22832900719965,12.700000000000001,0.5669986906293358,57131.159452253894,29727.31233639451,0.024156339922553047,0.024156339922553047,ITY113_1804
292,3674.364,51.72768709813816,5.098114809626009,12055,237.22832900719965,12.700000000000001,0.5670369054633007,57130.592453563266,29729.05660964416,0.02410942390956284,0.02410942390956284,ITY113_1804
293,3687.064,51.72571646076207,5.099434452194459,12096,237.22832900719965,12.700000000000001,0.5670751730796035,57130.0254166578,29730.80328033366,0.024062838650440094,0.024062838650440094,ITY113_1804
294,3699.764,51.72374580860415,5.100753979712068,12138,237.22832900719965,12.700000000000001,0.5671156970795306,57129.45834148472,29732.652758638385,0.02401658242599309,0.02401658242599309,ITY113_1804
295,3712.464,51.721775141666726,5.102073392196129,12180,237.22832900719965,12.700000000000001,0.5671573914043158,57128.89122578764,29734.555555549276,0.023970653517305093,0.023970653517305093,ITY113_1804
296,3725.164,51.71980445995214,5.103392689663932,12221,237.22832900719965,12.700000000000001,0.5671990583102164,57128.324068396236,29736.45709395261,0.02392505020573433,0.02392505020573433,ITY113_1804
297,3737.864,51.71783376346271,5.1047118721327625,12263,237.22832900719965,12.700000000000001,0.5672430686266052,57127.75686933793,29738.465402435748,0.023879770772913773,0.023879770772913773,ITY113_1804
298,3750.564,51.71586305220077,5.106030939619906,12304,237.22832900719965,12.700000000000001,0.5672869981513029,57127.189626269304,29740.470019421293,0.023834813500751242,0.023834813500751242,ITY113_1804
299,3763.264,51.71389232616865,5.107349892142642,12346,237.22832900719965,12.700000000000001,0.5673333290285061,57126.622339271154,29742.584044473755,0.02379017667142929,0.02379017667142929,ITY113_1804
300,3775.964,51.71192158536868,5.1086687297182465,12388,237.22832900719965,12.700000000000001,0.5673808360260353,57126.05500594213,29744.751648142654,0.02374585856740514,0.02374585856740514,ITY113_1804
301,3788.664,51.70995082980319,5.1099874523639945,12430,237.22832900719965,12.700000000000001,0.5674295203258071,57125.48762510611,29746.972883394996,0.023701857471410605,0.023701857471410605,ITY113_1804
302,3801.364,51.70798005947451,5.111306060097157,12471,237.22832900719965,12.700000000000001,0.5674780161450452,57124.92019558578,29749.185518173097,0.023658171666451976,0.023658171666451976,ITY113_1804
303,3814.064,51.70600927438496,5.112624552935002,12513,237.22832900719965,12.700000000000001,0.567529030290503,57124.352717569636,29751.51288609673,0.023614799435810102,0.023614799435810102,ITY113_1804
304,3826.764,51.70403847453687,5.113942930894792,12555,237.22832900719965,12.700000000000001,0.5675812252784964,57123.78518853935,29753.894044145636,0.023571739063040185,0.023571739063040185,ITY113_1804
305,3839.464,51.702067659932574,5.11526119399379,12596,237.22832900719965,12.700000000000001,0.5676331509209727,57123.217607314065,29756.262915520867,0.02352898883197181,0.02352898883197181,ITY113_1804
306,3852.164,51.70009683057439,5.116579342249253,12638,237.22832900719965,12.700000000000001,0.5676876827839867,57122.64997416314,29758.7505208621,0.02348654702670884,0.02348654702670884,ITY113_1804
307,3864.864,51.698125986464646,5.117897375678435,12680,237.22832900719965,12.700000000000001,0.5677433990645315,57122.082286480356,29761.29207625253,0.023444411931629376,0.023444411931629376,ITY113_1804
308,3877.564,51.69615512760567,5.11921529429859,12721,237.22832900719965,12.700000000000001,0.5677987649087326,57121.51454308129,29763.81764850457,0.023402581831385647,0.023402581831385647,ITY113_1804
309,3890.264,51.69418425399979,5.120533098126964,12763,237.22832900719965,12.700000000000001,0.5678568251624196,57120.94674431638,29766.465968549084,0.02336163270034758,0.02336163270034758,ITY113_1804
310,3902.964,51.692213365649316,5.121850787180803,12805,237.22832900719965,12.700000000000001,0.5679160734435584,57120.37888749122,29769.168399958853,0.023321297074218664,0.023321297074218664,ITY113_1804
311,3915.664,51.69024246255658,5.12316836147735,12846,237.22832900719965,12.700000000000001,0.5679748899693617,57119.81097141778,29771.851141408548,0.023281238351712027,0.023281238351712027,ITY113_1804
312,3928.364,51.68827154472392,5.124485821033843,12888,237.22832900719965,12.700000000000001,0.5680364893909937,57119.242996527806,29774.66065759485,0.02324145512472893,0.02324145512472893,ITY113_1804
313,3941.064,51.68630061215364,5.125803165867517,12929,237.22832900719965,12.700000000000001,0.568097602935967,57118.674960038414,29777.44801680108,0.023201945985395555,0.023201945985395555,ITY113_1804
314,3953.764,51.684329664848065,5.127120395995606,12971,237.22832900719965,12.700000000000001,0.5681615582954183,57118.10686243548,29780.364831849278,0.02316270952606311,0.02316270952606311,ITY113_1804
315,3966.464,51.68235870280952,5.1284375114353375,13013,237.22832900719965,12.700000000000001,0.568226707767117,57117.53870087719,29783.336029800335,0.023123744339307712,0.023123744339307712,ITY113_1804
316,3979.164,51.68038772604033,5.129754512203939,13055,237.22832900719965,12.700000000000001,0.5682930525917829,57116.97047416942,29786.361665966037,0.023085049017930306,0.023085049017930306,ITY113_1804
317,3991.864,51.678416734542814,5.131071398318633,13096,237.22832900719965,12.700000000000001,0.568358802329255,57116.40218111683,29789.360167086892,0.023046622154956755,0.023046622154956755,ITY113_1804
318,4004.564,51.676445728319294,5.132388169796638,13138,237.22832900719965,12.700000000000001,0.5684275128385714,57115.8338223145,29792.493536636903,0.023008462343637584,0.023008462343637584,ITY113_1804
319,4017.264,51.674474707372084,5.133704826655172,13180,237.22832900719965,12.700000000000001,0.5684974224168942,57115.26539480166,29795.68150995542,0.022970568177448036,0.022970568177448036,ITY113_1804
320,4029.964,51.67250367170351,5.135021368911447,13221,237.22832900719965,12.700000000000001,0.5685666548904249,57114.69689737924,29798.83860977921,0.02293293825008806,0.02293293825008806,ITY113_1804
321,4042.664,51.670532621315886,5.1363377965826755,13263,237.22832900719965,12.700000000000001,0.5686389375310839,57114.12833072435,29802.13464500819,0.022895571155482183,0.022895571155482183,ITY113_1804
322,4055.364,51.668561556211536,5.137654109686062,13305,237.22832900719965,12.700000000000001,0.568712422992605,57113.55969178682,29805.48545099284,0.022858465487779537,0.022858465487779537,ITY113_1804
323,4068.064,51.66659047639278,5.138970308238812,13346,237.22832900719965,12.700000000000001,0.5687851490941072,57112.99097936382,29808.801634302214,0.02282161984135371,0.02282161984135371,ITY113_1804
324,4080.764,51.664619381861925,5.140286392258124,13388,237.22832900719965,12.700000000000001,0.5688610150666371,57112.42219421473,29812.260833565826,0.022785032810802748,0.022785032810802748,ITY113_1804
325,4093.464,51.662648272621304,5.141602361761198,13430,237.22832900719965,12.700000000000001,0.5689380876479242,57111.85333319966,29815.77497201611,0.022748702990949155,0.022748702990949155,ITY113_1804
326,4106.164,51.66067714867322,5.142918216765226,13471,237.22832900719965,12.700000000000001,0.5690143183739269,57111.28439511201,29819.25072778469,0.0227126289768397,0.0227126289768397,ITY113_1804
327,4118.864,51.65870601002,5.1442339572874,13513,237.22832900719965,12.700000000000001,0.5690937789863197,57110.715380793634,29822.873593745604,0.022676809363745505,0.022676809363745505,ITY113_1804
328,4131.564,51.65673485666395,5.145549583344908,13555,237.22832900719965,12.700000000000001,0.5691744500316229,57110.14628701465,29826.55156877862,0.022641242747161974,0.022641242747161974,ITY113_1804
329,4144.264,51.654763688607396,5.1468650949549355,13596,237.22832900719965,12.700000000000001,0.5692541964839122,57109.57711256462,29830.187390201816,0.022605927722808644,0.022605927722808644,ITY113_1804
330,4156.964,51.652792505852645,5.148180492134662,13638,237.22832900719965,12.700000000000001,0.5693372631522755,57109.00785836814,29833.974429861333,0.02257086288662924,0.02257086288662924,ITY113_1804
331,4169.664,51.650821308402016,5.149495774901267,13679,237.22832900719965,12.700000000000001,0.5694193501563685,57108.43852110499,29837.716806012886,0.022536046834791587,0.022536046834791587,ITY113_1804
332,4182.364,51.648850096257824,5.150810943271925,13721,237.22832900719965,12.700000000000001,0.5695048175284931,57107.86910175483,29841.61313573625,0.02250147816368756,0.02250147816368756,ITY113_1804
333,4195.064,51.64687886942238,5.152125997263809,13763,237.22832900719965,12.700000000000001,0.569591501777742,57107.29959693731,29845.564860467864,0.02246715546993297,0.02246715546993297,ITY113_1804
334,4207.764,51.644907627898,5.153440936894087,13805,237.22832900719965,12.700000000000001,0.5696794042178588,57106.73000543553,29849.572038448445,0.022433077350367647,0.022433077350367647,ITY113_1804
335,4220.464,51.64293637168699,5.154755762179925,13846,237.22832900719965,12.700000000000001,0.5697662158523202,57106.16032603131,29853.52948781104,0.022399242402055257,0.022399242402055257,ITY113_1804
336,4233.164,51.640965100791675,5.156070473138485,13888,237.22832900719965,12.700000000000001,0.5698565293167122,57105.590559815464,29857.646413387498,0.02236564922228336,0.02236564922228336,ITY113_1804
337,4245.864,51.638993815214356,5.157385069786927,13929,237.22832900719965,12.700000000000001,0.5699456965746155,57105.02070328615,29861.71108564409,0.022332776002842836,0.022332776002842836,ITY113_1804
338,4258.564,51.637022514957344,5.158699552142406,13971,237.22832900719965,12.700000000000001,0.5700384262407447,57104.45075758958,29865.93798814988,0.022300215376395354,0.022300215376395354,ITY113_1804
339,4271.264,51.63505120002296,5.160013920222076,14013,237.22832900719965,12.700000000000001,0.5701323806646823,57103.88071916334,29870.220634782556,0.02226787795766609,0.02226787795766609,ITY113_1804
340,4283.964,51.633079870413496,5.161328174043085,14055,237.22832900719965,12.700000000000001,0.5702275611851024,57103.310586782674,29874.559084788158,0.022235762584864194,0.022235762584864194,ITY113_1804
341,4296.664,51.63110852613128,5.162642313622581,14096,237.22832900719965,12.700000000000001,0.5703214836878294,57102.74035922149,29878.840186313002,0.022203868096384242,0.022203868096384242,ITY113_1804
342,4309.364,51.62913716717861,5.163956338977708,14138,237.22832900719965,12.700000000000001,0.5704190909263436,57102.1700377378,29883.28907867736,0.022172193330806143,0.022172193330806143,ITY113_1804
343,4322.064,51.62716579355781,5.165270250125604,14180,237.22832900719965,12.700000000000001,0.5705179282700603,57101.59961864688,29887.793951734217,0.022140737126895075,0.022140737126895075,ITY113_1804
344,4334.764,51.62519440527117,5.166584047083409,14221,237.22832900719965,12.700000000000001,0.5706154236090462,57101.02910071861,29892.237649311282,0.02210949832360146,0.02210949832360146,ITY113_1804
345,4347.464,51.62322300232101,5.167897729868254,14263,237.22832900719965,12.700000000000001,0.5707166956285616,57100.458485295,29896.85331658539,0.02207847576006089,0.02207847576006089,ITY113_1804
346,4360.164,51.62125158470964,5.16921129849727,14304,237.22832900719965,12.700000000000001,0.5708165697357135,57099.88776859937,29901.4052609802,0.022047668275594196,0.022047668275594196,ITY113_1804
347,4372.864,51.61928015243936,5.170524752987586,14346,237.22832900719965,12.700000000000001,0.5709202817557593,57099.316952029636,29906.131957757607,0.022017074709707263,0.022017074709707263,ITY113_1804
348,4385.564,51.61730870551248,5.171838093356326,14388,237.22832900719965,12.700000000000001,0.5710252306347376,57098.74603174788,29910.914933655597,0.02198669390209105,0.02198669390209105,ITY113_1804
349,4398.264,51.6153372439313,5.173151319620611,14430,237.22832900719965,12.700000000000001,0.5711314177492599,57098.175006517245,29915.75424945615,0.02195652469262157,0.02195652469262157,ITY113_1804
350,4410.964,51.613365767698134,5.174464431797558,14471,237.22832900719965,12.700000000000001,0.5712360941102925,57097.6038750995,29920.524701142695,0.021937762340628466,0.021937762340628466,ITY113_1804
351,4423.664,51.61139427681528,5.175777429904283,14513,237.22832900719965,12.700000000000001,0.5713447320397316,57097.03263900539,29925.47552394213,0.02193863363026913,0.02193863363026913,ITY113_1804
352,4436.364,51.609422771285054,5.177090313957897,14554,237.22832900719965,12.700000000000001,0.571451802961761,57096.46129427335,29930.35491976253,0.021939905362298052,0.021939905362298052,ITY113_1804
353,4449.064,51.60745125110975,5.178403083975509,14596,237.22832900719965,12.700000000000001,0.571562897130433,57095.88984247039,29935.417488889034,0.02194157217034151,0.02194157217034151,ITY113_1804
354,4461.764,51.605479716291676,5.179715739974223,14638,237.22832900719965,12.700000000000001,0.5716752364146862,57095.31827957326,29940.536701473142,0.02194362868887886,0.02194362868887886,ITY113_1804
355,4474.464,51.60350816683314,5.181028281971143,14679,237.22832900719965,12.700000000000001,0.5717859237489991,57094.74660433684,29945.580617406085,0.02194606955324232,0.02194606955324232,ITY113_1804
356,4487.164,51.60153660273643,5.182340709983366,14721,237.22832900719965,12.700000000000001,0.5719007275049508,57094.17481841309,29950.811939328774,0.02194888939961669,0.02194888939961669,ITY113_1804
357,4499.864,51.599565024003866,5.18365302402799,14763,237.22832900719965,12.700000000000001,0.5720167805622165,57093.60291768559,29956.100089214175,0.021952082865039337,0.021952082865039337,ITY113_1804
358,4512.564,51.597593430637744,5.184965224122106,14805,237.22832900719965,12.700000000000001,0.5721340843359866,57093.030900905025,29961.445129414577,0.021955644587399837,0.021955644587399837,ITY113_1804
359,4525.264,51.59562182264036,5.1862773102828035,14846,237.22832900719965,12.700000000000001,0.5722496222579949,57092.45876682069,29966.709684434434,0.021959569205439806,0.021959569205439806,ITY113_1804
360,4537.964,51.59365020001402,5.18758928252717,14888,237.22832900719965,12.700000000000001,0.5723694016209342,57091.88651719843,29972.167323805177,0.02196385135875279,0.02196385135875279,ITY113_1804
361,4550.664,51.591678562761025,5.188901140872287,14929,237.22832900719965,12.700000000000001,0.5724873583459045,57091.31414779681,29977.5418914215,0.021968485687784017,0.021968485687784017,ITY113_1804
362,4563.364,51.58970691088368,5.190212885335235,14971,237.22832900719965,12.700000000000001,0.5726096188737844,57090.74166043846,29983.112375467084,0.021973466833830176,0.021973466833830176,ITY113_1804
363,4576.064,51.58773524438427,5.191524515933092,15013,237.22832900719965,12.700000000000001,0.572733137190307,57090.16905081959,29988.740061216657,0.021978789439039255,0.021978789439039255,ITY113_1804
364,4588.764,51.58576356326511,5.192836032682931,15055,237.22832900719965,12.700000000000001,0.5728579147367372,57089.5963176824,29994.42501208897,0.02198448305355495,0.02198448305355495,ITY113_1804
365,4601.464,51.58379186752849,5.194147435601821,15096,237.22832900719965,12.700000000000001,0.5729807550188515,57089.02345976766,30000.02167045597,0.021991100189397806,0.021991100189397806,ITY113_1804
366,4614.164,51.581820157176715,5.195458724706832,15138,237.22832900719965,12.700000000000001,0.5731080250525193,57088.450479012645,30005.819964212493,0.021998068767567408,0.021998068767567408,ITY113_1804
367,4626.864,51.579848432212074,5.196769900015026,15179,237.22832900719965,12.700000000000001,0.5732333006721058,57087.87737098759,30011.52736273761,0.022005383960568087,0.022005383960568087,ITY113_1804
368,4639.564,51.57787669263687,5.198080961543464,15221,237.22832900719965,12.700000000000001,0.5733630688711242,57087.304137686915,30017.439249077284,0.02201304094167108,0.02201304094167108,ITY113_1804
369,4652.264,51.5759049384534,5.199391909309205,15263,237.22832900719965,12.700000000000001,0.5734941035019929,57086.730774618045,30023.40871724889,0.022021034884914224,0.022021034884914224,ITY113_1804
370,4664.964,51.57393316966396,5.200702743329303,15304,237.22832900719965,12.700000000000001,0.5736230574160772,57086.15728051454,30029.28336004683,0.022029360965101837,0.022029360965101837,ITY113_1804
371,4677.664,51.57196138627085,5.202013463620809,15346,237.22832900719965,12.700000000000001,0.5737565988287121,57085.58365745712,30035.366799528907,0.022038014357804534,0.022038014357804534,ITY113_1804
372,4690.364,51.56998958827636,5.203324070200773,15388,237.22832900719965,12.700000000000001,0.5738914110537712,57085.00990085829,30041.50801333166,0.02204699023935899,0.02204699023935899,ITY113_1804
373,4703.064,51.56801777568278,5.204634563086238,15430,237.22832900719965,12.700000000000001,0.5740274955721489,57084.436009447236,30047.707066503423,0.022056283786867872,0.022056283786867872,ITY113_1804
374,4715.764,51.56604594849242,5.205944942294247,15471,237.22832900719965,12.700000000000001,0.5741613836340633,57083.86198195166,30053.806024159963,0.02206589017819959,0.02206589017819959,ITY113_1804
375,4728.464,51.564074106707565,5.207255207841839,15513,237.22832900719965,12.700000000000001,0.5742999865678413,57083.287820568024,30060.119559653478,0.022075804591988154,0.022075804591988154,ITY113_1804
376,4741.164,51.56210225033051,5.208565359746049,15554,237.22832900719965,12.700000000000001,0.5744363353367772,57082.713520581456,30066.330372147415,0.022086022207632967,0.022086022207632967,ITY113_1804
377,4753.864,51.56013037936355,5.20987539802391,15596,237.22832900719965,12.700000000000001,0.5745774625196018,57082.13908424612,30072.758646071314,0.022096538205298683,0.022096538205298683,ITY113_1804
378,4766.564,51.558158493808975,5.211185322692452,15638,237.22832900719965,12.700000000000001,0.5747198693949616,57081.5645067836,30079.245084203467,0.022107347765915053,0.022107347765915053,ITY113_1804
379,4779.264,51.556186593669075,5.2124951337687,15680,237.22832900719965,12.700000000000001,0.5748635574705154,57080.98978691421,30085.789752698995,0.022118446071176655,0.022118446071176655,ITY113_1804
380,4791.964,51.554214678946146,5.213804831269678,15721,237.22832900719965,12.700000000000001,0.5750048748813716,57080.41492335674,30092.226394408324,0.02212982830354284,0.02212982830354284,ITY113_1804
381,4804.664,51.552242749642474,5.215114415212405,15763,237.22832900719965,12.700000000000001,0.5751510990498561,57079.839918481855,30098.88632104026,0.022141489646237477,0.022141489646237477,ITY113_1804
382,4817.364,51.550270805760356,5.2164238856138985,15804,237.22832900719965,12.700000000000001,0.5752948944638783,57079.2647673828,30105.43557653668,0.02215342528324881,0.02215342528324881,ITY113_1804
383,4830.064,51.548298847302085,5.217733242491172,15846,237.22832900719965,12.700000000000001,0.5754436606639599,57078.68947248834,30112.211021767107,0.022144653801133715,0.022144653801133715,ITY113_1804
384,4842.764,51.546326874269944,5.219042485861236,15888,237.22832900719965,12.700000000000001,0.575593715596654,57078.11402882767,30119.045027721975,0.022122227121285504,0.022122227121285504,ITY113_1804
385,4855.464,51.54435488666623,5.220351615741096,15929,237.22832900719965,12.700000000000001,0.5757412540451703,57077.538435112074,30125.764369258493,0.022099504690657235,0.022099504690657235,ITY113_1804
386,4868.164,51.54238288449322,5.221660632147759,15971,237.22832900719965,12.700000000000001,0.5758938600199552,57076.962693858026,30132.714288850133,0.02207648943702857,0.02207648943702857,ITY113_1804
387,4880.864,51.54041086775322,5.2229695350982235,16013,237.22832900719965,12.700000000000001,0.5760477593078792,57076.38679999801,30139.72296994116,0.02205318428771304,0.02205318428771304,ITY113_1804
388,4893.564,51.5384388364485,5.224278324609489,16055,237.22832900719965,12.700000000000001,0.5762029534572524,57075.8107522387,30146.790480378193,0.022029592169558236,0.022029592169558236,ITY113_1804
389,4906.264,51.53646679058136,5.225587000698549,16096,237.22832900719965,12.700000000000001,0.5763555134549556,57075.23454928524,30153.737971044084,0.022005716008945866,0.022005716008945866,ITY113_1804
390,4918.964,51.53449473015408,5.226895563382395,16138,237.22832900719965,12.700000000000001,0.5765132708096485,57074.658193771786,30160.921928111766,0.021981558731791834,0.021981558731791834,ITY113_1804
391,4931.664,51.532522655168954,5.228204012678016,16179,237.22832900719965,12.700000000000001,0.5766683353371442,57074.081680500974,30167.983195211527,0.02195712326354645,0.02195712326354645,ITY113_1804
392,4944.364,51.53055056562827,5.229512348602396,16221,237.22832900719965,12.700000000000001,0.5768286619953138,57073.50501216564,30175.28386602527,0.021932643269516102,0.021932643269516102,ITY113_1804
393,4957.064,51.5285784615343,5.230820571172519,16263,237.22832900719965,12.700000000000001,0.5769902912496405,57072.928183503645,30182.643704985123,0.02190853190078408,0.02190853190078408,ITY113_1804
394,4969.764,51.526606342889345,5.232128680405362,16305,237.22832900719965,12.700000000000001,0.5771532246758655,57072.351193212395,30190.0627810866,0.021884164571070105,0.021884164571070105,ITY113_1804
395,4982.464,51.524634209695684,5.233436676317901,16346,237.22832900719965,12.700000000000001,0.5773133468104727,57071.77403998772,30197.35377674459,0.02185954383889979,0.02185954383889979,ITY113_1804
396,4995.164,51.5226620619556,5.23474455892711,16388,237.22832900719965,12.700000000000001,0.5774788619189046,57071.19672664091,30204.89010861175,0.021834672262391455,0.021834672262391455,ITY113_1804
397,5007.864,51.52068989967138,5.236052328249957,16429,237.22832900719965,12.700000000000001,0.5776415066604315,57070.619247778995,30212.295672233784,0.021809552399256533,0.021809552399256533,ITY113_1804
398,5020.564,51.51871772284531,5.237359984303408,16471,237.22832900719965,12.700000000000001,0.5778096096568359,57070.04160627234,30219.9495315013,0.021784186806799357,0.021784186806799357,ITY113_1804
399,5033.264,51.516745531479664,5.238667527104427,16513,237.22832900719965,12.700000000000001,0.577979024696337,57069.46379666268,30227.66297244288,0.0217585780419174,0.0217585780419174,ITY113_1804
400,5045.964,51.514773325576726,5.239974956669974,16555,237.22832900719965,12.700000000000001,0.5781497533823687,57068.88581763799,30235.436065220372,0.021732728661101354,0.021732728661101354,ITY113_1804
401,5058.664,51.512801105138784,5.241282273017005,16596,237.22832900719965,12.700000000000001,0.5783174924251402,57068.307667884605,30243.072963547602,0.0217066412204354,0.0217066412204354,ITY113_1804
402,5071.364,51.51082887016812,5.242589476162474,16638,237.22832900719965,12.700000000000001,0.5784908215954228,57067.72935039218,30250.964134907226,0.021680318275596976,0.021680318275596976,ITY113_1804
403,5084.064,51.50885662066701,5.243896566123331,16680,237.22832900719965,12.700000000000001,0.5786654692116013,57067.15085957059,30258.915168069434,0.021653762381857015,0.021653762381857015,ITY113_1804
404,5096.764,51.50688435663774,5.245203542916524,16721,237.22832900719965,12.700000000000001,0.5788370375472374,57066.572194101376,30266.72592949077,0.021626976094080094,0.021626976094080094,ITY113_1804
405,5109.464,51.50491207808259,5.246510406558998,16763,237.22832900719965,12.700000000000001,0.5790142951715698,57065.99335706383,30274.79545783851,0.02159996196672446,0.02159996196672446,ITY113_1804
406,5122.164,51.50293978500383,5.247817157067692,16805,237.22832900719965,12.700000000000001,0.5791928760827825,57065.41434276866,30282.925059719422,0.021572722553842006,0.021572722553842006,ITY113_1804
407,5134.864,51.500967477403755,5.249123794459545,16846,237.22832900719965,12.700000000000001,0.5793682877647235,57064.83514989258,30290.910298889266,0.021545260409078795,0.021545260409078795,ITY113_1804
408,5147.564,51.49899515528463,5.250430318751492,16888,237.22832900719965,12.700000000000001,0.5795494882904122,57064.255781604814,30299.158816057443,0.02151757808567456,0.02151757808567456,ITY113_1804
409,5160.264,51.497022818648745,5.251736729960464,16930,237.22832900719965,12.700000000000001,0.579732016985774,57063.67623211652,30307.4676202667,0.021489678136463283,0.021489678136463283,ITY113_1804
410,5172.964,51.49505046749837,5.25304302810339,16971,237.22832900719965,12.700000000000001,0.5799112861888116,57063.096500099535,30315.627956997898,0.021461563113873074,0.021461563113873074,ITY113_1804
411,5185.664,51.49307810183579,5.2543492131971945,17013,237.22832900719965,12.700000000000001,0.5800964441877601,57062.51658881335,30324.05610012094,0.021433235569926146,0.021433235569926146,ITY113_1804
412,5198.364,51.491105721663274,5.2556552852588005,17054,237.22832900719965,12.700000000000001,0.5802782825866992,57061.93649236916,30332.33304261291,0.02140469805623908,0.02140469805623908,ITY113_1804
413,5211.064,51.4891333269831,5.256961244305127,17096,237.22832900719965,12.700000000000001,0.5804660763684042,57061.356214086576,30340.880807884532,0.021375953124023024,0.021375953124023024,ITY113_1804
414,5223.764,51.48716091779755,5.258267090353089,17138,237.22832900719965,12.700000000000001,0.5806552065377568,57060.77574801021,30349.489219443203,0.021347003324083638,0.021347003324083638,ITY113_1804
415,5236.464,51.4851884941089,5.259572823419599,17180,237.22832900719965,12.700000000000001,0.5808456747685335,57060.19509280367,30358.158350444504,0.021317851206820938,0.021317851206820938,ITY113_1804
416,5249.164,51.483216055919414,5.260878443521567,17221,237.22832900719965,12.700000000000001,0.5810327020263317,57059.6142471289,30366.670762570306,0.021288499322229943,0.021288499322229943,ITY113_1804
417,5261.864,51.48124360323138,5.2621839506759,17263,237.22832900719965,12.700000000000001,0.5812258191887463,57059.03321442687,30375.460090419874,0.021258950219900326,0.021258950219900326,ITY113_1804
418,5274.564,51.47927113604706,5.263489344899501,17305,237.22832900719965,12.700000000000001,0.5814202794219114,57058.45198860768,30384.310356633006,0.021229206449016654,0.021229206449016654,ITY113_1804
419,5287.264,51.47729865436874,5.2647946262092695,17346,237.22832900719965,12.700000000000001,0.5816112074586706,57057.87056832826,30392.99975710147,0.021199270558358498,0.021199270558358498,ITY113_1804
420,5299.964,51.47532615819868,5.266099794622104,17388,237.22832900719965,12.700000000000001,0.5818083265631351,57057.2889571208,30401.970654524826,0.021169576323422673,0.021169576323422673,ITY113_1804
421,5312.664,51.47335364753917,5.267404850154897,17430,237.22832900719965,12.700000000000001,0.5820067937902196,57056.70714879424,30411.002711064488,0.021140170502150727,0.021140170502150727,ITY113_1804
422,5325.364,51.47138112239247,5.268709792824539,17471,237.22832900719965,12.700000000000001,0.5822016372714893,57056.12514200045,30419.869740715923,0.021110585789543623,0.021110585789543623,ITY113_1804
423,5338.064,51.469408582760856,5.270014622647918,17513,237.22832900719965,12.700000000000001,0.5824027733937678,57055.54294036318,30429.02286646077,0.02108082442143929,0.02108082442143929,ITY113_1804
424,5350.764,51.4674360286466,5.271319339641918,17555,237.22832900719965,12.700000000000001,0.5826052627332567,57054.96053758979,30438.23737392034,0.02105088863332074,0.02105088863332074,ITY113_1804
425,5363.464,51.46546346005197,5.2726239438234215,17596,237.22832900719965,12.700000000000001,0.5828040364485894,57054.37793232706,30447.282678952077,0.021020780660315472,0.021020780660315472,ITY113_1804
426,5376.164,51.46349087697924,5.273928435209306,17638,237.22832900719965,12.700000000000001,0.5830092047917528,57053.79512829061,30456.618697272374,0.020990502737196368,0.020990502737196368,ITY113_1804
427,5388.864,51.461518279430685,5.275232813816445,17679,237.22832900719965,12.700000000000001,0.5832105963224783,57053.212119085816,30465.782732688283,0.0209600570983811,0.0209600570983811,ITY113_1804
428,5401.564,51.45954566740856,5.276537079661712,17721,237.22832900719965,12.700000000000001,0.583418450427921,57052.628908489496,30475.240557150457,0.020929445977932504,0.020929445977932504,ITY113_1804
429,5414.264,51.45757304091515,5.2778412327619755,17763,237.22832900719965,12.700000000000001,0.5836276663229767,57052.04549003907,30484.76013785306,0.020898671609558755,0.020898671609558755,ITY113_1804
430,5426.964,51.455600399952715,5.279145273134101,17805,237.22832900719965,12.700000000000001,0.5838382457532947,57051.461862372744,30494.34155106071,0.020867736226613205,0.020867736226613205,ITY113_1804
431,5439.664,51.45362774452352,5.28044920079495,17846,237.22832900719965,12.700000000000001,0.584044924804078,57050.87802412699,30503.745367081592,0.020836642062094596,0.020836642062094596,ITY113_1804
432,5452.364,51.45165507462985,5.281753015761383,17888,237.22832900719965,12.700000000000001,0.5842582037101767,57050.293979202186,30513.449185554524,0.020805391348647242,0.020805391348647242,ITY113_1804
433,5465.064,51.44968239027395,5.283056718050254,17930,237.22832900719965,12.700000000000001,0.5844728513753494,57049.70972099848,30523.21506475291,0.020773986318560773,0.020773986318560773,ITY113_1804
434,5477.764,51.4477096914581,5.284360307678418,17971,237.22832900719965,12.700000000000001,0.5846835057779685,57049.1252481471,30532.799127297254,0.020742429203770698,0.020742429203770698,ITY113_1804
435,5490.464,51.44573697818457,5.285663784662725,18013,237.22832900719965,12.700000000000001,0.5849008632832313,57048.54056464133,30542.687864566396,0.020710722235858105,0.020710722235858105,ITY113_1804
436,5503.164,51.443764250455615,5.28696714902002,18055,237.22832900719965,12.700000000000001,0.5851195948147971,57047.95566377804,30552.638892683965,0.020678867646049738,0.020678867646049738,ITY113_1804
437,5515.864,51.4417915082735,5.288270400767148,18096,237.22832900719965,12.700000000000001,0.5853342398598895,57047.37054418323,30562.403869788097,0.020646867665218335,0.020646867665218335,ITY113_1804
438,5528.564,51.43981875164051,5.289573539920949,18138,237.22832900719965,12.700000000000001,0.5855556916818103,57046.785209943366,30572.47821255545,0.020614724523882723,0.020614724523882723,ITY113_1804
439,5541.264,51.43784598055888,5.29087656649826,18180,237.22832900719965,12.700000000000001,0.5857785228408514,57046.199654251686,30582.615078211442,0.020582440452207373,0.020582440452207373,ITY113_1804
440,5553.964,51.4358731950309,5.292179480515915,18221,237.22832900719965,12.700000000000001,0.5859971739455667,57045.61387572884,30592.561643475958,0.02055001768000325,0.02055001768000325,ITY113_1804
441,5566.664,51.43390039505882,5.293482281990745,18263,237.22832900719965,12.700000000000001,0.5862227359315126,57045.027878554894,30602.82228416313,0.020517458436727254,0.020517458436727254,ITY113_1804
442,5579.364,51.43192758064491,5.2947849709395785,18304,237.22832900719965,12.700000000000001,0.586444055544763,57044.44165581896,30612.889794610317,0.020484764951482687,0.020484764951482687,ITY113_1804
443,5592.064,51.42995475179143,5.296087547379239,18346,237.22832900719965,12.700000000000001,0.5866723554013766,57043.85521176342,30623.27451812223,0.020451939453019072,0.020451939453019072,ITY113_1804
444,5604.764,51.42798190850064,5.297390011326549,18388,237.22832900719965,12.700000000000001,0.5869020435292012,57043.26853940802,30633.72215491937,0.02041898416973252,0.02041898416973252,ITY113_1804
445,5617.464,51.4260090507748,5.2986923627983264,18430,237.22832900719965,12.700000000000001,0.5871331217472096,57042.68163736449,30644.232784495893,0.020385901329665362,0.020385901329665362,ITY113_1804
446,5630.164,51.42403617861618,5.299994601811387,18471,237.22832900719965,12.700000000000001,0.5873598317311948,57042.09450424274,30654.54456935855,0.020352693160506818,0.020352693160506818,ITY113_1804
447,5642.864,51.42206329202703,5.3012967283825425,18513,237.22832900719965,12.700000000000001,0.5875936621093754,57041.50714441101,30665.179906252928,0.020319361889592748,0.020319361889592748,ITY113_1804
448,5655.564,51.42009039100962,5.302598742528602,18555,237.22832900719965,12.700000000000001,0.5878288880203129,57040.9195507489,30675.87847380695,0.02028649271833011,0.02028649271833011,ITY113_1804
449,5668.264,51.41811747556621,5.303900644266371,18596,237.22832900719965,12.700000000000001,0.5880596510792497,57040.33172186088,30686.373901445157,0.02025376869565795,0.02025376869565795,ITY113_1804
450,5680.964,51.416144545699055,5.305202433612654,18638,237.22832900719965,12.700000000000001,0.588297639947718,57039.7436622098,30697.197648281268,0.020220927943848645,0.020220927943848645,ITY113_1804
451,5693.664,51.414171601410416,5.306504110584248,18680,237.22832900719965,12.700000000000001,0.58853702983576,57039.15536456986,30708.084865633977,0.020187972421504354,0.020187972421504354,ITY113_1804
452,5706.364,51.41219864270255,5.307805675197951,18721,237.22832900719965,12.700000000000001,0.5887718618976203,57038.566827540024,30718.764632334856,0.020154904086916375,0.020154904086916375,ITY113_1804
453,5719.064,51.41022566957771,5.309107127470556,18763,237.22832900719965,12.700000000000001,0.5890140256281209,57037.978055678126,30729.77750485424,0.02012172489806559,0.02012172489806559,ITY113_1804
454,5731.764,51.40825268203817,5.310408467418853,18805,237.22832900719965,12.700000000000001,0.5892575959094111,57037.389041652496,30740.854089738954,0.02008843681262243,0.02008843681262243,ITY113_1804
455,5744.464,51.40627968008617,5.311709695059629,18846,237.22832900719965,12.700000000000001,0.5894965130310332,57036.79978405659,30751.71889757048,0.020055041787946922,0.020055041787946922,ITY113_1804
456,5757.164,51.40430666372398,5.313010810409668,18888,237.22832900719965,12.700000000000001,0.5897428681275911,57036.21028754356,30762.921617456977,0.020021541781088628,0.020021541781088628,ITY113_1804
457,5769.864,51.40233363295385,5.31431181348575,18929,237.22832900719965,12.700000000000001,0.5899845065652725,57035.62054467543,30773.909678941644,0.019987938748787026,0.019987938748787026,ITY113_1804
458,5782.564,51.40036058777803,5.3156127043046535,18971,237.22832900719965,12.700000000000001,0.5902336538113935,57035.03056016887,30785.238854622643,0.01995423464747124,0.01995423464747124,ITY113_1804
459,5795.264,51.39838752819879,5.3169134828831535,19013,237.22832900719965,12.700000000000001,0.5904842169109035,57034.440326515054,30796.632149553992,0.01992043143326047,0.01992043143326047,ITY113_1804
460,5807.964,51.39641445421837,5.31821414923802,19055,237.22832900719965,12.700000000000001,0.5907361977574559,57033.84984229814,30808.089646585137,0.019886531061963687,0.019886531061963687,ITY113_1804
461,5820.664,51.394441365839036,5.319514703386022,19096,237.22832900719965,12.700000000000001,0.590983333686955,57033.259106100384,30819.326666233705,0.019852535489079906,0.019852535489079906,ITY113_1804
462,5833.364,51.39246826306304,5.320815145343925,19138,237.22832900719965,12.700000000000001,0.5912381215592446,57032.6681227667,30830.911269910233,0.019818446669798408,0.019818446669798408,ITY113_1804
463,5846.064,51.39049514589263,5.32211547512849,19180,237.22832900719965,12.700000000000001,0.5914943328439164,57032.07688464514,30842.56032360329,0.019784266558998474,0.019784266558998474,ITY113_1804
464,5858.764,51.38852201433006,5.323415692756476,19221,237.22832900719965,12.700000000000001,0.5917456027813575,57031.48539031229,30853.984525718057,0.019749997111249532,0.019749997111249532,ITY113_1804
465,5871.464,51.38654886837758,5.324715798244639,19263,237.22832900719965,12.700000000000001,0.5920046323300228,57030.89364470951,30865.761177926626,0.019715640280811558,0.019715640280811558,ITY113_1804
466,5884.164,51.38457570803745,5.326015791609731,19305,237.22832900719965,12.700000000000001,0.5922650910014164,57030.30164007718,30877.602530122425,0.01968119802163479,0.01968119802163479,ITY113_1804
467,5896.864,51.382602533311925,5.327315672868501,19346,237.22832900719965,12.700000000000001,0.592520511523533,57029.70937498618,30889.214640343205,0.019646672287359928,0.019646672287359928,ITY113_1804
468,5909.564,51.38062934420324,5.328615442037696,19388,237.22832900719965,12.700000000000001,0.5927837997862437,57029.11685447466,30901.184086998357,0.01961206503131805,0.01961206503131805,ITY113_1804
469,5922.264,51.378656140713666,5.32991509913406,19430,237.22832900719965,12.700000000000001,0.5930485229271814,57028.524070674874,30913.218485681256,0.019577378206531125,0.019577378206531125,ITY113_1804
470,5934.964,51.37668292284544,5.331214644174331,19471,237.22832900719965,12.700000000000001,0.5933081107417502,57027.93102215195,30925.019235654916,0.019542613765711474,0.019542613765711474,ITY113_1804
471,5947.664,51.37470969060082,5.332514077175247,19513,237.22832900719965,12.700000000000001,0.5935756748906806,57027.337714041205,30937.182228846297,0.019507773661262332,0.019507773661262332,ITY113_1804
472,5960.364,51.37273644398204,5.333813398153541,19554,237.22832900719965,12.700000000000001,0.5938380389812254,57026.74413836632,30949.108638268186,0.01947285984527758,0.01947285984527758,ITY113_1804
473,5973.064,51.37076318299137,5.335112607125945,19596,237.22832900719965,12.700000000000001,0.5941084517679625,57026.15030032734,30961.400560268477,0.019437874269542132,0.019437874269542132,ITY113_1804
474,5985.764,51.36878990763104,5.336411704109184,19638,237.22832900719965,12.700000000000001,0.5943803091103559,57025.55619187557,30973.757858315003,0.01940281888553169,0.01940281888553169,ITY113_1804
475,5998.464,51.366816617903304,5.337710689119985,19680,237.22832900719965,12.700000000000001,0.5946536129779971,57024.96181156646,30986.180618743943,0.019367695644413006,0.019367695644413006,ITY113_1804
476,6011.164,51.36484331381041,5.339009562175067,19721,237.22832900719965,12.700000000000001,0.5949215860271742,57024.367157953486,30998.360867431253,0.01871821721744508,0.01871821721744508,ITY113_1804
477,6023.864,51.36286999535461,5.34030832329115,19763,237.22832900719965,12.700000000000001,0.5951977540053237,57023.77223636746,31010.913234910004,0.018001100809149448,0.018001100809149448,ITY113_1804
478,6036.564,51.360896662538146,5.341606972484946,19805,237.22832900719965,12.700000000000001,0.5954753744005183,57023.17703861346,31023.531323117742,0.017285492377222513,0.017285492377222513,ITY113_1804
479,6049.264,51.35892331536326,5.3429055097731695,19846,237.22832900719965,12.700000000000001,0.595747565655826,57022.58156323906,31035.902443007457,0.01657140595292339,0.01657140595292339,ITY113_1804
480,6061.964,51.35694995383221,5.344203935172527,19888,237.22832900719965,12.700000000000001,0.596028061847909,57021.985815673404,31048.6506508216,0.015858855565290007,0.015858855565290007,ITY113_1804
481,6074.664,51.354976577947234,5.3455022486997255,19930,237.22832900719965,12.700000000000001,0.5963100163945396,57021.38978761156,31061.464839846074,0.015147855241139326,0.015147855241139326,ITY113_1804
482,6087.364,51.35300318771058,5.346800450371467,19971,237.22832900719965,12.700000000000001,0.5965864430919721,57020.793477595165,31074.027587081906,0.014438419005068268,0.014438419005068268,ITY113_1804
483,6100.064,51.35102978312448,5.34809854020445,20013,237.22832900719965,12.700000000000001,0.5968712852123021,57020.196891152074,31086.972412503368,0.01373056087945369,0.01373056087945369,ITY113_1804
484,6112.764,51.34905636419119,5.3493965182153715,20055,237.22832900719965,12.700000000000001,0.5971575916705179,57019.60001986686,31099.983481767795,0.013024294884453481,0.013024294884453481,ITY113_1804
485,6125.464,51.347082930912954,5.350694384420924,20096,237.22832900719965,12.700000000000001,0.5974382711790911,57019.00286227519,31112.738618736857,0.012319635038006597,0.012319635038006597,ITY113_1804
486,6138.164,51.345109483292006,5.351992138837797,20138,237.22832900719965,12.700000000000001,0.5977274770785055,57018.40542400401,31125.88084545584,0.011616595355833705,0.011616595355833705,ITY113_1804
487,6150.864,51.343136021330594,5.353289781482678,20179,237.22832900719965,12.700000000000001,0.5980109900103123,57017.807696526936,31138.7641488091,0.010915189851437825,0.010915189851437825,ITY113_1804
488,6163.564,51.34116254503096,5.354587312372249,20221,237.22832900719965,12.700000000000001,0.5983031032807986,57017.209685536924,31152.037881322147,0.010224450890282493,0.010224450890282493,ITY113_1804
489,6176.264,51.33918905439535,5.355884731523192,20263,237.22832900719965,12.700000000000001,0.5985966909471931,57016.61138243364,31165.3782995042,0.00953476923196448,0.00953476923196448,ITY113_1804
490,6188.964,51.337215549426,5.357182038952183,20305,237.22832900719965,12.700000000000001,0.5988917550561614,57016.01278574269,31178.785493315445,0.00884536334400688,0.00884536334400688,ITY113_1804
491,6201.664,51.335242030125144,5.3584792346758965,20346,237.22832900719965,12.700000000000001,0.5991809928281477,57015.413893987636,31191.927722136188,0.008156270942569285,0.008156270942569285,ITY113_1804
492,6214.364,51.33326849649504,5.3597763187110035,20388,237.22832900719965,12.700000000000001,0.5994789803863632,57014.814712994805,31205.46712845106,0.007467529737857829,0.007467529737857829,ITY113_1804
493,6227.064,51.33129494853791,5.361073291074172,20430,237.22832900719965,12.700000000000001,0.5997784505087491,57014.21523401442,31219.07357958267,0.006779177434126299,0.006779177434126299,ITY113_1804
494,6239.764,51.329321386256,5.362370151782066,20471,237.22832900719965,12.700000000000001,0.6000719940007071,57013.61545556391,31232.410523246162,0.006091251729677814,0.006091251729677814,ITY113_1804
495,6252.464,51.32734780965155,5.3636669008513485,20513,237.22832900719965,12.700000000000001,0.6003743997133684,57013.01538356991,31246.149720940168,0.005403790316865879,0.005403790316865879,ITY113_1804
496,6265.164,51.32537421872679,5.364963538298676,20554,237.22832900719965,12.700000000000001,0.6006708119800912,57012.415009170196,31259.61638534864,0.004716830882095865,0.004716830882095865,ITY113_1804
497,6277.864,51.323400613483976,5.366260064140706,20596,237.22832900719965,12.700000000000001,0.600976161394911,57011.814338358214,31273.488686632947,0.004030411105826401,0.004030411105826401,ITY113_1804
498,6290.564,51.32142699392533,5.367556478394088,20638,237.22832900719965,12.700000000000001,0.6012830036627848,57011.21336219682,31287.42848558071,0.003343174010309941,0.003343174010309941,ITY113_1804
499,6303.264,51.31945336005309,5.368852781075473,20680,237.22832900719965,12.700000000000001,0.6015913408771165,57010.61207919315,31301.435874395043,0.002656470003003569,0.002656470003003569,ITY113_1804
500,6315.964,51.317479711869495,5.370148972201506,20721,237.22832900719965,12.700000000000001,0.6018935496580748,57010.010487852276,31315.16461779356,0.001971358664945908,0.001971358664945908,ITY113_1804
501,6328.664,51.315506049376786,5.371445051788831,20763,237.22832900719965,12.700000000000001,0.6022048470198942,57009.408594302615,31329.30583452688,0.0012878420005613673,0.0012878420005613673,ITY113_1804
502,6341.364,51.31353237257719,5.372741019854085,20804,237.22832900719965,12.700000000000001,0.6025099485901646,57008.806389455596,31343.165356374375,0.000605922013957956,0.000605922013957956,ITY113_1804
503,6354.064,51.31155868147295,5.374036876413906,20846,237.22832900719965,12.700000000000001,0.6028242143334437,57008.203879507004,31357.440763960516,0.0,0.0,ITY113_1804
504,6366.764,51.3095849760663,5.375332621484928,20888,237.22832900719965,12.700000000000001,0.603139985466923,57007.60105529267,31371.784221751303,0.0,0.0,ITY113_1804
505,6379.464,51.307611256359465,5.37662825508378,20930,237.22832900719965,12.700000000000001,0.6034572641153528,57006.9979153072,31386.19582347455,0.0,0.0,ITY113_1804
506,6392.164,51.30563752235469,5.37792377722709,20971,237.22832900719965,12.700000000000001,0.6037682108839362,57006.39445804308,31400.319570188523,0.0,0.0,ITY113_1804
507,6404.864,51.30366377405419,5.37921918793148,21013,237.22832900719965,12.700000000000001,0.6040884746053867,57005.790689832196,31414.866099070197,0.0,0.0,ITY113_1804
508,6417.564,51.30169001146022,5.380514487213572,21055,237.22832900719965,12.700000000000001,0.6044102521961254,57005.18660135759,31429.481052342453,0.0,0.0,ITY113_1804
509,6430.264,51.299716234574994,5.381809675089984,21096,237.22832900719965,12.700000000000001,0.6047255955591144,57004.58219110539,31443.803518566267,0.0,0.0,ITY113_1804
510,6442.964,51.29774244340076,5.3831047515773305,21138,237.22832900719965,12.700000000000001,0.6050503708242772,57003.97746550984,31458.553955410487,0.0,0.0,ITY113_1804
511,6455.664,51.29576863793974,5.384399716692222,21179,237.22832900719965,12.700000000000001,0.6053686436728984,57003.37241513901,31473.008819510138,0.0,0.0,ITY113_1804
512,6468.364,51.29379481819416,5.3856945704512675,21221,237.22832900719965,12.700000000000001,0.6056964250306238,57002.76704649534,31487.89511189379,0.0,0.0,ITY113_1804
513,6481.064,51.29182098416626,5.386989312871072,21263,237.22832900719965,12.700000000000001,0.6060257309349759,57002.16135007031,31502.85030046466,0.0,0.0,ITY113_1804
514,6493.764,51.28984713585827,5.388283943968236,21305,237.22832900719965,12.700000000000001,0.6063565635579764,57001.55532433937,31517.87448128267,0.0,0.0,ITY113_1804
515,6506.464,51.28787327327241,5.389578463759361,21346,237.22832900719965,12.700000000000001,0.6066807559912779,57000.94896777582,31532.59685572742,0.0,0.0,ITY113_1804
516,6519.164,51.28589939641092,5.39087287226104,21388,237.22832900719965,12.700000000000001,0.6070146117697501,57000.34228701983,31547.757646710423,0.0,0.0,ITY113_1804
517,6531.864,51.28392550527602,5.392167169489867,21429,237.22832900719965,12.700000000000001,0.6073417586048113,56999.735272408056,31562.61352096583,0.0,0.0,ITY113_1804
518,6544.564,51.28195159986994,5.39346135546243,21471,237.22832900719965,12.700000000000001,0.6076786460802983,56999.127930649454,31577.911300222517,0.0,0.0,ITY113_1804
519,6557.264,51.27997768019491,5.394755430195317,21513,237.22832900719965,12.700000000000001,0.6080170711083008,56998.52025200337,31593.278551312826,0.0,0.0,ITY113_1804
520,6569.964,51.278003746253155,5.396049393705109,21555,237.22832900719965,12.700000000000001,0.6083570358925108,56997.912234932264,31608.715371882223,0.0,0.0,ITY113_1804
521,6582.664,51.276029798046906,5.397343246008387,21596,237.22832900719965,12.700000000000001,0.6086901528143478,56997.303877896375,31623.84099206275,0.0,0.0,ITY113_1804
522,6595.364,51.27405583557839,5.398636987121728,21638,237.22832900719965,12.700000000000001,0.6090331666072575,56996.69518774356,31639.415567985965,0.0,0.0,ITY113_1804
523,6608.064,51.27208185884982,5.399930617061706,21680,237.22832900719965,12.700000000000001,0.6093777267459453,56996.08615457695,31655.06000556621,0.0,0.0,ITY113_1804
524,6620.764,51.27010786786344,5.401224135844891,21721,237.22832900719965,12.700000000000001,0.6097153345359085,56995.476776850206,31670.38851735044,0.0,0.0,ITY113_1804
525,6633.464,51.268133862621454,5.40251754348785,21763,237.22832900719965,12.700000000000001,0.6100629567498972,56994.86706151567,31686.17128994416,0.0,0.0,ITY113_1804
526,6646.164,51.2661598431261,5.4038108400071465,21804,237.22832900719965,12.700000000000001,0.6104035569971538,56994.25699855892,31701.634988623155,0.0,0.0,ITY113_1804
527,6658.864,51.2641858093796,5.405104025419343,21846,237.22832900719965,12.700000000000001,0.6107542500139296,56993.64659500193,31717.556483733562,0.0,0.0,ITY113_1804
528,6671.564,51.26221176138417,5.406397099740997,21888,237.22832900719965,12.700000000000001,0.6111065004462033,56993.035840751916,31733.548332003887,0.0,0.0,ITY113_1804
529,6684.264,51.260237699142046,5.407690062988663,21930,237.22832900719965,12.700000000000001,0.6114603105453726,56992.42473425147,31749.610633504966,0.0,0.0,ITY113_1804
530,6696.964,51.25826362265544,5.408982915178893,21971,237.22832900719965,12.700000000000001,0.6118069580059851,56991.81327394093,31765.34750080488,0.0,0.0,ITY113_1804
531,6709.664,51.256289531926576,5.410275656328234,22013,237.22832900719965,12.700000000000001,0.612163856594389,56991.20146698292,31781.54931095552,0.0,0.0,ITY113_1804
532,6722.364,51.25431542695768,5.411568286453233,22054,237.22832900719965,12.700000000000001,0.6125135223386649,56990.589303126326,31797.422513082227,0.0,0.0,ITY113_1804
533,6735.064,51.25234130775097,5.412860805570431,22096,237.22832900719965,12.700000000000001,0.6128735182682419,56989.976789603985,31813.764225772924,0.0,0.0,ITY113_1804
534,6747.764,51.250367174308664,5.414153213696369,22138,237.22832900719965,12.700000000000001,0.6132350850922927,56989.36391608572,31830.176891299277,0.0,0.0,ITY113_1804
535,6760.464,51.24839302663298,5.41544551084758,22180,237.22832900719965,12.700000000000001,0.6135982250941381,56988.75068100063,31846.660611381194,0.0,0.0,ITY113_1804
536,6773.164,51.246418864726145,5.4167376970406,22221,237.22832900719965,12.700000000000001,0.6139539903885096,56988.13708277554,31862.809310998884,0.0,0.0,ITY113_1804
537,6785.864,51.24444468859038,5.4180297722919555,22263,237.22832900719965,12.700000000000001,0.6143202456687409,56987.52312878515,31879.433732707905,0.0,0.0,ITY113_1804
538,6798.564,51.242470498227895,5.4193217366181745,22305,237.22832900719965,12.700000000000001,0.6146880809535451,56986.90880853948,31896.129513339896,0.0,0.0,ITY113_1804
539,6811.264,51.24049629364091,5.420613590035781,22346,237.22832900719965,12.700000000000001,0.615048434820628,56986.29412045853,31912.48545077334,0.0,0.0,ITY113_1804
540,6823.964,51.23852207483164,5.421905332561293,22388,237.22832900719965,12.700000000000001,0.6154193989194052,56985.67907202371,31929.322536870164,0.0,0.0,ITY113_1804
541,6836.664,51.23654784180231,5.423196964211229,22429,237.22832900719965,12.700000000000001,0.6157828104963541,56985.06365262479,31945.816566581143,0.0,0.0,ITY113_1804
542,6849.364,51.23457359455514,5.424488485002103,22471,237.22832900719965,12.700000000000001,0.6161569124483335,56984.44786981429,31962.795361805223,0.0,0.0,ITY113_1804
543,6862.064,51.23259933309233,5.425779894950424,22513,237.22832900719965,12.700000000000001,0.6165326058700267,56983.83171290185,31979.846027952404,0.0,0.0,ITY113_1804
544,6874.764,51.23062505741611,5.427071194072702,22555,237.22832900719965,12.700000000000001,0.6169098930927819,56983.21518029598,31996.96866926559,0.0,0.0,ITY113_1804
545,6887.464,51.2286507675287,5.428362382385439,22596,237.22832900719965,12.700000000000001,0.6172794841083791,56982.59827040289,32013.74176188188,0.0,0.0,ITY113_1804
546,6900.164,51.2266764634323,5.429653459905137,22638,237.22832900719965,12.700000000000001,0.6176599274988335,56981.980990918775,32031.00693122836,0.0,0.0,ITY113_1804
547,6912.864,51.22470214512913,5.430944426648295,22679,237.22832900719965,12.700000000000001,0.6180326029674543,56981.36333099128,32047.91931189851,0.0,0.0,ITY113_1804
548,6925.564,51.2227278126214,5.432235282631406,22721,237.22832900719965,12.700000000000001,0.6184162116900274,56980.74529838831,32065.32741958529,0.0,0.0,ITY113_1804
549,6938.264,51.22075346591133,5.433526027870963,22763,237.22832900719965,12.700000000000001,0.6188014258376,56980.12688217662,32082.80802286662,0.0,0.0,ITY113_1804
550,6950.964,51.21877910500113,5.434816662383454,22805,237.22832900719965,12.700000000000001,0.6191882477736173,56979.508080750784,32100.361227701007,0.0,0.0,ITY113_1804
551,6963.664,51.21680472989302,5.436107186185366,22846,237.22832900719965,12.700000000000001,0.6195671568645249,56978.88889250301,32117.555097187185,0.0,0.0,ITY113_1804
552,6976.364,51.2148303405892,5.437397599293179,22888,237.22832900719965,12.700000000000001,0.6199571626992773,56978.26932534615,32135.252072744563,0.0,0.0,ITY113_1804
553,6989.064,51.21285593709189,5.438687901723374,22930,237.22832900719965,12.700000000000001,0.620348783387846,56977.64936818345,32153.0219669031,0.0,0.0,ITY113_1804
554,7001.764,51.210881519403294,5.439978093492426,22971,237.22832900719965,12.700000000000001,0.6207323822103796,56977.02901940006,32170.42760153288,0.0,0.0,ITY113_1804
555,7014.464,51.20890708752563,5.441268174616808,23013,237.22832900719965,12.700000000000001,0.6211272008048694,56976.40828701785,32188.341895405036,0.0,0.0,ITY113_1804
556,7027.164,51.2069326414611,5.442558145112989,23054,237.22832900719965,12.700000000000001,0.6215139248853563,56975.787159817046,32205.888648739594,0.0,0.0,ITY113_1804
557,7039.864,51.20495818121192,5.443848004997436,23096,237.22832900719965,12.700000000000001,0.6219119507383313,56975.16564589216,32223.94776279909,0.0,0.0,ITY113_1804
558,7052.564,51.2029837067803,5.445137754286613,23138,237.22832900719965,12.700000000000001,0.6223116033077076,56974.54373394142,32242.08032878434,0.0,0.0,ITY113_1804
559,7065.264,51.201009218168444,5.446427392996978,23180,237.22832900719965,12.700000000000001,0.62271288500515,56973.92142233811,32260.28645527889,0.0,0.0,ITY113_1804
560,7077.964,51.199034715378566,5.44771692114499,23221,237.22832900719965,12.700000000000001,0.6231059253731985,56973.298709453105,32278.11841131624,0.0,0.0,ITY113_1804
561,7090.664,51.19706019841287,5.449006338747102,23263,237.22832900719965,12.700000000000001,0.6235104332745276,56972.675603527736,32296.47021100136,0.0,0.0,ITY113_1804
562,7103.364,51.19508566727357,5.450295645819765,23304,237.22832900719965,12.700000000000001,0.6239066265646009,56972.05209309446,32314.444531296132,0.0,0.0,ITY113_1804
563,7116.064,51.19311112196286,5.451584842379426,23346,237.22832900719965,12.700000000000001,0.6243143701479599,56971.4281864679,32332.942431559302,0.0,0.0,ITY113_1804
564,7128.764,51.19113656248295,5.452873928442529,23388,237.22832900719965,12.700000000000001,0.6247237548812583,56970.80387209775,32351.514434426277,0.0,0.0,ITY113_1804
565,7141.464,51.189161988836055,5.454162904025517,23430,237.22832900719965,12.700000000000001,0.6251347832083365,56970.17914834287,32370.16065026579,0.0,0.0,ITY113_1804
566,7154.164,51.18718740102437,5.455451769144825,23471,237.22832900719965,12.700000000000001,0.6255373488237592,56969.55401355966,32388.422700137937,0.0,0.0,ITY113_1804
567,7166.864,51.1852127990501,5.45674052381689,23513,237.22832900719965,12.700000000000001,0.6259516320310143,56968.92847621084,32407.21588358195,0.0,0.0,ITY113_1804
568,7179.564,51.18323818291546,5.458029168058143,23555,237.22832900719965,12.700000000000001,0.626367566136729,56968.30252457881,32426.083610241236,0.0,0.0,ITY113_1804
569,7192.264,51.181263552622646,5.459317701885013,23596,237.22832900719965,12.700000000000001,0.6267749261111992,56967.67615701267,32444.562141020084,0.0,0.0,ITY113_1804
570,7204.964,51.17928890817386,5.460606125313924,23638,237.22832900719965,12.700000000000001,0.6271941295771366,56967.04938208656,32463.577490447213,0.0,0.0,ITY113_1804
571,7217.664,51.17731424957131,5.461894438361298,23679,237.22832900719965,12.700000000000001,0.627604684661464,56966.42218795698,32482.20029229879,0.0,0.0,ITY113_1804
572,7230.364,51.175339576817194,5.463182641043556,23721,237.22832900719965,12.700000000000001,0.6280271671541997,56965.79458327232,32501.363702460952,0.0,0.0,ITY113_1804
573,7243.064,51.17336488991372,5.464470733377111,23763,237.22832900719965,12.700000000000001,0.6284513128062821,56965.16655610516,32520.60221135284,0.0,0.0,ITY113_1804
574,7255.764,51.171390188863086,5.465758715378378,23805,237.22832900719965,12.700000000000001,0.6288771241098146,56964.53810479236,32539.915932075055,0.0,0.0,ITY113_1804
575,7268.464,51.16941547366749,5.467046587063765,23846,237.22832900719965,12.700000000000001,0.6292941369681968,56963.90922766825,32558.830331882447,0.0,0.0,ITY113_1804
576,7281.164,51.16744074432914,5.468334348449678,23888,237.22832900719965,12.700000000000001,0.6297232468757927,56963.27993353128,32578.293001825376,0.0,0.0,ITY113_1804
577,7293.864,51.16546600085023,5.46962199955252,23929,237.22832900719965,12.700000000000001,0.6301434834303659,56962.6502102844,32597.352970055617,0.0,0.0,ITY113_1804
578,7306.564,51.16349124323296,5.470909540388691,23971,237.22832900719965,12.700000000000001,0.6305759017341637,56962.02006680097,32616.96503438194,0.0,0.0,ITY113_1804
579,7319.264,51.16151647147954,5.472196970974588,24013,237.22832900719965,12.700000000000001,0.6310099981095676,56961.38949089924,32636.652875180254,0.0,0.0,ITY113_1804
580,7331.964,51.15954168559215,5.473484291326605,24055,237.22832900719965,12.700000000000001,0.6314457750808316,56960.758480901124,32656.4166074092,0.0,0.0,ITY113_1804
581,7344.664,51.157566885573004,5.474771501461131,24096,237.22832900719965,12.700000000000001,0.6318725273029062,56960.12703512605,32675.77080553835,0.0,0.0,ITY113_1804
582,7357.364,51.15559207142429,5.476058601394554,24138,237.22832900719965,12.700000000000001,0.6323116325001725,56959.495162598745,32695.684835231496,0.0,0.0,ITY113_1804
583,7370.064,51.153617243148204,5.477345591143257,24180,237.22832900719965,12.700000000000001,0.6327524258372224,56958.862850966245,32715.675100330245,0.0,0.0,ITY113_1804
584,7382.764,51.15164240074695,5.478632470723621,24221,237.22832900719965,12.700000000000001,0.6331840805178035,56958.23009854041,32735.250691222485,0.0,0.0,ITY113_1804
585,7395.464,51.14966754422272,5.479919240152024,24263,237.22832900719965,12.700000000000001,0.6336282170334713,56957.59691445989,32755.39193618852,0.0,0.0,ITY113_1804
586,7408.164,51.147692673577716,5.48120589944484,24304,237.22832900719965,12.700000000000001,0.6340631389806894,56956.96328624286,32775.11508158473,0.0,0.0,ITY113_1804
587,7420.864,51.145717788814125,5.482492448618439,24346,237.22832900719965,12.700000000000001,0.6345106286551836,56956.32922310388,32795.40776259262,0.0,0.0,ITY113_1804
588,7433.564,51.143742889934146,5.483778887689191,24388,237.22832900719965,12.700000000000001,0.6349598191281753,56955.694712475226,32815.777257616144,0.0,0.0,ITY113_1804
589,7446.264,51.141767976939974,5.485065216673459,24430,237.22832900719965,12.700000000000001,0.6354107129720521,56955.059752656096,32836.22368445746,0.0,0.0,ITY113_1804
590,7458.964,51.1397930498338,5.486351435587606,24471,237.22832900719965,12.700000000000001,0.6358522388163879,56954.42434194312,32856.245088921176,0.0,0.0,ITY113_1804
591,7471.664,51.137818108617815,5.487637544447989,24513,237.22832900719965,12.700000000000001,0.6363065060269963,56953.788489704304,32876.843877222054,0.0,0.0,ITY113_1804
592,7484.364,51.13584315329422,5.488923543270964,24554,237.22832900719965,12.700000000000001,0.6367513286447286,56953.152183198275,32897.01418745257,0.0,0.0,ITY113_1804
593,7497.064,51.133868183865204,5.490209432072882,24596,237.22832900719965,12.700000000000001,0.6372089793273594,56952.51543186963,32917.76580087784,0.0,0.0,ITY113_1804
594,7509.764,51.131893200332954,5.491495210870092,24638,237.22832900719965,12.700000000000001,0.6376683461982486,56951.8782228903,32938.594934232104,0.0,0.0,ITY113_1804
595,7522.464,51.12991820269967,5.492780879678939,24680,237.22832900719965,12.700000000000001,0.6381294318617836,56951.2405545441,32959.50170725178,0.0,0.0,ITY113_1804
596,7535.164,51.127943190967535,5.494066438515767,24721,237.22832900719965,12.700000000000001,0.638580918120651,56950.602425112236,32979.97301785693,0.0,0.0,ITY113_1804
597,7547.864,51.125968165138744,5.495351887396914,24763,237.22832900719965,12.700000000000001,0.6390454077154781,56949.96384419411,33001.03355661247,0.0,0.0,ITY113_1804
598,7560.564,51.123993125215485,5.496637226338715,24805,237.22832900719965,12.700000000000001,0.6395116238851692,56949.324798786394,33022.172093303474,0.0,0.0,ITY113_1804
599,7573.264,51.122018071199946,5.497922455357504,24846,237.22832900719965,12.700000000000001,0.6399681241653248,56948.68528716251,33042.869912635186,0.0,0.0,ITY113_1804
600,7585.964,51.120043003094324,5.499207574469609,24888,237.22832900719965,12.700000000000001,0.6404377596894184,56948.04531903834,33064.1629258217,0.0,0.0,ITY113_1804
601,7598.664,51.1180679209008,5.500492583691358,24929,237.22832900719965,12.700000000000001,0.640897601690612,56947.40488127865,33085.01171951306,0.0,0.0,ITY113_1804
602,7611.364,51.11609282462156,5.501777483039072,24971,237.22832900719965,12.700000000000001,0.6413706668613581,56946.76398367696,33106.459684324174,0.0,0.0,ITY113_1804
603,7624.064,51.114117714258796,5.503062272529073,25013,237.22832900719965,12.700000000000001,0.641845471661493,56946.1226130101,33127.986249724214,0.0,0.0,ITY113_1804
604,7636.764,51.112142589814695,5.504346952177675,25055,237.22832900719965,12.700000000000001,0.642322018743213,56945.480767538436,33149.591538410124,0.0,0.0,ITY113_1804
605,7649.464,51.11016745129144,5.5056315220011935,25096,237.22832900719965,12.700000000000001,0.6427886153829272,56944.838445519694,33170.74552902699,0.0,0.0,ITY113_1804
606,7662.164,51.10819229869122,5.506915982015937,25138,237.22832900719965,12.700000000000001,0.6432686129461134,56944.19565690431,33192.50673320464,0.0,0.0,ITY113_1804
607,7674.864,51.10621713201622,5.508200332238213,25179,237.22832900719965,12.700000000000001,0.6437385817285406,56943.55238829136,33213.81310557055,0.0,0.0,ITY113_1804
608,7687.564,51.10424195126863,5.509484572684325,25221,237.22832900719965,12.700000000000001,0.6442220401895076,56942.908649709636,33235.730708167815,0.0,0.0,ITY113_1804
609,7700.264,51.10226675645062,5.510768703370574,25263,237.22832900719965,12.700000000000001,0.6447072541439567,56942.26442766945,33257.72764659711,0.0,0.0,ITY113_1804
610,7712.964,51.10029154756438,5.512052724313256,25305,237.22832900719965,12.700000000000001,0.6451942262757939,56941.61972041531,33279.8040455694,0.0,0.0,ITY113_1804
611,7725.664,51.09831632461211,5.513336635528666,25346,237.22832900719965,12.700000000000001,0.6456710112786457,56940.97452618903,33301.418470028315,0.0,0.0,ITY113_1804
612,7738.364,51.09634108759597,5.514620437033093,25388,237.22832900719965,12.700000000000001,0.6461614653921612,56940.32885517775,33323.652247107806,0.0,0.0,ITY113_1804
613,7751.064,51.09436583651815,5.515904128842826,25430,237.22832900719965,12.700000000000001,0.6466536857015996,56939.68269371236,33345.96585788453,0.0,0.0,ITY113_1804
614,7763.764,51.09239057138084,5.517187710974149,25471,237.22832900719965,12.700000000000001,0.6471355997290391,56939.03604002666,33367.81211952897,0.0,0.0,ITY113_1804
615,7776.464,51.090415292186215,5.518471183443342,25513,237.22832900719965,12.700000000000001,0.6476313179096311,56938.38890442693,33390.28384869827,0.0,0.0,ITY113_1804
616,7789.164,51.08843999893646,5.519754546266684,25554,237.22832900719965,12.700000000000001,0.6481166503932918,56937.74127310902,33412.284646594264,0.0,0.0,ITY113_1804
617,7801.864,51.08646469163375,5.521037799460449,25596,237.22832900719965,12.700000000000001,0.6486158770463417,56937.09315645863,33434.914989022014,0.0,0.0,ITY113_1804
618,7814.564,51.08448937028027,5.522320943040906,25638,237.22832900719965,12.700000000000001,0.6491168833418617,56936.44454058158,33457.62579283628,0.0,0.0,ITY113_1804
619,7827.264,51.08251403487819,5.523603977024326,25680,237.22832900719965,12.700000000000001,0.6496196720110161,56935.79542369823,33480.41718583111,0.0,0.0,ITY113_1804
620,7839.964,51.080538685429694,5.524886901426972,25721,237.22832900719965,12.700000000000001,0.6501119144548784,56935.14580402622,33502.730406654395,0.0,0.0,ITY113_1804
621,7852.664,51.07856332193697,5.526169716265105,25763,237.22832900719965,12.700000000000001,0.6506182330515833,56934.49569211177,33525.68141681276,0.0,0.0,ITY113_1804
622,7865.364,51.076587944402185,5.527452421554985,25804,237.22832900719965,12.700000000000001,0.6511139252785225,56933.84507387872,33548.15063972146,0.0,0.0,ITY113_1804
623,7878.064,51.07461255282752,5.528735017312865,25846,237.22832900719965,12.700000000000001,0.651623784526514,56933.193959953445,33571.26177003121,0.0,0.0,ITY113_1804
624,7890.764,51.07263714721515,5.530017503554998,25888,237.22832900719965,12.700000000000001,0.6521354397499866,56932.54233616892,33594.45412751336,0.0,0.0,ITY113_1804
625,7903.464,51.07066172756725,5.531299880297631,25930,237.22832900719965,12.700000000000001,0.6526488937113621,56931.89020072917,33617.72784205956,0.0,0.0,ITY113_1804
626,7916.164,51.068686293886,5.53258214755701,25971,237.22832900719965,12.700000000000001,0.6531515592968531,56931.23755183546,33640.51246163117,0.0,0.0,ITY113_1804
627,7928.864,51.06671084617358,5.5338643053493755,26013,237.22832900719965,12.700000000000001,0.6536685756101337,56930.584400276166,33663.947316710495,0.0,0.0,ITY113_1804
628,7941.564,51.064735384432154,5.535146353690967,26055,237.22832900719965,12.700000000000001,0.6541873989130094,56929.93073170056,33687.463917509216,0.0,0.0,ITY113_1804
629,7954.264,51.06275990866391,5.5364282925980195,26096,237.22832900719965,12.700000000000001,0.6546953119278582,56929.27654430165,33710.48592400347,0.0,0.0,ITY113_1804
630,7966.964,51.060784418871,5.537710122086764,26138,237.22832900719965,12.700000000000001,0.655217713931979,56928.62184898972,33734.16443637074,0.0,0.0,ITY113_1804
631,7979.664,51.05880891505562,5.538991842173431,26179,237.22832900719965,12.700000000000001,0.6557291243911356,56927.96663127579,33757.34468892038,0.0,0.0,ITY113_1804
632,7992.364,51.05683339721993,5.540273452874244,26221,237.22832900719965,12.700000000000001,0.6562551160022598,56927.3109021514,33781.185628278006,0.0,0.0,ITY113_1804
633,8005.064,51.05485786536611,5.541554954205425,26263,237.22832900719965,12.700000000000001,0.6567829284357152,56926.6546470354,33805.108967119304,0.0,0.0,ITY113_1804
634,8017.764,51.05288231949633,5.542836346183194,26305,237.22832900719965,12.700000000000001,0.6573125645003666,56925.99786410697,33829.11483854721,0.0,0.0,ITY113_1804
635,8030.464,51.05090675961275,5.544117628823766,26346,237.22832900719965,12.700000000000001,0.6578310447607636,56925.34055154247,33852.615040104,0.0,0.0,ITY113_1804
636,8043.164,51.04893118571756,5.545398802143353,26388,237.22832900719965,12.700000000000001,0.6583642924978286,56924.68272049771,33876.78438412903,0.0,0.0,ITY113_1804
637,8055.864,51.04695559781291,5.546679866158163,26429,237.22832900719965,12.700000000000001,0.6588863024199556,56924.02435620521,33900.4443584469,0.0,0.0,ITY113_1804
638,8068.564,51.04497999590099,5.547960820884402,26471,237.22832900719965,12.700000000000001,0.6594231728552757,56923.36546990279,33924.777698951155,0.0,0.0,ITY113_1804
639,8081.264,51.043004379983955,5.549241666338272,26513,237.22832900719965,12.700000000000001,0.659961880906855,56922.70604672994,33949.19423653828,0.0,0.0,ITY113_1804
640,8093.964,51.04102875006398,5.550522402535972,26555,237.22832900719965,12.700000000000001,0.6605024294141741,56922.04608484903,33973.69410649626,0.0,0.0,ITY113_1804
641,8106.664,51.039053106143236,5.551803029493697,26596,237.22832900719965,12.700000000000001,0.6610315743208011,56921.38558241962,33997.67712705532,0.0,0.0,ITY113_1804
642,8119.364,51.03707744822388,5.55308354722764,26638,237.22832900719965,12.700000000000001,0.6615757678322802,56920.7245508453,34022.34205626334,0.0,0.0,ITY113_1804
643,8132.064,51.03510177630809,5.554363955753989,26680,237.22832900719965,12.700000000000001,0.6621218102798254,56920.06297507747,34047.09072264487,0.0,0.0,ITY113_1804
644,8144.764,51.03312609039803,5.5556442550889304,26721,237.22832900719965,12.700000000000001,0.6626563243642749,56919.40085326719,34071.316910339454,0.0,0.0,ITY113_1804
645,8157.464,51.03115039049586,5.5569244452486455,26763,237.22832900719965,12.700000000000001,0.6632060286159511,56918.738196942824,34096.23143903879,0.0,0.0,ITY113_1804
646,8170.164,51.02917467660375,5.558204526249313,26804,237.22832900719965,12.700000000000001,0.6637441213450874,56918.07499091421,34120.619736658366,0.0,0.0,ITY113_1804
647,8182.864,51.027198948723864,5.55948449810711,26846,237.22832900719965,12.700000000000001,0.6642974986046455,56917.411246792864,34145.70066451123,0.0,0.0,ITY113_1804
648,8195.564,51.02522320685837,5.560764360838206,26888,237.22832900719965,12.700000000000001,0.6648527390110079,56916.74694929426,34170.86601046545,0.0,0.0,ITY113_1804
649,8208.264,51.02324745100943,5.562044114458772,26929,237.22832900719965,12.700000000000001,0.6653962421636863,56916.08209655525,34195.499451601354,0.0,0.0,ITY113_1804
650,8220.964,51.02127168117921,5.563323758984971,26971,237.22832900719965,12.700000000000001,0.6659551725252912,56915.416700313086,34220.832010731894,0.0,0.0,ITY113_1804
651,8233.664,51.019295897369865,5.564603294432967,27013,237.22832900719965,12.700000000000001,0.6665159746334617,56914.75074514056,34246.24940164397,0.0,0.0,ITY113_1804
652,8246.364,51.017320099583564,5.565882720818918,27054,237.22832900719965,12.700000000000001,0.6670649131697761,56914.08422916593,34271.12918699085,0.0,0.0,ITY113_1804
653,8259.064,51.015344287822465,5.567162038158979,27096,237.22832900719965,12.700000000000001,0.6676294222684167,56913.41716425276,34296.71461175828,0.0,0.0,ITY113_1804
654,8271.764,51.013368462088735,5.568441246469302,27138,237.22832900719965,12.700000000000001,0.6681958117577169,56912.74953483049,34322.385285370416,0.0,0.0,ITY113_1804
655,8284.464,51.01139262238453,5.569720345766036,27180,237.22832900719965,12.700000000000001,0.6687640845522425,56912.08133901873,34348.14134873771,0.0,0.0,ITY113_1804
656,8297.164,51.00941676871201,5.570999336065325,27221,237.22832900719965,12.700000000000001,0.6693203240878962,56911.41257493418,34373.35214764645,0.0,0.0,ITY113_1804
657,8309.864,51.00744090107334,5.572278217383312,27263,237.22832900719965,12.700000000000001,0.669892326768571,56910.74325461009,34399.27735180444,0.0,0.0,ITY113_1804
658,8322.564,51.00546501947067,5.573556989736135,27305,237.22832900719965,12.700000000000001,0.6704662214573343,56910.07336228332,34425.288367344394,0.0,0.0,ITY113_1804
659,8335.264,51.003489123906164,5.574835653139928,27346,237.22832900719965,12.700000000000001,0.6710279551836005,56909.40289606187,34450.74835371242,0.0,0.0,ITY113_1804
660,8347.964,51.00151321438198,5.576114207610823,27388,237.22832900719965,12.700000000000001,0.6716055969967276,56908.73186810668,34476.92934648666,0.0,0.0,ITY113_1804
661,8360.664,50.99953729090028,5.5773926531649485,27430,237.22832900719965,12.700000000000001,0.6721851395644254,56908.06026250969,34503.19657571849,0.0,0.0,ITY113_1804
662,8373.364,50.99756135346321,5.578670989818429,27471,237.22832900719965,12.700000000000001,0.6727523928668835,56907.388077370124,34528.906983303816,0.0,0.0,ITY113_1804
663,8386.064,50.99558540207294,5.579949217587385,27513,237.22832900719965,12.700000000000001,0.6733356998830113,56906.71532497726,34555.34503305553,0.0,0.0,ITY113_1804
664,8398.764,50.99360943673162,5.581227336487935,27554,237.22832900719965,12.700000000000001,0.6739066321118139,56906.04198927738,34581.222399674254,0.0,0.0,ITY113_1804
665,8411.464,50.9916334574414,5.582505346536192,27596,237.22832900719965,12.700000000000001,0.6744937151261501,56905.36808264527,34607.83183366864,0.0,0.0,ITY113_1804
666,8424.164,50.98965746420444,5.5837832477482685,27638,237.22832900719965,12.700000000000001,0.6750827135447317,56904.693588930146,34634.52821915511,0.0,0.0,ITY113_1804
667,8436.864,50.987681457022894,5.585061040140272,27679,237.22832900719965,12.700000000000001,0.6756592078683259,56904.0185062166,34660.65808232986,0.0,0.0,ITY113_1804
668,8449.564,50.985705435898915,5.586338723728305,27721,237.22832900719965,12.700000000000001,0.6762519997505372,56903.34284700873,34687.526706855744,0.0,0.0,ITY113_1804
669,8462.264,50.983729400834655,5.58761629852847,27763,237.22832900719965,12.700000000000001,0.6768467158980216,56902.66659500898,34714.48271727762,0.0,0.0,ITY113_1804
670,8474.964,50.98175335183227,5.588893764556863,27805,237.22832900719965,12.700000000000001,0.6774433592978608,56901.98974829308,34741.52626036535,0.0,0.0,ITY113_1804
671,8487.664,50.97977728889391,5.590171121829577,27846,237.22832900719965,12.700000000000001,0.6780273248934106,56901.31230493379,34767.99543550676,0.0,0.0,ITY113_1804
672,8500.364,50.977801212021724,5.591448370362703,27888,237.22832900719965,12.700000000000001,0.6786277852221239,56900.63427760889,34795.21237059429,0.0,0.0,ITY113_1804
673,8513.064,50.975825121217866,5.592725510172327,27930,237.22832900719965,12.700000000000001,0.6792301817206812,56899.95564982367,34822.51727750802,0.0,0.0,ITY113_1804
674,8525.764,50.973849016484486,5.5940025412745324,27971,237.22832900719965,12.700000000000001,0.679819769679685,56899.27641964195,34849.24191063871,0.0,0.0,ITY113_1804
675,8538.464,50.97187289782374,5.595279463685399,28013,237.22832900719965,12.700000000000001,0.6804260007675558,56898.596599872275,34876.72108077962,0.0,0.0,ITY113_1804
676,8551.164,50.96989676523776,5.596556277421003,28055,237.22832900719965,12.700000000000001,0.6810341769845587,56897.916173871505,34904.28866550189,0.0,0.0,ITY113_1804
677,8563.864,50.96792061872871,5.597832982497417,28096,237.22832900719965,12.700000000000001,0.6816294133096408,56897.23513969452,34931.27004167486,0.0,0.0,ITY113_1804
678,8576.564,50.965944458298736,5.59910957893071,28138,237.22832900719965,12.700000000000001,0.682241441858561,56896.553510281214,34959.01276798332,0.0,0.0,ITY113_1804
679,8589.264,50.96396828394998,5.600386066736947,28179,237.22832900719965,12.700000000000001,0.6828404429587553,56895.87126883936,34986.165329131014,0.0,0.0,ITY113_1804
680,8601.964,50.96199209568459,5.60166244593219,28221,237.22832900719965,12.700000000000001,0.68345633566515,56895.188428396395,35014.083784197326,0.0,0.0,ITY113_1804
681,8614.664,50.96001589350472,5.602938716532498,28263,237.22832900719965,12.700000000000001,0.684074188500178,56894.50497206073,35042.091398624674,0.0,0.0,ITY113_1804
682,8627.364,50.9580396774125,5.604214878553926,28304,237.22832900719965,12.700000000000001,0.6846788814993692,56893.820897872225,35069.5028644553,0.0,0.0,ITY113_1804
683,8640.064,50.95606344741009,5.6054909320125255,28346,237.22832900719965,12.700000000000001,0.6853006163693123,56893.13621899072,35097.68709799869,0.0,0.0,ITY113_1804
684,8652.764,50.954087203499626,5.606766876924343,28388,237.22832900719965,12.700000000000001,0.68592432043644,56892.45091837435,35125.96094338212,0.0,0.0,ITY113_1804
685,8665.464,50.95211094568326,5.608042713305425,28430,237.22832900719965,12.700000000000001,0.6865499967570878,56891.76499405391,35154.32455348309,0.0,0.0,ITY113_1804
686,8678.164,50.95013467396313,5.609318441171809,28471,237.22832900719965,12.700000000000001,0.6871623353904479,56891.07844405716,35182.083974752364,0.0,0.0,ITY113_1804
687,8690.864,50.948158388341376,5.610594060539535,28513,237.22832900719965,12.700000000000001,0.6877919177552068,56890.39128172177,35210.62540490507,0.0,0.0,ITY113_1804
688,8703.564,50.946182088820144,5.611869571424635,28555,237.22832900719965,12.700000000000001,0.6884234814956058,56889.703489804015,35239.257057212875,0.0,0.0,ITY113_1804
689,8716.264,50.94420577540158,5.613144973843139,28596,237.22832900719965,12.700000000000001,0.6890415736923641,56889.01506632252,35267.27846778902,0.0,0.0,ITY113_1804
690,8728.964,50.942229448087815,5.614420267811073,28638,237.22832900719965,12.700000000000001,0.6896770615393344,56888.32602474883,35296.088847635554,0.0,0.0,ITY113_1804
691,8741.664,50.940253106880995,5.615695453344459,28680,237.22832900719965,12.700000000000001,0.6903145399235884,56887.63634768729,35324.98991082261,0.0,0.0,ITY113_1804
692,8754.364,50.938276751783256,5.616970530459318,28721,237.22832900719965,12.700000000000001,0.6909384122730164,56886.94603314736,35353.27464923051,0.0,0.0,ITY113_1804
693,8767.064,50.936300382796745,5.618245499171662,28763,237.22832900719965,12.700000000000001,0.6915798329038712,56886.25509473509,35382.35535487859,0.0,0.0,ITY113_1804
694,8779.764,50.93432399992359,5.619520359497505,28804,237.22832900719965,12.700000000000001,0.6922075578493061,56885.563514902184,35410.81568000677,0.0,0.0,ITY113_1804
695,8792.464,50.93234760316594,5.620795111452855,28846,237.22832900719965,12.700000000000001,0.6928529328135655,56884.871307344336,35440.07663973351,0.0,0.0,ITY113_1804
696,8805.164,50.93037119252592,5.622069755053715,28888,237.22832900719965,12.700000000000001,0.6935003136460067,56884.17845441152,35469.42905859066,0.0,0.0,ITY113_1804
697,8817.864,50.928394768005674,5.623344290316087,28929,237.22832900719965,12.700000000000001,0.6941338632377405,56883.484954097876,35498.15496316131,0.0,0.0,ITY113_1804
698,8830.564,50.926418329607344,5.6246187172559665,28971,237.22832900719965,12.700000000000001,0.694785216670365,56882.79082023464,35527.688563530326,0.0,0.0,ITY113_1804
699,8843.264,50.92444187733306,5.625893035889347,29013,237.22832900719965,12.700000000000001,0.6954385852355234,56882.09603501797,35557.31409435368,0.0,0.0,ITY113_1804
700,8855.964,50.92246541118495,5.627167246232219,29055,237.22832900719965,12.700000000000001,0.6960939720547541,56881.40059643273,35587.0317148769,0.0,0.0,ITY113_1804
701,8868.664,50.92048893116516,5.628441348300567,29096,237.22832900719965,12.700000000000001,0.6967353455216123,56880.70450246068,35616.11457808424,0.0,0.0,ITY113_1804
702,8881.364,50.918512437275815,5.629715342110373,29138,237.22832900719965,12.700000000000001,0.6973947294623366,56880.00776711516,35646.01463107516,0.0,0.0,ITY113_1804
703,8894.064,50.91653592951905,5.630989227677615,29180,237.22832900719965,12.700000000000001,0.6980561409714867,56879.3103723857,35676.00725026045,0.0,0.0,ITY113_1804
704,8906.764,50.914559407896995,5.6322630050182685,29221,237.22832900719965,12.700000000000001,0.6987034020628504,56878.612316244726,35705.35890597341,0.0,0.0,ITY113_1804
705,8919.464,50.91258287241179,5.633536674148303,29263,237.22832900719965,12.700000000000001,0.6993688291329654,56877.91361284266,35735.534902920655,0.0,0.0,ITY113_1804
706,8932.164,50.91060632306556,5.634810235083686,29305,237.22832900719965,12.700000000000001,0.7000362931225836,56877.21424401353,35765.80394646504,0.0,0.0,ITY113_1804
707,8944.864,50.90862975986043,5.6360836878403795,29346,237.22832900719965,12.700000000000001,0.7006894689768031,56876.51420772041,35795.42578896305,0.0,0.0,ITY113_1804
708,8957.564,50.90665318279854,5.637357032434344,29388,237.22832900719965,12.700000000000001,0.7013609670387855,56875.81351825143,35825.879163317426,0.0,0.0,ITY113_1804
709,8970.264,50.904676591882016,5.638630268881534,29429,237.22832900719965,12.700000000000001,0.7020180851630295,56875.11215728439,35855.68117757974,0.0,0.0,ITY113_1804
710,8982.964,50.90269998711298,5.639903397197902,29471,237.22832900719965,12.700000000000001,0.7026936296275337,56874.41013919923,35886.3195198532,0.0,0.0,ITY113_1804
711,8995.664,50.90072336849357,5.641176417399394,29513,237.22832900719965,12.700000000000001,0.703371226651148,56873.707445569606,35917.051716850554,0.0,0.0,ITY113_1804
712,9008.364,50.898746736025906,5.6424493295019555,29554,237.22832900719965,12.700000000000001,0.7040343049266036,56873.004074342956,35947.126263325445,0.0,0.0,ITY113_1804
713,9021.064,50.89677008971212,5.643722133521526,29596,237.22832900719965,12.700000000000001,0.7047159669809977,56872.30004003803,35978.04439433754,0.0,0.0,ITY113_1804
714,9033.764,50.89479342955433,5.64499482947404,29638,237.22832900719965,12.700000000000001,0.7053996910402727,56871.59532407105,36009.05687104979,0.0,0.0,ITY113_1804
715,9046.464,50.89281675555467,5.646267417375431,29680,237.22832900719965,12.700000000000001,0.7060854802862113,56870.88992438001,36040.16385934889,0.0,0.0,ITY113_1804
716,9059.164,50.89084006771525,5.647539897241627,29721,237.22832900719965,12.700000000000001,0.7067565642966076,56870.18383889973,36070.604742756565,0.0,0.0,ITY113_1804
717,9071.864,50.88886336603821,5.648812269088552,29763,237.22832900719965,12.700000000000001,0.7074464435677716,56869.477082335434,36101.898968191024,0.0,0.0,ITY113_1804
718,9084.564,50.88688665052566,5.650084532932126,29805,237.22832900719965,12.700000000000001,0.7081383975170317,56868.76963589187,36133.28820158156,0.0,0.0,ITY113_1804
719,9097.264,50.884909921179734,5.6513566887882645,29846,237.22832900719965,12.700000000000001,0.70881550587036,56868.06149749435,36164.0049642089,0.0,0.0,ITY113_1804
720,9109.964,50.882933178002546,5.652628736672881,29888,237.22832900719965,12.700000000000001,0.7095115686307947,56867.35268198848,36195.58241945956,0.0,0.0,ITY113_1804
721,9122.664,50.88095642099622,5.653900676601883,29930,237.22832900719965,12.700000000000001,0.7102097155940867,56866.64317041985,36227.25538311216,0.0,0.0,ITY113_1804
722,9135.364,50.878979650162876,5.655172508591175,29971,237.22832900719965,12.700000000000001,0.7108928759319793,56865.93296070425,36258.24947738734,0.0,0.0,ITY113_1804
723,9148.064,50.87700286550463,5.656444232656656,30013,237.22832900719965,12.700000000000001,0.711595150557486,56865.22206782832,36290.1116557127,0.0,0.0,ITY113_1804
724,9160.764,50.875026067023605,5.657715848814224,30054,237.22832900719965,12.700000000000001,0.7122823445470754,56864.510472677764,36321.29069795505,0.0,0.0,ITY113_1804
725,9173.464,50.87304925472191,5.658987357079769,30096,237.22832900719965,12.700000000000001,0.712988759386564,56863.79819033322,36353.34275465068,0.0,0.0,ITY113_1804
726,9186.164,50.87107242860168,5.66025875746918,30138,237.22832900719965,12.700000000000001,0.7136972743496433,56863.085201573835,36385.49116160337,0.0,0.0,ITY113_1804
727,9198.864,50.86909558866501,5.661530049998339,30179,237.22832900719965,12.700000000000001,0.7143905665267025,56862.37150429949,36416.94997877314,0.0,0.0,ITY113_1804
728,9211.564,50.86711873491404,5.662801234683126,30221,237.22832900719965,12.700000000000001,0.7151032406597044,56861.65711373296,36449.28927051947,0.0,0.0,ITY113_1804
729,9224.264,50.86514186735086,5.664072311539418,30263,237.22832900719965,12.700000000000001,0.7158180245260639,56860.9420104923,36481.725423998614,0.0,0.0,ITY113_1804
730,9236.964,50.8631649859776,5.665343280583085,30305,237.22832900719965,12.700000000000001,0.7165349213618031,56860.22619246777,36514.258612024976,0.0,0.0,ITY113_1804
731,9249.664,50.86118809079637,5.666614141829993,30346,237.22832900719965,12.700000000000001,0.7172364044363402,56859.50965754641,36546.093535646614,0.0,0.0,ITY113_1804
732,9262.364,50.85921118180928,5.667884895296006,30388,237.22832900719965,12.700000000000001,0.7179574858624143,56858.792421141974,36578.81896600196,0.0,0.0,ITY113_1804
733,9275.064,50.85723425901845,5.669155540996982,30430,237.22832900719965,12.700000000000001,0.7186806899080691,56858.074463656114,36611.641948006574,0.0,0.0,ITY113_1804
734,9287.764,50.85525732242598,5.6704260789487755,30471,237.22832900719965,12.700000000000001,0.7193883364539733,56857.35578296621,36643.760133281845,0.0,0.0,ITY113_1804
735,9300.464,50.853280372033986,5.671696509167235,30513,237.22832900719965,12.700000000000001,0.720115744185533,56856.63639462976,36676.776383473916,0.0,0.0,ITY113_1804
736,9313.164,50.85130340784458,5.672966831668207,30555,237.22832900719965,12.700000000000001,0.7208452842161219,56855.91627888557,36709.89070667051,0.0,0.0,ITY113_1804
737,9325.864,50.84932642985987,5.674237046467532,30596,237.22832900719965,12.700000000000001,0.7215591223230913,56855.19543360135,36742.2936666886,0.0,0.0,ITY113_1804
738,9338.564,50.84734943808196,5.675507153581046,30638,237.22832900719965,12.700000000000001,0.7222928851920365,56854.47387447903,36775.60229236956,0.0,0.0,ITY113_1804
739,9351.264,50.84537243251297,5.676777153024583,30679,237.22832900719965,12.700000000000001,0.7230108498642323,56853.75158159384,36808.195175963294,0.0,0.0,ITY113_1804
740,9363.964,50.84339541315499,5.67804704481397,30721,237.22832900719965,12.700000000000001,0.7237488483187555,56853.028570743976,36841.69879556553,0.0,0.0,ITY113_1804
741,9376.664,50.841418380010126,5.67931682896503,30763,237.22832900719965,12.700000000000001,0.7244889952409916,56852.30482189566,36875.3013652161,0.0,0.0,ITY113_1804
742,9389.364,50.839441333080494,5.680586505493582,30804,237.22832900719965,12.700000000000001,0.7252131983952774,56851.58033290042,36908.18156891857,0.0,0.0,ITY113_1804
743,9402.064,50.837464272368194,5.681856074415441,30846,237.22832900719965,12.700000000000001,0.725957600146125,56850.85511970202,36941.98018098907,0.0,0.0,ITY113_1804
744,9414.764,50.835487197875324,5.683125535746416,30888,237.22832900719965,12.700000000000001,0.7267041601175352,56850.129162101875,36975.87827597211,0.0,0.0,ITY113_1804
745,9427.464,50.83351010960399,5.684394889502312,30930,237.22832900719965,12.700000000000001,0.7274528815925747,56849.40245794176,37009.87603391041,0.0,0.0,ITY113_1804
746,9440.164,50.831533007556295,5.68566413569893,30971,237.22832900719965,12.700000000000001,0.7281854637290448,56848.67500506017,37043.14252172675,0.0,0.0,ITY113_1804
747,9452.864,50.82955589173434,5.686933274352066,31013,237.22832900719965,12.700000000000001,0.7289384658225413,56847.946819596444,37077.33773639654,0.0,0.0,ITY113_1804
748,9465.564,50.82757876214022,5.688202305477511,31055,237.22832900719965,12.700000000000001,0.7296936392067115,56847.21788113062,37111.633152756986,0.0,0.0,ITY113_1804
749,9478.264,50.82560161877604,5.689471229091052,31096,237.22832900719965,12.700000000000001,0.7304325260559383,56846.48818749141,37145.19059318838,0.0,0.0,ITY113_1804
750,9490.964,50.823624461643895,5.69074004520847,31138,237.22832900719965,12.700000000000001,0.7311919994196658,56845.75775496536,37179.684535060005,0.0,0.0,ITY113_1804
751,9503.664,50.82164729074588,5.692008753845542,31180,237.22832900719965,12.700000000000001,0.7319536538854983,56845.02656296594,37214.27922179641,0.0,0.0,ITY113_1804
752,9516.364,50.8196701060841,5.69327735501804,31221,237.22832900719965,12.700000000000001,0.732698873919259,56844.294609312055,37248.12919122983,0.0,0.0,ITY113_1804
753,9529.064,50.817692907660636,5.694545848741732,31263,237.22832900719965,12.700000000000001,0.7334648477728578,56843.56191043813,37282.923481063604,0.0,0.0,ITY113_1804
754,9541.764,50.81571569547759,5.695814235032379,31304,237.22832900719965,12.700000000000001,0.7342142886067486,56842.82844559036,37316.96855774189,0.0,0.0,ITY113_1804
755,9554.464,50.81373846953706,5.697082513905739,31346,237.22832900719965,12.700000000000001,0.7349845947595897,56842.09423130176,37351.963171057454,0.0,0.0,ITY113_1804
756,9567.164,50.811761229841125,5.698350685377566,31388,237.22832900719965,12.700000000000001,0.7357570983916017,56841.359246707,37387.05944300324,0.0,0.0,ITY113_1804
757,9579.864,50.809783976391884,5.699618749463605,31429,237.22832900719965,12.700000000000001,0.7365129199341762,56840.6234896086,37421.399700580565,0.0,0.0,ITY113_1804
758,9592.564,50.80780670919143,5.7008867061796,31471,237.22832900719965,12.700000000000001,0.7372897753472041,56839.88697668867,37456.697388416505,0.0,0.0,ITY113_1804
759,9605.264,50.80582942824185,5.702154555541287,31513,237.22832900719965,12.700000000000001,0.738068838110447,56839.149686913326,37492.09729006861,0.0,0.0,ITY113_1804
760,9617.964,50.803852133545234,5.703422297564398,31555,237.22832900719965,12.700000000000001,0.7388501115454551,56838.41161807522,37527.59959312344,0.0,0.0,ITY113_1804
761,9630.664,50.80187482510367,5.70468993226466,31596,237.22832900719965,12.700000000000001,0.7396145026229402,56837.672767963675,37562.33673837972,0.0,0.0,ITY113_1804
762,9643.364,50.79989750291924,5.705957459657795,31638,237.22832900719965,12.700000000000001,0.7404001539310197,56836.933153461054,37598.04193089163,0.0,0.0,ITY113_1804
763,9656.064,50.797920166994025,5.7072248797595195,31680,237.22832900719965,12.700000000000001,0.7411880258087091,56836.19275330712,37633.85008612064,0.0,0.0,ITY113_1804
764,9668.764,50.79594281733012,5.708492192585544,31721,237.22832900719965,12.700000000000001,0.7419588645994311,56835.45156528131,37668.886196925305,0.0,0.0,ITY113_1804
765,9681.464,50.79396545392961,5.709759398151573,31763,237.22832900719965,12.700000000000001,0.7427511339244837,56834.70960641671,37704.898355189136,0.0,0.0,ITY113_1804
766,9694.164,50.79198807679457,5.711026496473308,31805,237.22832900719965,12.700000000000001,0.7435456337356225,56833.966855282786,37741.014042117764,0.0,0.0,ITY113_1804
767,9706.864,50.79001068592708,5.712293487566443,31846,237.22832900719965,12.700000000000001,0.7443229490151666,56833.22330964905,37776.35076092416,0.0,0.0,ITY113_1804
768,9719.564,50.78803328132922,5.7135603714466665,31888,237.22832900719965,12.700000000000001,0.7451218658835128,56832.478986700036,37812.671573658394,0.0,0.0,ITY113_1804
769,9732.264,50.78605586300308,5.714827148129662,31929,237.22832900719965,12.700000000000001,0.7459034972694103,56831.733864834154,37848.20880052639,0.0,0.0,ITY113_1804
770,9744.964,50.78407843095072,5.716093817631107,31971,237.22832900719965,12.700000000000001,0.7467068442337541,56830.98796133688,37884.73548966687,0.0,0.0,ITY113_1804
771,9757.664,50.78210098517423,5.717360379966673,32013,237.22832900719965,12.700000000000001,0.7475124382227727,56830.24125449265,37921.36665956872,0.0,0.0,ITY113_1804
772,9770.364,50.780123525675684,5.718626835152025,32054,237.22832900719965,12.700000000000001,0.7483005940886125,56829.49374205442,37957.20725753375,0.0,0.0,ITY113_1804
773,9783.064,50.77814605245715,5.719893183202826,32096,237.22832900719965,12.700000000000001,0.7491106378369514,56828.745441460334,37994.04544208648,0.0,0.0,ITY113_1804
774,9795.764,50.776168565520706,5.721159424134728,32138,237.22832900719965,12.700000000000001,0.7499229385697777,56827.9963308225,38030.98868588825,0.0,0.0,ITY113_1804
775,9808.464,50.77419106486842,5.72242555796338,32180,237.22832900719965,12.700000000000001,0.7507374996370253,56827.246407883926,38068.03718440127,0.0,0.0,ITY113_1804
776,9821.164,50.772213550502364,5.723691584704423,32221,237.22832900719965,12.700000000000001,0.7515344175204735,56826.49567038429,38104.285718162006,0.0,0.0,ITY113_1804
777,9833.864,50.77023602242461,5.724957504373493,32263,237.22832900719965,12.700000000000001,0.7523534546619042,56825.74413596677,38141.54276675159,0.0,0.0,ITY113_1804
778,9846.564,50.76825848063722,5.7262233169862204,32305,237.22832900719965,12.700000000000001,0.7531747621156626,56824.99178251211,38178.90565493869,0.0,0.0,ITY113_1804
779,9859.264,50.76628092514227,5.727489022558228,32346,237.22832900719965,12.700000000000001,0.7539782720533306,56824.23860774999,38215.46150327135,0.0,0.0,ITY113_1804
780,9871.964,50.76430335594181,5.728754621105132,32388,237.22832900719965,12.700000000000001,0.7548040753070262,56823.484629477935,38253.03410188204,0.0,0.0,ITY113_1804
781,9884.664,50.76232577303792,5.730020112642543,32430,237.22832900719965,12.700000000000001,0.7556321588628216,56822.729825402625,38290.71312981439,0.0,0.0,ITY113_1804
782,9897.364,50.76034817643266,5.731285497186065,32471,237.22832900719965,12.700000000000001,0.7564422898418568,56821.97419324376,38327.57800414653,0.0,0.0,ITY113_1804
783,9910.064,50.758370566128086,5.732550774751296,32513,237.22832900719965,12.700000000000001,0.7572748889453147,56821.21775095392,38365.467912448585,0.0,0.0,ITY113_1804
784,9922.764,50.75639294212626,5.7338159453538236,32554,237.22832900719965,12.700000000000001,0.7580894321131408,56820.460476064975,38402.53892235,0.0,0.0,ITY113_1804
785,9935.464,50.75441530442924,5.7350810090092335,32596,237.22832900719965,12.700000000000001,0.7589265598868904,56819.70238663286,38440.64049317125,0.0,0.0,ITY113_1804
786,9948.164,50.75243765303908,5.736345965733101,32638,237.22832900719965,12.700000000000001,0.759765984607707,56818.94346007297,38478.84948543272,0.0,0.0,ITY113_1804
787,9960.864,50.75045998795784,5.737610815540995,32679,237.22832900719965,12.700000000000001,0.7605871971147815,56818.183694088366,38516.2324005299,0.0,0.0,ITY113_1804
788,9973.564,50.74848230918757,5.738875558448479,32721,237.22832900719965,12.700000000000001,0.7614311702835208,56817.42310689125,38554.65424141514,0.0,0.0,ITY113_1804
789,9986.264,50.746504616730334,5.740140194471107,32763,237.22832900719965,12.700000000000001,0.7622774504133341,56816.66167572096,38593.18410655967,0.0,0.0,ITY113_1804
790,9998.964,50.74452691058817,5.741404723624426,32805,237.22832900719965,12.700000000000001,0.763126040870671,56815.89939827055,38631.8221996495,0.0,0.0,ITY113_1804
791,10011.664,50.74254919076313,5.742669145923977,32846,237.22832900719965,12.700000000000001,0.7639562091745595,56815.13627222968,38669.62456279933,0.0,0.0,ITY113_1804
792,10024.364,50.74057145725726,5.743933461385292,32888,237.22832900719965,12.700000000000001,0.7648093745242635,56814.37231602051,38708.47710453277,0.0,0.0,ITY113_1804
793,10037.064,50.738593710072614,5.745197670023895,32930,237.22832900719965,12.700000000000001,0.765664860223394,56813.60750664599,38747.43848371304,0.0,0.0,ITY113_1804
794,10049.764,50.73661594921123,5.746461771855302,32971,237.22832900719965,12.700000000000001,0.766501765770836,56812.84184178577,38785.556861379635,0.0,0.0,ITY113_1804
795,10062.464,50.73463817467515,5.747725766895023,33013,237.22832900719965,12.700000000000001,0.7673618461671636,56812.07534002,38824.73389839098,0.0,0.0,ITY113_1804
796,10075.164,50.732660386466414,5.7489896551585575,33055,237.22832900719965,12.700000000000001,0.7682242569387725,56811.30797817383,38864.02038740344,0.0,0.0,ITY113_1804
797,10087.864,50.730682584587065,5.7502534366613975,33096,237.22832900719965,12.700000000000001,0.7690679288203743,56810.53975391689,38902.456563044034,0.0,0.0,ITY113_1804
798,10100.564,50.72870476903914,5.751517111419027,33138,237.22832900719965,12.700000000000001,0.7699349541001039,56809.77068598807,38941.95992910088,0.0,0.0,ITY113_1804
799,10113.264,50.72672693982467,5.75278067944692,33179,237.22832900719965,12.700000000000001,0.7707831346828871,56809.00075103397,38980.608104535815,0.0,0.0,ITY113_1804
800,10125.964,50.72474909694569,5.754044140760542,33221,237.22832900719965,12.700000000000001,0.7716547876263218,56808.229967899286,39020.32916273568,0.0,0.0,ITY113_1804
801,10138.664,50.722771240404235,5.755307495375352,33263,237.22832900719965,12.700000000000001,0.7725287876318445,56807.45831311166,39060.16070685407,0.0,0.0,ITY113_1804
802,10151.364,50.72079337020233,5.756570743306796,33305,237.22832900719965,12.700000000000001,0.7734051380692393,56806.68578432403,39100.102947418694,0.0,0.0,ITY113_1804
803,10164.064,50.718815486342,5.757833884570314,33346,237.22832900719965,12.700000000000001,0.7742624299112617,56805.91237918596,39139.180128689986,0.0,0.0,ITY113_1804
804,10176.764,50.71683758882528,5.759096919181334,33388,237.22832900719965,12.700000000000001,0.7751434344828887,56805.13811675605,39179.341715155744,0.0,0.0,ITY113_1804
805,10189.464,50.71485967765418,5.760359847155276,33430,237.22832900719965,12.700000000000001,0.7760267995134937,56804.362973321564,39219.61462804834,0.0,0.0,ITY113_1804
806,10202.164,50.71288175283073,5.761622668507549,33471,237.22832900719965,12.700000000000001,0.7768909449776542,56803.58694652205,39259.015046902736,0.0,0.0,ITY113_1804
807,10214.864,50.710903814356946,5.762885383253552,33513,237.22832900719965,12.700000000000001,0.7777789839504041,56802.81005557707,39299.508555518354,0.0,0.0,ITY113_1804
808,10227.564,50.70892586223484,5.7641479914086755,33555,237.22832900719965,12.700000000000001,0.7786693934059334,56802.03227659312,39340.11402577417,0.0,0.0,ITY113_1804
809,10240.264,50.70694789646643,5.765410492988296,33596,237.22832900719965,12.700000000000001,0.7795404215757831,56801.25360719972,39379.83952559724,0.0,0.0,ITY113_1804
810,10252.964,50.704969917053724,5.766672888007781,33638,237.22832900719965,12.700000000000001,0.7804355247729078,56800.474066778144,39420.666851780945,0.0,0.0,ITY113_1804
811,10265.664,50.70299192399874,5.767935176482488,33680,237.22832900719965,12.700000000000001,0.7813330084713559,56799.69363125337,39461.60678009702,0.0,0.0,ITY113_1804
812,10278.364,50.70101391730347,5.7691973584277605,33721,237.22832900719965,12.700000000000001,0.7822109484149016,56798.912298244904,39501.659219587265,0.0,0.0,ITY113_1804
813,10291.064,50.699035896969924,5.770459433858933,33763,237.22832900719965,12.700000000000001,0.7831131456420157,56798.13008729649,39542.82227451056,0.0,0.0,ITY113_1804
814,10303.764,50.697057863000104,5.771721402791325,33804,237.22832900719965,12.700000000000001,0.7839956908248928,56797.34697415085,39583.09282527611,0.0,0.0,ITY113_1804
815,10316.464,50.69507981539601,5.7729832652402475,33846,237.22832900719965,12.700000000000001,0.7849026147099514,56796.562978460024,39624.479856326645,0.0,0.0,ITY113_1804
816,10329.164,50.69310175415963,5.774245021220997,33888,237.22832900719965,12.700000000000001,0.7858119357498043,56795.778075845315,39665.980567093546,0.0,0.0,ITY113_1804
817,10341.864,50.69112367929296,5.7755066707488565,33930,237.22832900719965,12.700000000000001,0.7867236573041929,56794.99226390957,39707.59517700081,0.0,0.0,ITY113_1804
818,10354.564,50.68914559079799,5.776768213839096,33971,237.22832900719965,12.700000000000001,0.7876155079083955,56794.20554025226,39748.307133889095,0.0,0.0,ITY113_1804
819,10367.264,50.68716748867671,5.778029650506974,34013,237.22832900719965,12.700000000000001,0.7885319825121904,56793.41792474435,39790.14744355654,0.0,0.0,ITY113_1804
820,10379.964,50.68518937293109,5.7792909807677315,34055,237.22832900719965,12.700000000000001,0.7894508676209788,56792.62939276184,39832.10230897454,0.0,0.0,ITY113_1804
821,10392.664,50.68321124356312,5.7805522046365985,34096,237.22832900719965,12.700000000000001,0.7903497170503377,56791.83994189422,39873.14687486151,0.0,0.0,ITY113_1804
822,10405.364,50.68123310057477,5.781813322128789,34138,237.22832900719965,12.700000000000001,0.791273374933771,56791.04959217717,39915.32874270104,0.0,0.0,ITY113_1804
823,10418.064,50.67925494396802,5.783074333259501,34180,237.22832900719965,12.700000000000001,0.7921994532989873,56790.25831880224,39957.62582836943,0.0,0.0,ITY113_1804
824,10430.764,50.67727677374483,5.7843352380439175,34221,237.22832900719965,12.700000000000001,0.7931053304991378,56789.46611934894,39999.004924570065,0.0,0.0,ITY113_1804
825,10443.464,50.675298589907165,5.785596036497206,34263,237.22832900719965,12.700000000000001,0.7940362013349871,56788.67301401844,40041.53032617133,0.0,0.0,ITY113_1804
826,10456.164,50.67332039245699,5.786856728634517,34305,237.22832900719965,12.700000000000001,0.7949695026134753,56787.878977817105,40084.17161319632,0.0,0.0,ITY113_1804
827,10468.864,50.67134218139626,5.788117314470984,34346,237.22832900719965,12.700000000000001,0.7958824364835091,56787.084008314494,40125.88717702787,0.0,0.0,ITY113_1804
828,10481.564,50.66936395672693,5.789377794021722,34388,237.22832900719965,12.700000000000001,0.7968205498948404,56786.28812587801,40168.75810444349,0.0,0.0,ITY113_1804
829,10494.264,50.66738571845095,5.790638167301828,34429,237.22832900719965,12.700000000000001,0.7977381850984826,56785.49130532811,40210.698149368116,0.0,0.0,ITY113_1804
830,10506.964,50.66540746657026,5.791898434326381,34471,237.22832900719965,12.700000000000001,0.7986811236769151,56784.69356714301,40253.79960266408,0.0,0.0,ITY113_1804
831,10519.664,50.66342920108679,5.793158595110439,34513,237.22832900719965,12.700000000000001,0.7996265092309585,56783.894886019334,40297.0180645987,0.0,0.0,ITY113_1804
832,10532.364,50.661450922002494,5.794418649669042,34555,237.22832900719965,12.700000000000001,0.8005743450921887,56783.095259510104,40340.353763893065,0.0,0.0,ITY113_1804
833,10545.064,50.65947262931928,5.795678598017208,34596,237.22832900719965,12.700000000000001,0.8015014787799497,56782.29468516501,40382.748139700925,0.0,0.0,ITY113_1804
834,10557.764,50.65749432303909,5.7969384401699315,34638,237.22832900719965,12.700000000000001,0.8024541659783158,56781.49318368623,40426.316161530674,0.0,0.0,ITY113_1804
835,10570.464,50.65551600316383,5.798198176142187,34680,237.22832900719965,12.700000000000001,0.8034093133826996,56780.690729520255,40470.00210516072,0.0,0.0,ITY113_1804
836,10583.164,50.653537669695424,5.799457805948926,34721,237.22832900719965,12.700000000000001,0.8043435900898022,56779.88732020687,40512.738857992874,0.0,0.0,ITY113_1804
837,10595.864,50.65155932263577,5.800717329605073,34763,237.22832900719965,12.700000000000001,0.8053036083636758,56779.08297661678,40556.65848204289,0.0,0.0,ITY113_1804
838,10608.564,50.64958096198677,5.80197674712553,34805,237.22832900719965,12.700000000000001,0.8062660967167519,56778.277673008415,40600.69671804935,0.0,0.0,ITY113_1804
839,10621.264,50.64760258775032,5.803236058525172,34846,237.22832900719965,12.700000000000001,0.8072075450865654,56777.471406911696,40643.777850667415,0.0,0.0,ITY113_1804
840,10633.964,50.64562419992831,5.804495263818847,34888,237.22832900719965,12.700000000000001,0.8081749237882336,56776.66419936661,40688.051136319904,0.0,0.0,ITY113_1804
841,10646.664,50.64364579852261,5.805754363021374,34930,237.22832900719965,12.700000000000001,0.8091447824140383,56775.85602444282,40732.443729851715,0.0,0.0,ITY113_1804
842,10659.364,50.64166738353511,5.807013356147543,34971,237.22832900719965,12.700000000000001,0.810093431007606,56775.04687966041,40775.871261744716,0.0,0.0,ITY113_1804
843,10668.0,50.63968895496767,5.808272243212113,35000,237.22832900719965,11.176000000000002,0.8099877855111601,56774.236786229405,40806.371049615576,0.0,0.0,ITY113_1804
844,10668.0,50.63771051282214,5.809531024229812,35000,237.22832900719965,9.652000000000001,0.8091943753215831,56773.42679844389,40805.38858517382,0.0,0.0,ITY113_1804
845,10668.0,50.63573205710038,5.8107896992153325,35000,237.22832900719965,8.128,0.8084009166951758,56772.61760406857,40804.40682121501,0.0,0.0,ITY113_1804
846,10668.0,50.63375358780422,5.812048268183333,35000,237.22832900719965,6.604,0.8076074100631323,56771.809203151875,40803.425757780584,0.0,0.0,ITY113_1804
847,10668.0,50.631775104935514,5.813306731148435,35000,237.22832900719965,5.08,0.8068138558567532,56771.001595741815,40802.445394911505,0.0,0.0,ITY113_1804
848,10668.0,50.629796608496065,5.814565088125221,35000,237.22832900719965,3.556,0.8060202545074411,56770.194781885955,40801.46573264809,0.0,0.0,ITY113_1804
849,10668.0,50.627818098487694,5.815823339128234,35000,237.22832900719965,2.032,0.8052266064467102,56769.388761631446,40800.48677103026,0.0,0.0,ITY113_1804
850,10668.0,50.6258395749122,5.817081484171974,35000,237.22832900719965,0.508,0.8044329121061822,56768.583535025,40799.50851009735,0.0,0.0,ITY113_1804
851,10668.0,50.62386103777137,5.818339523270896,35000,237.22832900719965,0.0,0.8041540922180426,56767.779102112894,40798.53101157719,0.0,0.0,ITY113_1804
852,10668.0,50.62188248706699,5.819597456439409,35000,237.22832900719965,0.0,0.8041327289658033,56766.974948020674,40797.55385028953,0.0,0.0,ITY113_1804
853,10668.0,50.61990392280083,5.820855283691872,35000,237.22832900719965,0.0,0.8041113665236692,56766.170815291705,40796.57672880292,0.0,0.0,ITY113_1804
854,10668.0,50.61792534497464,5.822113005042591,35000,237.22832900719965,0.0,0.8040900048916118,56765.36670392518,40795.59964711531,0.0,0.0,ITY113_1804
855,10668.0,50.61594675359015,5.82337062050582,35000,237.22832900719965,0.0,0.804068644069601,56764.56261392029,40794.622605224606,0.0,0.0,ITY113_1804
856,10668.0,50.6139681486491,5.824628130095751,35000,237.22832900719965,0.0,0.804047284057607,56763.758545276214,40793.64560312871,0.0,0.0,ITY113_1804
857,10668.0,50.611989530153195,5.825885533826516,35000,237.22832900719965,0.0,0.8040259248556012,56762.954497992156,40792.66864082558,0.0,0.0,ITY113_1804
858,10668.0,50.61001089810413,5.827142831712182,35000,237.22832900719965,0.0,0.8040045664635522,56762.1504720673,40791.69171831305,0.0,0.0,ITY113_1804
859,10668.0,50.608032252503584,5.828400023766747,35000,237.22832900719965,0.0,0.8039832088814318,56761.346467500836,40790.71483558911,0.0,0.0,ITY113_1804
860,10668.0,50.60605359335321,5.829657110004135,35000,237.22832900719965,0.0,0.8039618521092096,56760.54248429195,40789.737992651644,0.0,0.0,ITY113_1804
861,10668.0,50.60407492065465,5.830914090438191,35000,237.22832900719965,0.0,0.8039404961468557,56759.738522439846,40788.761189498546,0.0,0.0,ITY113_1804
862,10668.0,50.602096234409515,5.832170965082677,35000,237.22832900719965,0.0,0.8039191409943407,56758.9345819437,40787.78442612773,0.0,0.0,ITY113_1804
863,10668.0,50.60011753461941,5.833427733951267,35000,237.22832900719965,0.0,0.8038977866516352,56758.13066280271,40786.80770253715,0.0,0.0,ITY113_1804
864,10668.0,50.59813882128589,5.834684397057538,35000,237.22832900719965,0.0,0.8038764331187096,56757.326765016056,40785.831018724704,0.0,0.0,ITY113_1804
865,10668.0,50.59616009441052,5.835940954414966,35000,237.22832900719965,0.0,0.8038550803955335,56756.522888582935,40784.854374688264,0.0,0.0,ITY113_1804
866,10668.0,50.594181353994806,5.837197406036915,35000,237.22832900719965,0.0,0.8038337284820773,56755.71903350254,40783.87777042579,0.0,0.0,ITY113_1804
867,10668.0,50.59220260004023,5.838453751936634,35000,237.22832900719965,0.0,0.8038123773783126,56754.915199774056,40782.90120593519,0.0,0.0,ITY113_1804
868,10668.0,50.590223832548254,5.839709992127245,35000,237.22832900719965,0.0,0.8037910270842079,56754.111387396675,40781.92468121436,0.0,0.0,ITY113_1804
869,10668.0,50.588245051520296,5.840966126621732,35000,237.22832900719965,0.0,0.8037696775997347,56753.30759636959,40780.94819626122,0.0,0.0,ITY113_1804
870,10668.0,50.58626625695774,5.842222155432929,35000,237.22832900719965,0.0,0.803748328924863,56752.50382669199,40779.9717510737,0.0,0.0,ITY113_1804
871,10668.0,50.584287448861936,5.843478078573512,35000,237.22832900719965,0.0,0.8037269810595635,56751.700078363065,40778.9953456497,0.0,0.0,ITY113_1804
872,10668.0,50.58230862723417,5.844733896055982,35000,237.22832900719965,0.0,0.803705634003806,56750.896351382005,40778.01897998715,0.0,0.0,ITY113_1804
873,10668.0,50.580329792075695,5.845989607892648,35000,237.22832900719965,0.0,0.8036842877575607,56750.092645748,40777.04265408394,0.0,0.0,ITY113_1804
874,10668.0,50.578350943387704,5.8472452140956115,35000,237.22832900719965,0.0,0.8036629423207982,56749.288961460246,40776.06636793799,0.0,0.0,ITY113_1804
875,10668.0,50.57637208117134,5.848500714676748,35000,237.22832900719965,0.0,0.803641597693489,56748.485298517924,40775.09012154724,0.0,0.0,ITY113_1804
876,10668.0,50.57439320542768,5.849756109647678,35000,237.22832900719965,0.0,0.8036202538756028,56747.68165692023,40774.11391490956,0.0,0.0,ITY113_1804
877,10668.0,50.572414316157726,5.85101139901975,35000,237.22832900719965,0.0,0.8035989108671111,56746.87803666635,40773.137748022935,0.0,0.0,ITY113_1804
878,10668.0,50.5704354133624,5.852266582804005,35000,237.22832900719965,0.0,0.8035775686679831,56746.07443775548,40772.161620885214,0.0,0.0,ITY113_1804
879,10668.0,50.56845649704254,5.853521661011144,35000,237.22832900719965,0.0,0.8035562272781895,56745.270860186814,40771.185533494325,0.0,0.0,ITY113_1804
880,10668.0,50.566477567198895,5.854776633651491,35000,237.22832900719965,0.0,0.8035348866977006,56744.46730395954,40770.20948584821,0.0,0.0,ITY113_1804
881,10668.0,50.5644986238321,5.856031500734943,35000,237.22832900719965,0.0,0.8035135469264865,56743.66376907284,40769.23347794477,0.0,0.0,ITY113_1804
882,10668.0,50.56251966694267,5.857286262270924,35000,237.22832900719965,0.0,0.8034922079645181,56742.86025552591,40768.25750978193,0.0,0.0,ITY113_1804
883,10668.0,50.56054069653098,5.858540918268318,35000,237.22832900719965,0.0,0.8034708698117654,56742.056763317945,40767.28158135759,0.0,0.0,ITY113_1804
884,10668.0,50.558561712597246,5.859795468735395,35000,237.22832900719965,0.0,0.8034495324681987,56741.253292448135,40766.30569266967,0.0,0.0,ITY113_1804
885,10668.0,50.55658271514151,5.861049913679728,35000,237.22832900719965,0.0,0.8034281959337883,56740.44984291567,40765.3298437161,0.0,0.0,ITY113_1804
886,10668.0,50.55460370416361,5.862304253108084,35000,237.22832900719965,0.0,0.8034068602085047,56739.64641471973,40764.35403449478,0.0,0.0,ITY113_1804
887,10668.0,50.55262467966315,5.863558487026298,35000,237.22832900719965,0.0,0.8033855252923174,56738.84300785953,40763.37826500362,0.0,0.0,ITY113_1804
888,10668.0,50.550645641639434,5.864812615439117,35000,237.22832900719965,0.0,0.8033641911851979,56738.03962233423,40762.402535240566,0.0,0.0,ITY113_1804
889,10668.0,50.54866659009147,5.866066638350008,35000,237.22832900719965,0.0,0.8033428578871156,56737.23625814305,40761.4268452035,0.0,0.0,ITY113_1804
890,10668.0,50.54668752501785,5.8673205557609185,35000,237.22832900719965,0.0,0.8033215253980419,56736.432915285164,40760.45119489038,0.0,0.0,ITY113_1804
891,10668.0,50.54470844641672,5.868574367671967,35000,237.22832900719965,0.0,0.8033001937179458,56735.62959375977,40759.47558429909,0.0,0.0,ITY113_1804
892,10668.0,50.54272935428565,5.8698280740810524,35000,237.22832900719965,0.0,0.8032788628467986,56734.82629356605,40758.50001342756,0.0,0.0,ITY113_1804
893,10668.0,50.5407502486215,5.871081674983337,35000,237.22832900719965,0.0,0.8032575327845701,56734.023014703205,40757.5244822737,0.0,0.0,ITY113_1804
894,10668.0,50.53877112942027,5.872335170370559,35000,237.22832900719965,0.0,0.8032362035312308,56733.219757170424,40756.54899083543,0.0,0.0,ITY113_1804
895,10668.0,50.53679199667683,5.873588560230091,35000,237.22832900719965,0.0,0.8032148750867509,56732.41652096689,40755.57353911067,0.0,0.0,ITY113_1804
896,10668.0,50.53481285038462,5.874841844543615,35000,237.22832900719965,0.0,0.8031935474511012,56731.61330609181,40754.598127097335,0.0,0.0,ITY113_1804
897,10668.0,50.5328336905351,5.876095023285212,35000,237.22832900719965,0.0,0.8031722206242509,56730.81011254436,40753.62275479334,0.0,0.0,ITY113_1804
898,10668.0,50.53085451711708,5.877348096418478,35000,237.22832900719965,0.0,0.8031508946061714,56730.006940323736,40752.6474221966,0.0,0.0,ITY113_1804
899,10668.0,50.5288753301155,5.878601063891963,35000,237.22832900719965,0.0,0.8031295693968328,56729.20378942913,40751.67212930505,0.0,0.0,ITY113_1804
900,10668.0,50.52689612950951,5.879853925631538,35000,237.22832900719965,0.0,0.8031082449962053,56728.40065985973,40750.6968761166,0.0,0.0,ITY113_1804
901,10668.0,50.5249169152689,5.881106681526526,35000,237.22832900719965,0.0,0.8030869214042586,56727.59755161474,40749.72166262915,0.0,0.0,ITY113_1804
902,10668.0,50.52293768734696,5.882359331401632,35000,237.22832900719965,0.0,0.8030655986209645,56726.79446469333,40748.74648884066,0.0,0.0,ITY113_1804
903,10668.0,50.520958445663354,5.8836118749502475,35000,237.22832900719965,0.0,0.8030442766462917,56725.99139909471,40747.77135474899,0.0,0.0,ITY113_1804
904,10668.0,50.51897919005131,5.884864311527812,35000,237.22832900719965,0.0,0.8030229554802115,56725.18835481806,40746.79626035211,0.0,0.0,ITY113_1804
905,10668.0,50.5169999199715,5.8861166390333155,35000,237.22832900719965,0.0,0.8030016351226938,56724.385331862584,40745.82120564792,0.0,0.0,ITY113_1804
