fid,ts,h,latitude,longitude,altitude,tas,vertical_rate,fuel,mass,thrust,grid_cost_position,grid_cost
VLG12BR_219,0,1.524,52.31419332775843,4.779268643716739,5,229.49979982624342,1.524,0.7222443547568977,71212.99576300917,37022.43665799312,0.08726411179883538,0.08726411179883538
VLG12BR_219,1,4.572,52.31216137321042,4.778877810768457,15,227.49979982624342,3.048,0.7229669271166836,71212.27351865442,37008.62074932021,0.08677112947256672,0.08677112947256672
VLG12BR_219,2,9.144,52.3101428936081,4.778557311615036,30,225.49979982624342,4.572,0.7239672046553671,71211.5505517273,37006.58642773104,0.08627564704459297,0.08627564704459297
VLG12BR_219,3,15.24,52.30813876164034,4.778306678913042,50,223.49979982624342,6.096,0.7252589751574927,71210.82658452264,37016.939661683675,0.08577717905387515,0.08577717905387515
VLG12BR_219,4,22.86,52.306149851871396,4.778125411966494,75,221.49979982624342,7.62,0.7268565114694467,71210.10132554748,37040.30857550831,0.08527525984740875,0.08527525984740875
VLG12BR_219,5,32.004,52.30415458731536,4.778010929987316,104,221.99979982624342,9.144,0.727754162853985,71209.37446903602,37034.24704047847,0.08476436262343207,0.08476436262343207
VLG12BR_219,6,42.672,52.30215380939674,4.77796342681394,139,222.49979982624342,10.668,0.728663609318188,71208.64671487316,37028.93470805078,0.08424409143806733,0.08424409143806733
VLG12BR_219,7,54.864,52.30014835998219,4.77798306752949,179,222.99979982624342,12.192,0.7295825007731771,71207.91805126384,37024.26356392755,0.0837140540080832,0.0837140540080832
VLG12BR_219,8,67.564,52.298139081019634,4.778069988591719,221,223.49979982624342,12.700000000000001,0.7298169538830788,71207.18846876307,37020.07913096716,0.08318073671792882,0.08318073671792882
VLG12BR_219,9,80.264,52.2961268141815,4.778224297974165,263,223.99979982624342,12.700000000000001,0.729714342285436,71206.45865180918,37016.29844011343,0.08264726609538459,0.08264726609538459
VLG12BR_219,10,92.964,52.29411240051193,4.778446075318277,305,224.49979982624342,12.700000000000001,0.7296206166100878,71205.72893746689,37012.9173717498,0.08211335339125839,0.08211335339125839
VLG12BR_219,11,105.664,52.29209668007826,4.778735372096238,346,224.99979982624342,12.700000000000001,0.7295352102010293,71204.99931685028,37009.91021325603,0.08157871089148741,0.08157871089148741
VLG12BR_219,12,118.364,52.29008049162671,4.779092211784262,388,225.49979982624342,12.700000000000001,0.7294590821808322,71204.26978164008,37007.32053759495,0.08104305289142776,0.08104305289142776
VLG12BR_219,13,131.064,52.288064672242506,4.779516590046077,429,225.99979982624342,12.700000000000001,0.729391261921204,71203.54032255789,37005.104288986135,0.08050609666041958,0.08050609666041958
VLG12BR_219,14,143.764,52.286050057014414,4.780008474926383,471,226.49979982624342,12.700000000000001,0.7293324014953091,71202.81093129597,37003.291098065514,0.07996756339485295,0.07996756339485295
VLG12BR_219,15,156.464,52.28403747870385,4.78056780705399,513,226.99979982624342,12.700000000000001,0.7292820149959127,71202.08159889448,37001.858921079045,0.0794271791580468,0.0794271791580468
VLG12BR_219,16,169.164,52.282027767418576,4.781194499854417,554,227.49979982624342,12.700000000000001,0.7292399232383522,71201.35231687949,37000.799642853664,0.07888467580527544,0.07888467580527544
VLG12BR_219,17,181.864,52.280021750291105,4.781888439771676,596,227.99979982624342,12.700000000000001,0.7292063213963544,71200.62307695625,37000.122147786984,0.0783397918923483,0.0783397918923483
VLG12BR_219,18,194.564,52.27802025116189,4.78264948649901,638,228.49979982624342,12.700000000000001,0.7291809558157167,71199.89387063486,36999.814939956654,0.07779227356618353,0.07779227356618353
VLG12BR_219,19,207.264,52.2760181880621,4.7834384903601155,680,228.99979982624342,12.700000000000001,0.7291637488640772,71199.16468967903,36999.87451677958,0.07724056029787008,0.07724056029787008
VLG12BR_219,20,219.964,52.274011748367265,4.784229145395557,721,229.49979982624342,12.700000000000001,0.7291548271617023,71198.43552593017,37000.30665085035,0.07668367924534689,0.07668367924534689
VLG12BR_219,21,232.664,52.27200093204355,4.785021451147602,763,229.99979982624342,12.700000000000001,0.7291537825732926,71197.706371103,37001.092832672155,0.0761216179402035,0.0761216179402035
VLG12BR_219,22,245.364,52.26998573905705,4.785815407157553,805,230.49979982624342,12.700000000000001,0.72916066796254,71196.97721732043,37002.235486368496,0.07555436398007429,0.07555436398007429
VLG12BR_219,23,258.064,52.26796616937378,4.786611012965737,846,230.99979982624342,12.700000000000001,0.7291758373608404,71196.24805665246,37003.75071198478,0.07498190502895245,0.07498190502895245
VLG12BR_219,24,270.764,52.265942222959666,4.787408268111491,888,231.49979982624342,12.700000000000001,0.729198433766264,71195.5188808151,37005.599618634726,0.07440422881751221,0.07440422881751221
VLG12BR_219,25,283.464,52.26391389978056,4.788207172133158,930,231.99979982624342,12.700000000000001,0.729228737975657,71194.78968238134,37007.79498148595,0.07382132314342776,0.07382132314342776
VLG12BR_219,26,296.164,52.26188119980223,4.789007724568063,971,232.49979982624342,12.700000000000001,0.7292673296616545,71194.06045364335,37010.363147695556,0.07319734311284003,0.07319734311284003
VLG12BR_219,27,308.864,52.259844122990344,4.789809924952498,1013,232.99979982624342,12.700000000000001,0.7293129062736867,71193.33118631369,37013.24499526083,0.07255944070154348,0.07255944070154348
VLG12BR_219,28,321.564,52.25780266931049,4.790613772821699,1055,233.49979982624342,12.700000000000001,0.7293659747613497,71192.60187340742,37016.46356954466,0.07192256117124281,0.07192256117124281
VLG12BR_219,29,334.264,52.25575683872816,4.791419267709823,1096,233.99979982624342,12.700000000000001,0.7294273387087855,71191.87250743265,37020.055386445914,0.07128671104084437,0.07128671104084437
VLG12BR_219,30,346.964,52.25370663120873,4.792226409149912,1138,234.49979982624342,12.700000000000001,0.7294952532635601,71191.14308009394,37023.94123964222,0.07065189678770367,0.07065189678770367
VLG12BR_219,31,359.664,52.251652891657706,4.7930348640784,1180,234.90315703432435,12.700000000000001,0.7295456357641208,71190.41358484067,37026.87423783142,0.06997913309767292,0.06997913309767292
VLG12BR_219,32,372.364,52.249598047401165,4.7938436767257455,1221,235.02887845368525,12.700000000000001,0.7295284123822008,71189.6840392049,37026.29539306695,0.06927492608272687,0.06927492608272687
VLG12BR_219,33,385.064,52.24754209771855,4.79465284726088,1263,235.15468132246738,12.700000000000001,0.7295102021580022,71188.95451079252,37025.67164869252,0.06857438102979574,0.06857438102979574
VLG12BR_219,34,397.764,52.24548504188888,4.795462375852334,1305,235.28056568194992,12.700000000000001,0.7294920067955752,71188.22500059036,37025.04849168712,0.06787748540278254,0.06787748540278254
VLG12BR_219,35,410.464,52.243426879190714,4.796272262668147,1346,235.40653157338375,12.700000000000001,0.7294748144573342,71187.49550858357,37024.47079391273,0.06718422663734312,0.06718422663734312
VLG12BR_219,36,423.164,52.24136760890218,4.797082507875767,1388,235.53257903799442,12.700000000000001,0.7294566454744906,71186.7660337691,37023.84865973358,0.06649459214083751,0.06649459214083751
VLG12BR_219,37,435.864,52.239307230300895,4.797893111641911,1429,235.6587081169777,12.700000000000001,0.729439473213854,71186.03657712362,37023.2716985054,0.06580856929227542,0.06580856929227542
VLG12BR_219,38,448.564,52.237245742663994,4.798704074132383,1471,235.78491885150225,12.700000000000001,0.7294213309084834,71185.30713765041,37022.65060065567,0.0651261454422766,0.0651261454422766
VLG12BR_219,39,461.264,52.23518314526806,4.799515395511824,1513,235.91121128270603,12.700000000000001,0.7294032038600711,71184.5777163195,37022.03010808928,0.06444730791301256,0.06444730791301256
VLG12BR_219,40,473.964,52.23311943738908,4.800327075943369,1555,236.03758545170282,12.700000000000001,0.729385092151686,71183.84831311564,37021.410224572064,0.0637720439981584,0.0637720439981584
VLG12BR_219,41,486.664,52.23105461830237,4.801139115588149,1596,236.16404139957453,12.700000000000001,0.729367963776621,71183.11892802348,37020.83490580419,0.06310034096284388,0.06310034096284388
VLG12BR_219,42,499.364,52.2289886872825,4.80195151460455,1638,236.29057916737565,12.700000000000001,0.7293498793637181,71182.3895600597,37020.21608663136,0.062432186043602095,0.062432186043602095
VLG12BR_219,43,512.064,52.22692164360306,4.802764273147063,1679,236.41719879613123,12.700000000000001,0.7293327718955254,71181.66021018034,37019.64154199852,0.06176756644831168,0.06176756644831168
VLG12BR_219,44,524.764,52.224844249628795,4.803512011569658,1721,236.54390032683827,12.700000000000001,0.7293147150830197,71180.93087740845,37019.02380099212,0.06110747698799845,0.06110747698799845
VLG12BR_219,45,537.464,52.22275727585006,4.8041944216670345,1763,236.67068380046356,12.700000000000001,0.7292966740147806,71180.20156269337,37018.406687360075,0.06045175681074062,0.06045175681074062
VLG12BR_219,46,550.164,52.220661495913276,4.804811219820891,1804,236.79754925794646,12.700000000000001,0.7292795999035557,71179.47226601935,37017.83339457459,0.05980023981204889,0.05980023981204889
VLG12BR_219,47,562.864,52.21855768632745,4.805362147059672,1846,236.92449674019338,12.700000000000001,0.7292615869052246,71178.74298641944,37017.21738039282,0.05915275522845531,0.05915275522845531
VLG12BR_219,48,575.564,52.21644662617042,4.805846969108807,1888,237.05152628808528,12.700000000000001,0.7292435898989629,71178.01372483253,37016.60200481912,0.05850912823382305,0.05850912823382305
VLG12BR_219,49,588.264,52.214329096794955,4.80626547643148,1930,237.17863794247134,12.700000000000001,0.7292256089706501,71177.28448124263,37015.98727174681,0.05786918053730016,0.05786918053730016
VLG12BR_219,50,600.964,52.21220657360738,4.80661734749384,1971,237.22832900719965,12.700000000000001,0.7291907679350838,71176.55525563366,37014.486304028986,0.05723288905930105,0.05723288905930105
VLG12BR_219,51,613.664,52.2100802889138,4.8069023702286415,2013,237.22832900719965,12.700000000000001,0.7291445581510905,71175.82606486573,37012.3917669672,0.05660016933636629,0.05660016933636629
VLG12BR_219,52,626.364,52.207951032776464,4.807120445119482,2055,237.22832900719965,12.700000000000001,0.7290995843286026,71175.09692030758,37010.35335867021,0.05597083375915985,0.05597083375915985
VLG12BR_219,53,639.064,52.20581959636172,4.807271497549612,2096,237.22832900719965,12.700000000000001,0.7290566805253971,71174.36782072326,37008.40895174863,0.05534469425674862,0.05534469425674862
VLG12BR_219,54,651.764,52.20368677164605,4.807355477822514,2138,237.22832900719965,12.700000000000001,0.729014151911493,71173.63876404273,37006.48158644003,0.05472156288466591,0.05472156288466591
VLG12BR_219,55,664.464,52.20155335112177,4.807372361173202,2180,237.22832900719965,12.700000000000001,0.7289728622485703,71172.90974989082,37004.610484284516,0.05410125240776565,0.05410125240776565
VLG12BR_219,56,677.164,52.199420127502584,4.8073221477702495,2221,237.22832900719965,12.700000000000001,0.728933557101471,71172.18077702858,37002.829499366206,0.053483576876891835,0.053483576876891835
VLG12BR_219,57,689.864,52.19728789342905,4.80720486270854,2263,237.22832900719965,12.700000000000001,0.7288947185766419,71171.45184347148,37001.0697068756,0.0528683521983999,0.0528683521983999
VLG12BR_219,58,702.564,52.19515744117402,4.807020555992778,2304,237.22832900719965,12.700000000000001,0.7288578076867234,71170.72294875291,36999.39744782289,0.052255396695578056,0.052255396695578056
VLG12BR_219,59,715.264,52.19302956234828,4.806769302511756,2346,237.22832900719965,12.700000000000001,0.7288214242621693,71169.99409094523,36997.7491433311,0.05165716656543674,0.05165716656543674
VLG12BR_219,60,727.964,52.19090479403189,4.806455741104045,2388,237.22832900719965,12.700000000000001,0.7287862848141087,71169.26526952097,36996.15732818813,0.05106647355642265,0.05106647355642265
VLG12BR_219,61,740.664,52.18878002488435,4.806142209667477,2430,237.22832900719965,12.700000000000001,0.7287523903652582,71168.53648323615,36994.62204846827,0.050477064092352836,0.050477064092352836
VLG12BR_219,62,753.364,52.186655254905816,4.8058287081969056,2471,237.22832900719965,12.700000000000001,0.7287203088344469,71167.80773084579,36993.16909146555,0.04988894851464261,0.04988894851464261
VLG12BR_219,63,766.064,52.18453048409643,4.80551523668719,2513,237.22832900719965,12.700000000000001,0.7286888775201028,71167.07901053695,36991.74566168925,0.04930213716273406,0.04930213716273406
VLG12BR_219,64,778.764,52.18240571245633,4.805201795133189,2555,237.22832900719965,12.700000000000001,0.7286586942640698,71166.35032165943,36990.37890523349,0.04871664037409361,0.04871664037409361
VLG12BR_219,65,791.464,52.18028093998566,4.804888383529763,2596,237.22832900719965,12.700000000000001,0.7286302378286849,71165.62166296516,36989.09056095715,0.04813246848421254,0.04813246848421254
VLG12BR_219,66,804.164,52.17815616668456,4.804575001871772,2638,237.22832900719965,12.700000000000001,0.7286025237747489,71164.89303272733,36987.83592807817,0.04754963182661224,0.04754963182661224
VLG12BR_219,67,816.864,52.17603139255318,4.804261650154079,2680,237.22832900719965,12.700000000000001,0.7285760608617806,71164.16443020356,36986.63810760263,0.04696814073284006,0.04696814073284006
VLG12BR_219,68,829.564,52.173906617591655,4.803948328371549,2721,237.22832900719965,12.700000000000001,0.728551238471002,71163.43585414269,36985.51477981227,0.04638800553247146,0.04638800553247146
VLG12BR_219,69,842.264,52.17178184180013,4.803635036519045,2763,237.22832900719965,12.700000000000001,0.7285272508744327,71162.70730290422,36984.42935889693,0.045809236553110595,0.045809236553110595
VLG12BR_219,70,854.964,52.169657065178754,4.803321774591435,2805,237.22832900719965,12.700000000000001,0.7285045175252158,71161.97877565335,36983.40089066141,0.04523184412039084,0.04523184412039084
VLG12BR_219,71,867.664,52.16753228772766,4.8030085425835845,2846,237.22832900719965,12.700000000000001,0.7284833381970965,71161.25027113582,36982.442986581045,0.045119631750749185,0.045119631750749185
VLG12BR_219,72,880.364,52.16540750944699,4.802695340490363,2888,237.22832900719965,12.700000000000001,0.728463086325631,71160.52178779762,36981.52719625517,0.0451879347612155,0.0451879347612155
VLG12BR_219,73,893.064,52.163282730336896,4.80238216830664,2929,237.22832900719965,12.700000000000001,0.7284443309276731,71159.7933247113,36980.67935659359,0.045251624334117814,0.045251624334117814
VLG12BR_219,74,905.764,52.16115795039752,4.802069026027287,2971,237.22832900719965,12.700000000000001,0.7284265646510215,71159.06488038036,36979.87643030527,0.045310672248838786,0.045310672248838786
VLG12BR_219,75,918.464,52.15903316962899,4.801755913647176,3013,237.22832900719965,12.700000000000001,0.7284100578436812,71158.33645381572,36979.13069277811,0.04536505029013328,0.04536505029013328
VLG12BR_219,76,931.164,52.15690838803146,4.80144283116118,3055,237.22832900719965,12.700000000000001,0.7283948115683287,71157.60804375788,36978.44219209619,0.045414730248124945,0.045414730248124945
VLG12BR_219,77,943.864,52.154783605605076,4.8011297785641736,3096,237.22832900719965,12.700000000000001,0.7283809456976518,71156.87964894631,36977.816371082474,0.04545968391830467,0.04545968391830467
VLG12BR_219,78,956.564,52.15265882234997,4.800816755851033,3138,237.22832900719965,12.700000000000001,0.7283681933652573,71156.15126800061,36977.24111217131,0.04549988310153095,0.04549988310153095
VLG12BR_219,79,969.264,52.15053403826629,4.800503763016635,3180,237.22832900719965,12.700000000000001,0.7283567047434412,71155.42289980725,36976.723234010744,0.045535299604026476,0.045535299604026476
VLG12BR_219,80,981.964,52.148409253354174,4.800190800055858,3221,237.22832900719965,12.700000000000001,0.7283465094077692,71154.69454310251,36976.26407940026,0.04556590523737665,0.04556590523737665
VLG12BR_219,81,994.664,52.14628446761377,4.799877866963582,3263,237.22832900719965,12.700000000000001,0.7283375210334331,71153.9661965931,36975.85972855439,0.045591671818529814,0.045591671818529814
VLG12BR_219,82,1007.364,52.14415968104522,4.799564963734688,3305,237.22832900719965,12.700000000000001,0.7283297995726736,71153.23785907206,36975.51290359054,0.04561257116979341,0.04561257116979341
VLG12BR_219,83,1020.064,52.142034893648656,4.799252090364057,3346,237.22832900719965,12.700000000000001,0.7283232840704874,71152.50952927249,36975.22083670055,0.04562857511883472,0.04562857511883472
VLG12BR_219,84,1032.764,52.139910105424235,4.798939246846573,3388,237.22832900719965,12.700000000000001,0.7283180692101194,71151.78120598842,36974.98782702605,0.04563965549867708,0.04563965549867708
VLG12BR_219,85,1045.464,52.13778531637209,4.7986264331771205,3429,237.22832900719965,12.700000000000001,0.7283140022084222,71151.05288791921,36974.806937224654,0.04564578414770065,0.04564578414770065
VLG12BR_219,86,1058.164,52.13566052649236,4.798313649350585,3471,237.22832900719965,12.700000000000001,0.7283112981934332,71150.32457391701,36974.687935394235,0.045646932909639115,0.045646932909639115
VLG12BR_219,87,1070.864,52.133535735785195,4.798000895361854,3513,237.22832900719965,12.700000000000001,0.7283098664762355,71149.59626261881,36974.6267036788,0.04568514283311849,0.04568514283311849
VLG12BR_219,88,1083.564,52.13141094425073,4.797688171205816,3555,237.22832900719965,12.700000000000001,0.7283097081524976,71148.86795275233,36974.62329181972,0.04572228962919444,0.04572228962919444
VLG12BR_219,89,1096.264,52.12928615188911,4.7973754768773595,3596,237.22832900719965,12.700000000000001,0.7283105804985284,71148.13964304418,36974.66667867943,0.045756259244875946,0.045756259244875946
VLG12BR_219,90,1108.964,52.127161358700484,4.797062812371376,3638,237.22832900719965,12.700000000000001,0.7283129416274863,71147.41133246369,36974.777665417154,0.045787033009633105,0.045787033009633105
VLG12BR_219,91,1121.664,52.12503656468498,4.796750177682757,3680,237.22832900719965,12.700000000000001,0.7283165794271216,71146.68301952205,36974.946620870985,0.04581459225648615,0.04581459225648615
VLG12BR_219,92,1134.364,52.12291176984275,4.796437572806396,3721,237.22832900719965,12.700000000000001,0.7283211599319801,71145.95470294263,36975.15838099913,0.04583891832200299,0.04583891832200299
VLG12BR_219,93,1147.064,52.12078697417393,4.796124997737189,3763,237.22832900719965,12.700000000000001,0.7283273236843566,71145.2263817827,36975.442030415914,0.04585999254629874,0.04585999254629874
VLG12BR_219,94,1159.764,52.118662177678665,4.79581245247003,3804,237.22832900719965,12.700000000000001,0.7283343716163766,71144.49805445902,36975.76582720052,0.04587779627303464,0.04587779627303464
VLG12BR_219,95,1172.464,52.116537380357094,4.795499936999817,3846,237.22832900719965,12.700000000000001,0.7283430656647132,71143.76972008741,36976.16436807046,0.045892310849417146,0.045892310849417146
VLG12BR_219,96,1185.164,52.11441258220936,4.795187451321448,3888,237.22832900719965,12.700000000000001,0.7283530418925377,71143.04137702174,36976.62112814955,0.04590351762619684,0.04590351762619684
VLG12BR_219,97,1197.864,52.11228778323561,4.794874995429823,3930,237.22832900719965,12.700000000000001,0.7283643014208445,71142.31302397985,36977.136158451925,0.04591139795766743,0.04591139795766743
VLG12BR_219,98,1210.564,52.11016298343598,4.794562569319844,3971,237.22832900719965,12.700000000000001,0.7283763270766295,71141.58465967842,36977.68597618771,0.045915933201664746,0.045915933201664746
VLG12BR_219,99,1223.264,52.10803818281061,4.794250172986412,4013,237.22832900719965,12.700000000000001,0.7283901257071677,71140.85628335134,36978.31629869455,0.04591710471956579,0.04591710471956579
VLG12BR_219,100,1235.964,52.10591338135964,4.793937806424431,4054,237.22832900719965,12.700000000000001,0.728404631650239,71140.12789322564,36978.97873831262,0.04591489387628812,0.04591489387628812
VLG12BR_219,101,1248.664,52.10378857908322,4.793625469628806,4096,237.22832900719965,12.700000000000001,0.7284209737927849,71139.39948859399,36979.72455386076,0.045909282040287484,0.045909282040287484
VLG12BR_219,102,1261.364,52.101663775981486,4.793313162594443,4138,237.22832900719965,12.700000000000001,0.7284386048290399,71138.67106762019,36980.52889436994,0.04590025058355863,0.04590025058355863
VLG12BR_219,103,1274.064,52.099538972054575,4.793000885316251,4180,237.22832900719965,12.700000000000001,0.7284575258971553,71137.94262901536,36981.39181171733,0.04588778088163298,0.04588778088163298
VLG12BR_219,104,1286.764,52.09741416730264,4.792688637789137,4221,237.22832900719965,12.700000000000001,0.7284770356388115,71137.21417148947,36982.28145982371,0.045871854313577584,0.045871854313577584
VLG12BR_219,105,1299.464,52.09528936172581,4.792376420008012,4263,237.22832900719965,12.700000000000001,0.7284985091599732,71136.48569445383,36983.26027774352,0.04585245226199552,0.04585245226199552
VLG12BR_219,106,1312.164,52.09316455532423,4.792064231967789,4305,237.22832900719965,12.700000000000001,0.7285212761171724,71135.75719594468,36984.29782774622,0.045829556113023806,0.045829556113023806
VLG12BR_219,107,1324.864,52.09103974809804,4.791752073663378,4346,237.22832900719965,12.700000000000001,0.7285445426880786,71135.02867466856,36985.35806516935,0.04580314725633184,0.04580314725633184
VLG12BR_219,108,1337.564,52.08891494004739,4.791439945089696,4388,237.22832900719965,12.700000000000001,0.7285698688500144,71134.30013012588,36986.511823769084,0.04577320708512142,0.04577320708512142
VLG12BR_219,109,1350.264,52.08679013117241,4.7911278462416576,4429,237.22832900719965,12.700000000000001,0.7285956353681176,71133.57156025703,36987.68557951795,0.04573971699612583,0.04573971699612583
VLG12BR_219,110,1362.964,52.084665321473246,4.7908157771141795,4471,237.22832900719965,12.700000000000001,0.7286235252459685,71132.84296462165,36988.95575265757,0.04570265838960768,0.04570265838960768
VLG12BR_219,111,1375.664,52.08254051095004,4.790503737702181,4513,237.22832900719965,12.700000000000001,0.7286527142817032,71132.11434109641,36990.28491909426,0.04566201266935935,0.04566201266935935
VLG12BR_219,112,1388.364,52.08041569960293,4.790191728000582,4555,237.22832900719965,12.700000000000001,0.7286832036396007,71131.38568838213,36991.673132021904,0.045617761242700956,0.045617761242700956
VLG12BR_219,113,1401.064,52.07829088743206,4.789879748004303,4596,237.22832900719965,12.700000000000001,0.7287140138171055,71130.6570051785,36993.075915257665,0.045569885520479615,0.045569885520479615
VLG12BR_219,114,1413.764,52.076166074437566,4.789567797708267,4638,237.22832900719965,12.700000000000001,0.7287470760372396,71129.92829116467,36994.580960600775,0.04552651074699288,0.04552651074699288
VLG12BR_219,115,1426.464,52.074041260619595,4.789255877107399,4680,237.22832900719965,12.700000000000001,0.7287814420617962,71129.19954408864,36996.1452116162,0.045522403339343785,0.045522403339343785
VLG12BR_219,116,1439.164,52.07191644597828,4.788943986196623,4721,237.22832900719965,12.700000000000001,0.7288160391681751,71128.47076264658,36997.71995899108,0.04551605720914355,0.04551605720914355
VLG12BR_219,117,1451.864,52.06979163051377,4.788632124970867,4763,237.22832900719965,12.700000000000001,0.7288529849613901,71127.74194660742,36999.40135825128,0.045507460311930856,0.045507460311930856
VLG12BR_219,118,1464.564,52.0676668142262,4.78832029342506,4805,237.22832900719965,12.700000000000001,0.72889123806762,71127.01309362246,37001.1421236953,0.045500051255304964,0.045500051255304964
VLG12BR_219,119,1477.264,52.06554199711571,4.78800849155413,4846,237.22832900719965,12.700000000000001,0.7289296322883649,71126.2842023844,37002.88930117097,0.04549620921623321,0.04549620921623321
VLG12BR_219,120,1489.964,52.063417179182444,4.787696719353011,4888,237.22832900719965,12.700000000000001,0.72897047212186,71125.55527275211,37004.74753332639,0.04548966871185198,0.04548966871185198
VLG12BR_219,121,1502.664,52.06129236042654,4.787384976816635,4930,237.22832900719965,12.700000000000001,0.7290126228034524,71124.82630228,37006.665293516584,0.04548043841796899,0.04548043841796899
VLG12BR_219,122,1515.364,52.059167540848144,4.787073263939936,4971,237.22832900719965,12.700000000000001,0.7290548244009358,71124.09728965719,37008.58537094247,0.04546852700874653,0.04546852700874653
VLG12BR_219,123,1528.064,52.05704272044739,4.786761580717851,5013,237.22832900719965,12.700000000000001,0.729099568820883,71123.36823483279,37010.62091896609,0.04545394315670216,0.04545394315670216
VLG12BR_219,124,1540.764,52.05491789922442,4.786449927145317,5054,237.22832900719965,12.700000000000001,0.7291443041381609,71122.63913526396,37012.656059544686,0.045436695532709744,0.045436695532709744
VLG12BR_219,125,1553.464,52.05279307717937,4.786138303217274,5096,237.22832900719965,12.700000000000001,0.7291916469807109,71121.90999095983,37014.80961009053,0.04541679280599903,0.04541679280599903
VLG12BR_219,126,1566.164,52.05066825431239,4.785826708928662,5138,237.22832900719965,12.700000000000001,0.7292403066127198,71121.18079931285,37017.02296097852,0.04539424364415658,0.04539424364415658
VLG12BR_219,127,1578.864,52.04854343062362,4.785515144274425,5180,237.22832900719965,12.700000000000001,0.7292902842430535,71120.45155900624,37019.29616765818,0.04536905671312615,0.04536905671312615
VLG12BR_219,128,1591.564,52.046418606113185,4.785203609249506,5221,237.22832900719965,12.700000000000001,0.7293401316908552,71119.72226872199,37021.5634702185,0.04534124067720959,0.04534124067720959
VLG12BR_219,129,1604.264,52.04429378078124,4.784892103848851,5263,237.22832900719965,12.700000000000001,0.729392717240356,71118.9929285903,37023.955115015175,0.04531080419906661,0.04531080419906661
VLG12BR_219,130,1616.964,52.04216895462792,4.784580628067409,5304,237.22832900719965,12.700000000000001,0.7294451122759824,71118.26353587306,37026.33811683241,0.04527775593971546,0.04527775593971546
VLG12BR_219,131,1629.664,52.04004412765336,4.784269181900128,5346,237.22832900719965,12.700000000000001,0.7295003104995059,71117.53409076079,37028.8484180181,0.04524210455853384,0.04524210455853384
VLG12BR_219,132,1642.364,52.037919299857705,4.7839577653419605,5388,237.22832900719965,12.700000000000001,0.7295568327522703,71116.8045904503,37031.41885184764,0.04520385871325871,0.04520385871325871
VLG12BR_219,133,1655.064,52.0357944712411,4.783646378387859,5430,237.22832900719965,12.700000000000001,0.7296146802613246,71116.07503361754,37034.049474694664,0.04516302705998703,0.04516302705998703
VLG12BR_219,134,1667.764,52.03366964180367,4.783335021032779,5471,237.22832900719965,12.700000000000001,0.7296722155423474,71115.34541893729,37036.6659291124,0.045119618253176536,0.045119618253176536
VLG12BR_219,135,1680.464,52.031544811545565,4.783023693271677,5513,237.22832900719965,12.700000000000001,0.72973268536483,71114.61574672174,37039.41565120287,0.04507364094564567,0.04507364094564567
VLG12BR_219,136,1693.164,52.029419980466926,4.782712395099512,5555,237.22832900719965,12.700000000000001,0.7297944841133504,71113.88601403638,37042.225730998216,0.04502510378857425,0.04502510378857425
VLG12BR_219,137,1705.864,52.02729514856789,4.782401126511246,5596,237.22832900719965,12.700000000000001,0.729855879251323,71113.15621955227,37045.017493872314,0.044974015431504186,0.044974015431504186
VLG12BR_219,138,1718.564,52.02517031584859,4.782089887501841,5638,237.22832900719965,12.700000000000001,0.72992030759116,71112.42636367302,37047.947007587216,0.04492038452233952,0.04492038452233952
VLG12BR_219,139,1731.264,52.02304548230917,4.781778678066262,5679,237.22832900719965,12.700000000000001,0.7299842715107472,71111.69644336542,37050.85544379597,0.04486421970734733,0.04486421970734733
VLG12BR_219,140,1743.964,52.02092064794977,4.7814674981994765,5721,237.22832900719965,12.700000000000001,0.7300513343040884,71110.9664590939,37053.9046151704,0.04480552963115765,0.04480552963115765
VLG12BR_219,141,1756.664,52.018795812770534,4.781156347896455,5763,237.22832900719965,12.700000000000001,0.7301197321905224,71110.2364077596,37057.01442803746,0.04474432293676421,0.04474432293676421
VLG12BR_219,142,1769.364,52.01667097677159,4.780845227152169,5805,237.22832900719965,12.700000000000001,0.7301894664247337,71109.5062880274,37060.18494018103,0.04469689295579565,0.04469689295579565
VLG12BR_219,143,1782.064,52.01454613995309,4.780534135961593,5846,237.22832900719965,12.700000000000001,0.730258613554496,71108.77609856098,37063.328805282086,0.044674916374212184,0.044674916374212184
VLG12BR_219,144,1794.764,52.01242130231516,4.7802230743197045,5888,237.22832900719965,12.700000000000001,0.7303309920987129,71108.04583994743,37066.61942901828,0.04465122695615509,0.04465122695615509
VLG12BR_219,145,1807.464,52.01029646385795,4.779912042221483,5929,237.22832900719965,12.700000000000001,0.7304027224036558,71107.31550895533,37069.88063033517,0.044625830178989245,0.044625830178989245
VLG12BR_219,146,1820.164,52.008171624581585,4.779601039661911,5971,237.22832900719965,12.700000000000001,0.730477750192545,71106.58510623293,37073.29159311264,0.04459873151904317,0.04459873151904317
VLG12BR_219,147,1832.864,52.006046784486216,4.779290066635973,6013,237.22832900719965,12.700000000000001,0.7305541205881969,71105.85462848273,37076.76354365843,0.044569936451609025,0.044569936451609025
VLG12BR_219,148,1845.564,52.003921943571974,4.778979123138659,6055,237.22832900719965,12.700000000000001,0.730631834863952,71105.12407436215,37080.29654071295,0.0445394504509431,0.0445394504509431
VLG12BR_219,149,1858.264,52.001797101839,4.77866820916496,6096,237.22832900719965,12.700000000000001,0.7307087775569454,71104.39344252727,37083.794515795315,0.044507278990265915,0.044507278990265915
VLG12BR_219,150,1870.964,51.999672259287436,4.778357324709869,6138,237.22832900719965,12.700000000000001,0.7307891510804378,71103.66273374972,37087.44831333845,0.04447342754176286,0.04447342754176286
VLG12BR_219,151,1883.664,51.99754741591741,4.7780464697683875,6180,237.22832900719965,12.700000000000001,0.7308708722920085,71102.93194459863,37091.1633331537,0.04443790157658409,0.04443790157658409
VLG12BR_219,152,1896.364,51.995422571729065,4.777735644335516,6221,237.22832900719965,12.700000000000001,0.7309517293077412,71102.20107372635,37094.839126491956,0.044400706564844766,0.044400706564844766
VLG12BR_219,153,1909.064,51.99329772672254,4.777424848406261,6263,237.22832900719965,12.700000000000001,0.7310361173187263,71101.47012199704,37098.67529550119,0.04436184797562582,0.04436184797562582
VLG12BR_219,154,1921.764,51.99117288089796,4.777114081975632,6304,237.22832900719965,12.700000000000001,0.7311195795018746,71100.73908587973,37102.46943999711,0.044321331276973804,0.044321331276973804
VLG12BR_219,155,1934.464,51.98904803425548,4.776803345038645,6346,237.22832900719965,12.700000000000001,0.7312066393569958,71100.00796630023,37106.42699130906,0.04427916193590104,0.04427916193590104
VLG12BR_219,156,1947.164,51.98692318679523,4.776492637590319,6388,237.22832900719965,12.700000000000001,0.7312950532987714,71099.27675966086,37110.44606056416,0.044235345418386425,0.044235345418386425
VLG12BR_219,157,1959.864,51.98479833851734,4.7761819596256805,6430,237.22832900719965,12.700000000000001,0.7313848226288653,71098.54546460757,37114.52670796268,0.044189887189375374,0.044189887189375374
VLG12BR_219,158,1972.564,51.982673489421956,4.775871311139759,6471,237.22832900719965,12.700000000000001,0.7314735417794886,71097.81407978493,37118.55968531462,0.04414279271278009,0.04414279271278009
VLG12BR_219,159,1985.264,51.98054863950921,4.775560692127591,6513,237.22832900719965,12.700000000000001,0.7315659931792802,71097.08260624316,37122.76218793143,0.04409406745147967,0.04409406745147967
VLG12BR_219,160,1997.964,51.97842378877923,4.775250102584221,6554,237.22832900719965,12.700000000000001,0.7316573324297351,71096.35104024998,37126.914207039474,0.044043716867320955,0.044043716867320955
VLG12BR_219,161,2010.664,51.976298937232166,4.7749395425047,6596,237.22832900719965,12.700000000000001,0.7317524710181771,71095.61938291755,37131.23880182262,0.04399174642111787,0.04399174642111787
VLG12BR_219,162,2023.364,51.97417408486814,4.774629011884087,6638,237.22832900719965,12.700000000000001,0.731848971487667,71094.88763044652,37135.62527529,0.04393816157265264,0.04393816157265264
VLG12BR_219,163,2036.064,51.972049231687286,4.77431851071745,6680,237.22832900719965,12.700000000000001,0.7319468351589675,71094.15578147504,37140.07368863213,0.04388296778067535,0.04388296778067535
VLG12BR_219,164,2048.764,51.96992437768975,4.774008038999868,6721,237.22832900719965,12.700000000000001,0.7320434616442038,71093.42383463988,37144.46594163107,0.043826170502904105,0.043826170502904105
VLG12BR_219,165,2061.464,51.96779952287566,4.77369759672643,6763,237.22832900719965,12.700000000000001,0.7321440228797529,71092.69179117824,37149.036927834335,0.043767775196025926,0.043767775196025926
VLG12BR_219,166,2074.164,51.96567466724514,4.773387183892241,6805,237.22832900719965,12.700000000000001,0.7322459512666446,71091.95964715535,37153.6700370011,0.04370778731569655,0.04370778731569655
VLG12BR_219,167,2086.864,51.96354981079833,4.773076800492417,6846,237.22832900719965,12.700000000000001,0.7323465485756524,71091.22740120409,37158.24272290848,0.04364621231654025,0.04364621231654025
VLG12BR_219,168,2099.564,51.96142495353536,4.772766446522093,6888,237.22832900719965,12.700000000000001,0.7324511823587887,71090.4950546555,37162.998768165504,0.04353319009437373,0.04353319009437373
VLG12BR_219,169,2112.264,51.95930009545635,4.772456121976423,6930,237.22832900719965,12.700000000000001,0.7325571872714893,71089.76260347315,37167.8171209707,0.04337436001106482,0.04337436001106482
VLG12BR_219,170,2124.964,51.95717523656144,4.7721458268505845,6971,237.22832900719965,12.700000000000001,0.7326617669528248,71089.03004628589,37172.5707756228,0.04323537722033122,0.04323537722033122
VLG12BR_219,171,2137.664,51.95505037685076,4.771835561139782,7013,237.22832900719965,12.700000000000001,0.732770485150569,71088.29738451894,37177.51243071326,0.04311042485736901,0.04311042485736901
VLG12BR_219,172,2150.364,51.95292551632442,4.771525324839252,7055,237.22832900719965,12.700000000000001,0.7328805784849062,71087.56461403379,37182.51657944283,0.04298539520318936,0.04298539520318936
VLG12BR_219,173,2163.064,51.95080065498256,4.771215117944272,7096,237.22832900719965,12.700000000000001,0.7329891521707403,71086.83173345531,37187.451743048114,0.04286029211901694,0.04286029211901694
VLG12BR_219,174,2175.764,51.948675792825284,4.770904940450168,7138,237.22832900719965,12.700000000000001,0.7331019667359586,71086.09874430315,37192.579563244566,0.04273511946534319,0.04273511946534319
VLG12BR_219,175,2188.464,51.94655092985272,4.770594792352327,7179,237.22832900719965,12.700000000000001,0.7332131988152213,71085.36564233642,37197.635545145065,0.04260988110192636,0.04260988110192636
VLG12BR_219,176,2201.164,51.94442606606498,4.770284673646214,7221,237.22832900719965,12.700000000000001,0.7333287399187036,71084.6324291376,37202.887283591765,0.04248458088779071,0.04248458088779071
VLG12BR_219,177,2213.864,51.942301201462165,4.769974584327397,7263,237.22832900719965,12.700000000000001,0.7334456628905088,71083.89910039767,37208.20182869346,0.04235922268122579,0.04235922268122579
VLG12BR_219,178,2226.564,51.940180416204726,4.769598130380254,7304,237.22832900719965,12.700000000000001,0.7335609085160459,71083.16565473478,37213.440228207895,0.042237211508604953,0.042237211508604953
VLG12BR_219,179,2239.264,51.9380644983115,4.769155457902841,7346,237.22832900719965,12.700000000000001,0.7336805660673746,71082.43209382627,37218.87906575758,0.042118422288545516,0.042118422288545516
VLG12BR_219,180,2251.964,51.93595423399274,4.768646737552023,7388,237.22832900719965,12.700000000000001,0.7338016095713744,71081.6984132602,37224.380900117794,0.042002731409041164,0.042002731409041164
VLG12BR_219,181,2264.664,51.93385040735802,4.7680721644732715,7430,237.22832900719965,12.700000000000001,0.7339240404070828,71080.96461165062,37229.94579553401,0.04189001694132864,0.04189001694132864
VLG12BR_219,182,2277.364,51.93175380012488,4.767431958221426,7471,237.22832900719965,12.700000000000001,0.7340446667407823,71080.23068761021,37235.428771436505,0.0417801588472799,0.0417801588472799
VLG12BR_219,183,2290.064,51.929665191328326,4.7667263626724905,7513,237.22832900719965,12.700000000000001,0.7341698429894064,71079.49664294347,37241.11846399428,0.041673039180022436,0.041673039180022436
VLG12BR_219,184,2302.764,51.9275853570314,4.765955645926486,7555,237.22832900719965,12.700000000000001,0.7342964106931651,71078.76247310048,37246.87140983075,0.04156854227750313,0.04156854227750313
VLG12BR_219,185,2315.464,51.9255150700368,4.765120100201409,7596,237.22832900719965,12.700000000000001,0.7344210784029468,71078.02817668978,37252.53809985799,0.04146655494872421,0.04146655494872421
VLG12BR_219,186,2328.164,51.92345509959977,4.76422004171836,7638,237.22832900719965,12.700000000000001,0.7345503996958784,71077.29375561138,37258.41622417504,0.04136696665239438,0.04136696665239438
VLG12BR_219,187,2340.864,51.921406211142205,4.763255810577865,7680,237.22832900719965,12.700000000000001,0.7346811165967468,71076.55920521168,37264.357795553384,0.04126966966775277,0.04126966966775277
VLG12BR_219,188,2353.564,51.919369165968284,4.762227770627477,7721,237.22832900719965,12.700000000000001,0.7348098377378596,71075.8245240951,37270.20876223883,0.04117455925733926,0.04117455925733926
VLG12BR_219,189,2366.264,51.91734472098159,4.761136309320687,7763,237.22832900719965,12.700000000000001,0.7349433164623054,71075.08971425735,37276.27589652971,0.04108153382149832,0.04108153382149832
VLG12BR_219,190,2378.964,51.91533362840386,4.759981837567231,7804,237.22832900719965,12.700000000000001,0.7350747356884628,71074.35477094089,37282.2495315648,0.04099049504441961,0.04099049504441961
VLG12BR_219,191,2391.664,51.91333663549548,4.758764789574838,7846,237.22832900719965,12.700000000000001,0.7352109817360719,71073.6196962052,37288.44248573657,0.04090134803153467,0.04090134803153467
VLG12BR_219,192,2404.364,51.911354484277844,4.75748562268249,7888,237.22832900719965,12.700000000000001,0.7353486303671333,71072.88448522348,37294.69921290416,0.04081400143810408,0.04081400143810408
VLG12BR_219,193,2417.064,51.90938791125762,4.7561448171852785,7929,237.22832900719965,12.700000000000001,0.7354841232739344,71072.14913659311,37300.85807075441,0.0407283675888471,0.0407283675888471
VLG12BR_219,194,2429.764,51.90743764715308,4.754742876150903,7971,237.22832900719965,12.700000000000001,0.7356245475597738,71071.41365246984,37307.24100742979,0.04064436258847873,0.04064436258847873
VLG12BR_219,195,2442.464,51.90548779783663,4.753339480973707,8013,237.22832900719965,12.700000000000001,0.7357663786606354,71070.67802792229,37313.687915093105,0.04055921946397065,0.04055921946397065
VLG12BR_219,196,2455.164,51.90353793182801,4.7519362076425455,8055,237.22832900719965,12.700000000000001,0.7359096180051448,71069.94226154362,37320.1988606355,0.040472881294717246,0.040472881294717246
VLG12BR_219,197,2467.864,51.90158804912986,4.750533056139354,8096,237.22832900719965,12.700000000000001,0.736050572628999,71069.20635192562,37326.60607825774,0.04038536403810493,0.04038536403810493
VLG12BR_219,198,2480.564,51.89963814974479,4.74913002644607,8138,237.22832900719965,12.700000000000001,0.736196598851222,71068.470301353,37333.24375878496,0.04031246125407177,0.04031246125407177
VLG12BR_219,199,2493.264,51.8976882336754,4.747727118544634,8180,237.22832900719965,12.700000000000001,0.7363440375884334,71067.73410475414,37339.94567732435,0.04024233022953343,0.04024233022953343
VLG12BR_219,200,2505.964,51.89573830092433,4.74632433241699,8221,237.22832900719965,12.700000000000001,0.7364890947232223,71066.99776071655,37346.539467656585,0.04017086305794067,0.04017086305794067
VLG12BR_219,201,2518.664,51.89378835149417,4.744921668045086,8263,237.22832900719965,12.700000000000001,0.736639328807152,71066.26127162183,37353.36851820414,0.04009807403774147,0.04009807403774147
VLG12BR_219,202,2531.364,51.89183838538756,4.743519125410871,8305,237.22832900719965,12.700000000000001,0.7367909797072885,71065.52463229302,37360.26200851272,0.04002397746514235,0.04002397746514235
VLG12BR_219,203,2544.064,51.88988840260709,4.742116704496301,8346,237.22832900719965,12.700000000000001,0.7369401518390015,71064.78784131331,37367.04295720994,0.039948587634108294,0.039948587634108294
VLG12BR_219,204,2556.764,51.88793840315539,4.740714405283331,8388,237.22832900719965,12.700000000000001,0.7370946066139878,71064.05090116148,37374.06397975369,0.03987191883636371,0.03987191883636371
VLG12BR_219,205,2569.464,51.88598838703506,4.739312227753922,8430,237.22832900719965,12.700000000000001,0.7372504825363686,71063.31380655487,37381.14964543448,0.039793985361392795,0.039793985361392795
VLG12BR_219,206,2582.164,51.88403835424872,4.7379101718900385,8471,237.22832900719965,12.700000000000001,0.7374037822379769,71062.57655607234,37388.11834287452,0.03971480149643978,0.03971480149643978
VLG12BR_219,207,2594.864,51.882088304798984,4.736508237673646,8513,237.22832900719965,12.700000000000001,0.7375624706226418,71061.8391522901,37395.33194424379,0.039634381526509846,0.039634381526509846
VLG12BR_219,208,2607.564,51.88013823868845,4.735106425086715,8554,237.22832900719965,12.700000000000001,0.73771851792123,71061.10158981947,37402.42563083541,0.03955273973436923,0.03955273973436923
VLG12BR_219,209,2620.264,51.87818815591974,4.733704734111219,8596,237.22832900719965,12.700000000000001,0.7378800245027906,71060.36387130155,37409.767437565366,0.039469890400545916,0.039469890400545916
VLG12BR_219,210,2632.964,51.87623805649545,4.732303164729135,8638,237.22832900719965,12.700000000000001,0.738042959505365,71059.62599127705,37417.17422948066,0.03938584780333032,0.03938584780333032
VLG12BR_219,211,2645.664,51.87428794041821,4.730901716922442,8680,237.22832900719965,12.700000000000001,0.7382073244079781,71058.88794831754,37424.64607621287,0.039300626218775614,0.039300626218775614
VLG12BR_219,212,2658.364,51.87233780769062,4.729500390673123,8721,237.22832900719965,12.700000000000001,0.7383689173175567,71058.14974099313,37431.99206133368,0.039214239920697766,0.039214239920697766
VLG12BR_219,213,2671.064,51.87038765831528,4.728099185963165,8763,237.22832900719965,12.700000000000001,0.7385361120359197,71057.41137207582,37439.59266043169,0.0391267031806767,0.0391267031806767
VLG12BR_219,214,2683.764,51.86843749229481,4.726698102774557,8805,237.22832900719965,12.700000000000001,0.7387047410759433,71056.67283596378,37447.25852267376,0.03903803026805676,0.03903803026805676
VLG12BR_219,215,2696.464,51.86648730963181,4.725297141089292,8846,237.22832900719965,12.700000000000001,0.7388704997987441,71055.9341312227,37454.794056343366,0.03894823544994658,0.03894823544994658
VLG12BR_219,216,2709.164,51.86453711032888,4.723896300889365,8888,237.22832900719965,12.700000000000001,0.7390419674208755,71055.1952607229,37462.58908422153,0.03885733299122023,0.03885733299122023
VLG12BR_219,217,2721.864,51.86258689438865,4.7224955821567765,8930,237.22832900719965,12.700000000000001,0.7392148738165976,71054.45621875548,37470.4495852448,0.03876533715451768,0.03876533715451768
VLG12BR_219,218,2734.564,51.8606366618137,4.721094984873528,8971,237.22832900719965,12.700000000000001,0.7393848112759995,71053.71700388167,37478.17527706937,0.038672262200244494,0.038672262200244494
VLG12BR_219,219,2747.264,51.85868641260665,4.719694509021627,9013,237.22832900719965,12.700000000000001,0.739560565080144,71052.9776190704,37486.16536031795,0.0385781223865735,0.0385781223865735
VLG12BR_219,220,2759.964,51.8567361467701,4.718294154583081,9055,237.22832900719965,12.700000000000001,0.7397377621401933,71052.23805850532,37494.22112839848,0.03848293196944439,0.03848293196944439
VLG12BR_219,221,2772.664,51.85478586430666,4.716893921539902,9096,237.22832900719965,12.700000000000001,0.7399118913477527,71051.49832074318,37502.13759287695,0.03838670520256468,0.03838670520256468
VLG12BR_219,222,2785.364,51.85283556521893,4.715493809874106,9138,237.22832900719965,12.700000000000001,0.7400919447026435,71050.75840885183,37510.32336311458,0.03828945633740988,0.03828945633740988
VLG12BR_219,223,2798.064,51.85088524950951,4.714093819567712,9179,237.22832900719965,12.700000000000001,0.7402688643618784,71050.01831690714,37518.36683790746,0.038191199623224155,0.038191199623224155
VLG12BR_219,224,2810.764,51.848934917181005,4.71269395060274,9221,237.22832900719965,12.700000000000001,0.7404517799451675,71049.27804804278,37526.68289098036,0.03809194930702107,0.03809194930702107
VLG12BR_219,225,2823.464,51.84698456823602,4.711294202961218,9263,237.22832900719965,12.700000000000001,0.7406361463103184,71048.53759626283,37535.06498489353,0.037991770436436895,0.037991770436436895
VLG12BR_219,226,2836.164,51.84503420267715,4.709894576625173,9305,237.22832900719965,12.700000000000001,0.740821964987439,71047.79696011652,37543.51319211773,0.03790256499942456,0.03790256499942456
VLG12BR_219,227,2848.864,51.843083820507,4.708495071576636,9346,237.22832900719965,12.700000000000001,0.7410045170798158,71047.05613815154,37551.81306515007,0.037812255630010276,0.037812255630010276
VLG12BR_219,228,2861.564,51.841133421728166,4.7070956877976435,9388,237.22832900719965,12.700000000000001,0.7411932100054854,71046.31513363446,37560.392124518214,0.03772085500227095,0.03772085500227095
VLG12BR_219,229,2874.264,51.839183006343255,4.705696425270232,9430,237.22832900719965,12.700000000000001,0.7413833598170125,71045.57394042445,37569.037514014024,0.0376283757882993,0.0376283757882993
VLG12BR_219,230,2886.964,51.837232574354864,4.704297283976444,9471,237.22832900719965,12.700000000000001,0.7415701432233388,71044.83255706464,37577.53003290365,0.0375348306582043,0.0375348306582043
VLG12BR_219,231,2899.664,51.835282125765595,4.702898263898323,9513,237.22832900719965,12.700000000000001,0.7417631763509613,71044.09098692142,37586.30670464662,0.037440232280111646,0.037440232280111646
VLG12BR_219,232,2912.364,51.83333166057805,4.701499365017917,9555,237.22832900719965,12.700000000000001,0.741957670968983,71043.34922374507,37595.14992506829,0.03734459332016422,0.03734459332016422
VLG12BR_219,233,2925.064,51.831381178794814,4.700100587317278,9596,237.22832900719965,12.700000000000001,0.7421486990555319,71042.6072660741,37603.835724236546,0.03724792644252218,0.03724792644252218
VLG12BR_219,234,2937.764,51.8294306804185,4.698701930778459,9638,237.22832900719965,12.700000000000001,0.7423460861178204,71041.86511737505,37612.810660447656,0.03715024430936402,0.03715024430936402
VLG12BR_219,235,2950.464,51.82748016545169,4.697303395383519,9680,237.22832900719965,12.700000000000001,0.7425449393057622,71041.12277128894,37621.85236563533,0.037051559580886406,0.037051559580886406
VLG12BR_219,236,2963.164,51.82552963389699,4.695904981114516,9721,237.22832900719965,12.700000000000001,0.7427402255279338,71040.38022634963,37630.73208457339,0.03695188491530518,0.03695188491530518
VLG12BR_219,237,2975.864,51.823579085757,4.694506687953517,9763,237.22832900719965,12.700000000000001,0.742941980349048,71039.6374861241,37639.905942556405,0.03685123296885527,0.03685123296885527
VLG12BR_219,238,2988.564,51.8216285210343,4.693108515882588,9804,237.22832900719965,12.700000000000001,0.7431401013471806,71038.89454414375,37648.914775258534,0.036749616395791364,0.036749616395791364
VLG12BR_219,239,3001.264,51.8196779397315,4.691710464883799,9846,237.22832900719965,12.700000000000001,0.743344763936201,71038.15140404241,37658.22107811915,0.03664704784838864,0.03664704784838864
VLG12BR_219,240,3013.964,51.81772734185119,4.690312534939223,9888,237.22832900719965,12.700000000000001,0.7435509004320009,71037.40805927847,37667.59452042987,0.0365435399769427,0.0365435399769427
VLG12BR_219,241,3026.664,51.815776727395956,4.688914726030939,9930,237.22832900719965,12.700000000000001,0.7437585124163146,71036.66450837805,37677.03517760351,0.03643910542976994,0.03643910542976994
VLG12BR_219,242,3039.364,51.8138260963684,4.687517038141025,9971,237.22832900719965,12.700000000000001,0.7439623556333188,71035.92074986563,37686.304675020096,0.036333756853208846,0.036333756853208846
VLG12BR_219,243,3052.064,51.81187544877112,4.6861194712515655,10013,237.22832900719965,12.700000000000001,0.7441728878112355,71035.17678751,37695.878369491365,0.03622750689161956,0.03622750689161956
VLG12BR_219,244,3064.764,51.8099247846067,4.684722025344647,10055,237.22832900719965,12.700000000000001,0.7443849002053695,71034.43261462219,37705.51950443936,0.036120368187384684,0.036120368187384684
VLG12BR_219,245,3077.464,51.80797410387773,4.683324700402359,10096,237.22832900719965,12.700000000000001,0.7445930424604961,71033.68822972199,37714.98487088295,0.03601235338090939,0.03601235338090939
VLG12BR_219,246,3090.164,51.80602340658681,4.681927496406795,10138,237.22832900719965,12.700000000000001,0.7448079844199413,71032.94363667953,37724.75949067519,0.035903475110622377,0.035903475110622377
VLG12BR_219,247,3102.864,51.804072692736526,4.680530413340049,10180,237.22832900719965,12.700000000000001,0.7450244113542155,71032.19882869511,37734.60177835547,0.03579374601297612,0.03579374601297612
VLG12BR_219,248,3115.564,51.802121962329466,4.6791334511842235,10221,237.22832900719965,12.700000000000001,0.7452368664608475,71031.45380428375,37744.263673962625,0.0356831787224469,0.0356831787224469
VLG12BR_219,249,3128.264,51.80017121536822,4.6777366099214195,10263,237.22832900719965,12.700000000000001,0.7454562323932461,71030.70856741728,37754.2398975979,0.03557178587153592,0.03557178587153592
VLG12BR_219,250,3140.964,51.798220451855386,4.676339889533743,10305,237.22832900719965,12.700000000000001,0.7456770880900312,71029.96311118489,37764.28401834294,0.035459580090769154,0.035459580090769154
VLG12BR_219,251,3153.664,51.796269671793546,4.674943290003304,10346,237.22832900719965,12.700000000000001,0.7458938699513551,71029.21743409679,37774.14310850457,0.03534657400869827,0.03534657400869827
VLG12BR_219,252,3166.364,51.79431887518529,4.673546811312213,10388,237.22832900719965,12.700000000000001,0.7461176741402558,71028.47154022683,37784.321619905175,0.03523278025190061,0.03523278025190061
VLG12BR_219,253,3179.064,51.792368062033205,4.672150453442587,10429,237.22832900719965,12.700000000000001,0.7463373365855446,71027.7254225527,37794.31201255136,0.035119775967997986,0.035119775967997986
VLG12BR_219,254,3191.764,51.79041723233988,4.670754216376545,10471,237.22832900719965,12.700000000000001,0.7465640956040864,71026.97908521611,37804.62521850873,0.03501165248979942,0.03501165248979942
VLG12BR_219,255,3204.464,51.78846638610789,4.669358100096208,10513,237.22832900719965,12.700000000000001,0.7467923524253621,71026.2325211205,37815.00670704083,0.03490264973923643,0.03490264973923643
VLG12BR_219,256,3217.164,51.786515523339844,4.667962104583701,10555,237.22832900719965,12.700000000000001,0.747022108683111,71025.48572876808,37825.45655660969,0.03479277895124751,0.03479277895124751
VLG12BR_219,257,3229.864,51.78456464403831,4.666566229821154,10596,237.22832900719965,12.700000000000001,0.7472475861231787,71024.7387066594,37835.712053264426,0.03468205135901445,0.03468205135901445
VLG12BR_219,258,3242.564,51.78261374820588,4.665170475790697,10638,237.22832900719965,12.700000000000001,0.7474803100448033,71023.99145907327,37846.297213763064,0.03457047819396351,0.03457047819396351
VLG12BR_219,259,3255.264,51.78066283584514,4.663774842474466,10680,237.22832900719965,12.700000000000001,0.7477145382854866,71023.24397876322,37856.9509700301,0.03445807068576557,0.03445807068576557
VLG12BR_219,260,3267.964,51.77871190695867,4.662379329854599,10721,237.22832900719965,12.700000000000001,0.7479443847295575,71022.49626422493,37867.40568931785,0.0343448400623362,0.0343448400623362
VLG12BR_219,261,3280.664,51.77676096154906,4.660983937913237,10763,237.22832900719965,12.700000000000001,0.7481815903119855,71021.7483198402,37878.195222140654,0.034230797549836926,0.034230797549836926
VLG12BR_219,262,3293.364,51.77480999961888,4.659588666632524,10805,237.22832900719965,12.700000000000001,0.7484203051271145,71021.00013824989,37889.053587326714,0.03411595437267418,0.03411595437267418
VLG12BR_219,263,3306.064,51.77285902117073,4.658193515994608,10846,237.22832900719965,12.700000000000001,0.7486545348384537,71020.25171794476,37899.70821603709,0.0340003217535014,0.0340003217535014
VLG12BR_219,264,3318.764,51.77090802620718,4.65679848598164,10888,237.22832900719965,12.700000000000001,0.748896236734576,71019.50306340992,37910.70282709947,0.033883910913217706,0.033883910913217706
VLG12BR_219,265,3331.464,51.768957014730816,4.655403576575775,10930,237.22832900719965,12.700000000000001,0.7491394528081146,71018.75416717319,37921.76650899664,0.033766733070969716,0.033766733070969716
VLG12BR_219,266,3344.164,51.76700598674422,4.65400878775917,10971,237.22832900719965,12.700000000000001,0.7493780801401573,71018.00502772038,37932.62173936583,0.033648799444151375,0.033648799444151375
VLG12BR_219,267,3356.864,51.765054942249975,4.652614119513985,11013,237.22832900719965,12.700000000000001,0.7496242930953432,71017.25564964024,37943.82214018111,0.03353012124840374,0.03353012124840374
VLG12BR_219,268,3369.564,51.76310388125066,4.651219571822384,11054,237.22832900719965,12.700000000000001,0.7498658483124216,71016.50602534715,37954.81095013526,0.033410709697616586,0.033410709697616586
VLG12BR_219,269,3382.264,51.76115280374885,4.649825144666535,11096,237.22832900719965,12.700000000000001,0.7501150646905033,71015.75615949884,37966.148386021094,0.0332905760039278,0.0332905760039278
VLG12BR_219,270,3394.964,51.759201709747124,4.648430838028606,11138,237.22832900719965,12.700000000000001,0.7503658035427476,71015.00604443415,37977.55529374649,0.033169731377723895,0.033169731377723895
VLG12BR_219,271,3407.664,51.75725059924807,4.647036651890772,11180,237.22832900719965,12.700000000000001,0.7506180665551014,71014.25567863061,37989.03175493429,0.033048187027641215,0.033048187027641215
VLG12BR_219,272,3420.364,51.75529947225426,4.64564258623521,11221,237.22832900719965,12.700000000000001,0.7508655325497977,71013.50506056406,38000.290287318596,0.03291986299400018,0.03291986299400018
VLG12BR_219,273,3433.064,51.75334832876827,4.6442486410441,11263,237.22832900719965,12.700000000000001,0.7511208122293884,71012.7541950315,38011.90442477998,0.03278097842793786,0.03278097842793786
VLG12BR_219,274,3445.764,51.75139716879268,4.642854816299623,11305,237.22832900719965,12.700000000000001,0.7513776211070742,71012.00307421928,38023.58835988738,0.03264226324745403,0.03264226324745403
VLG12BR_219,275,3458.464,51.74944599233006,4.6414611119839675,11346,237.22832900719965,12.700000000000001,0.7516295283240537,71011.25169659816,38035.049603714324,0.03250371774085859,0.03250371774085859
VLG12BR_219,276,3471.164,51.747494799383,4.640067528079322,11388,237.22832900719965,12.700000000000001,0.7518893638539177,71010.50006706984,38046.8716994635,0.032365342196416624,0.032365342196416624
VLG12BR_219,277,3483.864,51.74554358995406,4.638674064567879,11430,237.22832900719965,12.700000000000001,0.7521507336509525,71009.74817770599,38058.76383897402,0.032227136902346486,0.032227136902346486
VLG12BR_219,278,3496.564,51.743592364045824,4.637280721431836,11471,237.22832900719965,12.700000000000001,0.7524070968045131,71008.99602697234,38070.42850866355,0.0320891021468217,0.0320891021468217
VLG12BR_219,279,3509.264,51.74164112166087,4.63588749865339,11513,237.22832900719965,12.700000000000001,0.7526715033000859,71008.24361987553,38082.45929701448,0.03195123821797021,0.03195123821797021
VLG12BR_219,280,3521.964,51.73968986280176,4.634494396214745,11555,237.22832900719965,12.700000000000001,0.7529374491629857,71007.49094837223,38094.56037718779,0.03181354540387368,0.03181354540387368
VLG12BR_219,281,3534.664,51.73773858747108,4.633101414098105,11596,237.22832900719965,12.700000000000001,0.7531982830576143,71006.73801092307,38106.4291928068,0.031677826083432246,0.031677826083432246
VLG12BR_219,282,3547.364,51.73578729567139,4.63170855228568,11638,237.22832900719965,12.700000000000001,0.7534672757268075,71005.98481264002,38118.66941387746,0.03154464567665432,0.03154464567665432
VLG12BR_219,283,3560.064,51.73383598740528,4.630315810759682,11679,237.22832900719965,12.700000000000001,0.7537310863045921,71005.23134536429,38130.67417780178,0.03141154183032453,0.03141154183032453
VLG12BR_219,284,3572.764,51.731884662675306,4.628923189502325,11721,237.22832900719965,12.700000000000001,0.7540031325252048,71004.47761427797,38143.053868623974,0.03127851531496289,0.03127851531496289
VLG12BR_219,285,3585.464,51.72993332148405,4.6275306884958285,11763,237.22832900719965,12.700000000000001,0.7542767266684895,71003.72361114545,38155.50426838463,0.031145566900968504,0.031145566900968504
VLG12BR_219,286,3598.164,51.727981963834075,4.626138307722414,11805,237.22832900719965,12.700000000000001,0.7545518704725958,71002.96933441878,38168.02546198382,0.031012697358619626,0.031012697358619626
VLG12BR_219,287,3610.864,51.72603058972796,4.624746047164305,11846,237.22832900719965,12.700000000000001,0.7548216906234717,71002.21478254831,38180.30475246179,0.030879907458073712,0.030879907458073712
VLG12BR_219,288,3623.564,51.72407919916827,4.6233539068037315,11888,237.22832900719965,12.700000000000001,0.7550999016334272,71001.45996085768,38192.9660827597,0.030747197969366983,0.030747197969366983
VLG12BR_219,289,3636.264,51.72212779215758,4.621961886622923,11930,237.22832900719965,12.700000000000001,0.7553796674974986,71000.70486095604,38205.69846087996,0.030614569662415294,0.030614569662415294
VLG12BR_219,290,3648.964,51.72017636869845,4.6205699866041146,11971,237.22832900719965,12.700000000000001,0.755654003343533,70999.94948128855,38218.18409178229,0.030482023307013727,0.030482023307013727
VLG12BR_219,291,3661.664,51.71822492879346,4.6191782067295435,12013,237.22832900719965,12.700000000000001,0.7559368467051537,70999.19382728521,38231.05711040257,0.030349559672836264,0.030349559672836264
VLG12BR_219,292,3674.364,51.71627347244517,4.617786546981451,12055,237.22832900719965,12.700000000000001,0.7562212501451753,70998.43789043851,38244.001432832105,0.03021717952943622,0.03021717952943622
VLG12BR_219,293,3687.064,51.71432199965614,4.6163950073420805,12096,237.22832900719965,12.700000000000001,0.7565001168510301,70997.68166918836,38256.694147227754,0.030084883646246584,0.030084883646246584
VLG12BR_219,294,3699.764,51.712370510428954,4.61500358779368,12138,237.22832900719965,12.700000000000001,0.7567876081414959,70996.9251690715,38269.779617930675,0.029952672792579304,0.029952672792579304
VLG12BR_219,295,3712.464,51.710419004766166,4.6136122883185,12180,237.22832900719965,12.700000000000001,0.7570766647656035,70996.16838146336,38282.93665044753,0.029820547737625772,0.029820547737625772
VLG12BR_219,296,3725.164,51.70846748267034,4.612221108898792,12221,237.22832900719965,12.700000000000001,0.7573600775857572,70995.41130479859,38295.83719726128,0.029688509250456716,0.029688509250456716
VLG12BR_219,297,3737.864,51.70651594414406,4.610830049516815,12263,237.22832900719965,12.700000000000001,0.7576522324743233,70994.65394472101,38309.135889826066,0.02955655810002271,0.02955655810002271
VLG12BR_219,298,3750.564,51.70456438918987,4.6094391101548275,12304,237.22832900719965,12.700000000000001,0.7579386722707655,70993.89629248854,38322.174848662624,0.029424695055153025,0.029424695055153025
VLG12BR_219,299,3763.264,51.70261281781035,4.608048290795094,12346,237.22832900719965,12.700000000000001,0.758233932372083,70993.13835381628,38335.61554330083,0.029292920884557178,0.029292920884557178
VLG12BR_219,300,3775.964,51.70066123000805,4.60665759141988,12388,237.22832900719965,12.700000000000001,0.7585307666200829,70992.3801198839,38349.128233576186,0.029161236356823435,0.029161236356823435
VLG12BR_219,301,3788.664,51.69870962578555,4.605267012011456,12430,237.22832900719965,12.700000000000001,0.75882917680489,70991.62158911729,38362.713007787315,0.02902964224042,0.02902964224042
VLG12BR_219,302,3801.364,51.69675800514539,4.603876552552094,12471,237.22832900719965,12.700000000000001,0.7591217279758411,70990.86275994049,38376.03148985581,0.028898139303694247,0.028898139303694247
VLG12BR_219,303,3814.064,51.694806368090156,4.60248621302407,12513,237.22832900719965,12.700000000000001,0.7594232574361135,70990.10363821252,38389.75895978471,0.028766728314873886,0.028766728314873886
VLG12BR_219,304,3826.764,51.69285471462239,4.601095993409663,12555,237.22832900719965,12.700000000000001,0.7597263681810162,70989.34421495508,38403.558777796454,0.02863541004206514,0.02863541004206514
VLG12BR_219,305,3839.464,51.69090304474467,4.599705893691156,12596,237.22832900719965,12.700000000000001,0.7600235117672631,70988.5844885869,38417.08737462241,0.02850418525325498,0.02850418525325498
VLG12BR_219,306,3852.164,51.68895135845955,4.598315913850834,12638,237.22832900719965,12.700000000000001,0.7603297523844035,70987.82446507513,38431.03041230653,0.028373054716308948,0.028373054716308948
VLG12BR_219,307,3864.864,51.68699965576958,4.596926053870986,12680,237.22832900719965,12.700000000000001,0.7606375796647435,70987.06413532274,38445.04606429816,0.02824201919897302,0.02824201919897302
VLG12BR_219,308,3877.564,51.68504793667734,4.595536313733904,12721,237.22832900719965,12.700000000000001,0.7609393312786026,70986.30349774308,38458.78554866156,0.02810922612545072,0.02810922612545072
VLG12BR_219,309,3890.264,51.68309620118538,4.594146693421883,12763,237.22832900719965,12.700000000000001,0.7612502990886341,70985.5425584118,38472.944948399985,0.02795907755715585,0.02795907755715585
VLG12BR_219,310,3902.964,51.681144449296255,4.592757192917221,12805,237.22832900719965,12.700000000000001,0.7615628589711121,70984.78130811272,38487.17723076342,0.027810530144439682,0.027810530144439682
VLG12BR_219,311,3915.664,51.67919268101253,4.591367812202219,12846,237.22832900719965,12.700000000000001,0.7618692343139066,70984.01974525375,38501.12838151784,0.027662690137941783,0.027662690137941783
VLG12BR_219,312,3928.364,51.67724089633676,4.5899785512591835,12888,237.22832900719965,12.700000000000001,0.7621849454440686,70983.25787601944,38515.50494385255,0.027515554969567393,0.027515554969567393
VLG12BR_219,313,3941.064,51.6752890952715,4.588589410070422,12929,237.22832900719965,12.700000000000001,0.7624943995425053,70982.495691074,38529.597068865216,0.0273691220716219,0.0273691220716219
VLG12BR_219,314,3953.764,51.673337277819314,4.587200388618244,12971,237.22832900719965,12.700000000000001,0.7628132690701273,70981.73319667445,38544.118266857804,0.027223388876811742,0.027223388876811742
VLG12BR_219,315,3966.464,51.67138544398275,4.585811486884966,13013,237.22832900719965,12.700000000000001,0.7631337397388014,70980.97038340538,38558.712798626926,0.02707835281824299,0.02707835281824299
VLG12BR_219,316,3979.164,51.66943359376437,4.584422704852904,13055,237.22832900719965,12.700000000000001,0.7634558133901432,70980.20724966565,38573.38075599629,0.026934011329422254,0.026934011329422254
VLG12BR_219,317,3991.864,51.667481727166724,4.583034042504379,13096,237.22832900719965,12.700000000000001,0.7637714836498593,70979.44379385226,38587.75760061876,0.02679036184425628,0.02679036184425628
VLG12BR_219,318,4004.564,51.66552984419237,4.5816454998217155,13138,237.22832900719965,12.700000000000001,0.7640967301658526,70978.68002236862,38602.57091498108,0.026647401797051475,0.026647401797051475
VLG12BR_219,319,4017.264,51.66357794484386,4.580257076787239,13180,237.22832900719965,12.700000000000001,0.764423585165316,70977.91592563844,38617.45792963254,0.026505128622514203,0.026505128622514203
VLG12BR_219,320,4029.964,51.661626029123745,4.578868773383282,13221,237.22832900719965,12.700000000000001,0.7647439267897098,70977.15150205328,38632.04881409699,0.026363539755751043,0.026363539755751043
VLG12BR_219,321,4042.664,51.65967409703459,4.5774805895921755,13263,237.22832900719965,12.700000000000001,0.7650739655524481,70976.3867581265,38647.08173060045,0.026222632632268317,0.026222632632268317
VLG12BR_219,322,4055.364,51.65772214857894,4.576092525396257,13305,237.22832900719965,12.700000000000001,0.7654056183297973,70975.62168416094,38662.18862423722,0.02608240468797169,0.02608240468797169
VLG12BR_219,323,4068.064,51.65577018375935,4.574704580777867,13346,237.22832900719965,12.700000000000001,0.7657306473738403,70974.85627854262,38676.99435214209,0.025942853359166428,0.025942853359166428
VLG12BR_219,324,4080.764,51.65381820257837,4.573316755719349,13388,237.22832900719965,12.700000000000001,0.766065494872922,70974.09054789525,38692.24769676366,0.025803976082557283,0.025803976082557283
VLG12BR_219,325,4093.464,51.65186620503855,4.571929050203047,13430,237.22832900719965,12.700000000000001,0.7664019619479865,70973.32448240038,38707.57529753385,0.02566577029524842,0.02566577029524842
VLG12BR_219,326,4106.164,51.64991419114244,4.570541464211312,13471,237.22832900719965,12.700000000000001,0.7667316945543619,70972.55808043842,38722.59667877829,0.025528233434743343,0.025528233434743343
VLG12BR_219,327,4118.864,51.6479621608926,4.569153997726495,13513,237.22832900719965,12.700000000000001,0.7670713673692406,70971.79134874386,38738.07128397155,0.025391362938944784,0.025391362938944784
VLG12BR_219,328,4131.564,51.64601011429156,4.567766650730954,13555,237.22832900719965,12.700000000000001,0.7674126653515954,70971.02427737649,38753.62042651591,0.02525515624615462,0.02525515624615462
VLG12BR_219,329,4144.264,51.64405805134189,4.566379423207047,13596,237.22832900719965,12.700000000000001,0.7677471177503745,70970.25686471113,38768.85827734642,0.025119610795073456,0.025119610795073456
VLG12BR_219,330,4156.964,51.642105972046124,4.564992315137135,13638,237.22832900719965,12.700000000000001,0.7680916325500204,70969.48911759339,38784.554982089365,0.024984724024801543,0.024984724024801543
VLG12BR_219,331,4169.664,51.64015387640682,4.563605326503585,13679,237.22832900719965,12.700000000000001,0.7684292277778595,70968.72102596084,38799.93701708459,0.024850493374837333,0.024850493374837333
VLG12BR_219,332,4182.364,51.63820176442652,4.562218457288764,13721,237.22832900719965,12.700000000000001,0.7687769667825908,70967.95259673306,38815.78165678202,0.024716916285078085,0.024716916285078085
VLG12BR_219,333,4195.064,51.63624963610777,4.560831707475044,13763,237.22832900719965,12.700000000000001,0.7691263403253059,70967.18381976627,38831.70130663365,0.02458399019582009,0.02458399019582009
VLG12BR_219,334,4207.764,51.634297491453125,4.559445077044801,13805,237.22832900719965,12.700000000000001,0.7694773503083665,70966.41469342595,38847.69606286795,0.024451712547758273,0.024451712547758273
VLG12BR_219,335,4220.464,51.63234533046513,4.558058565980412,13846,237.22832900719965,12.700000000000001,0.7698212913301377,70965.64521607565,38863.369327242675,0.024320080781985737,0.024320080781985737
VLG12BR_219,336,4233.164,51.63039315314632,4.556672174264258,13888,237.22832900719965,12.700000000000001,0.770175540462646,70964.87539478432,38879.51277436724,0.024189092339994035,0.024189092339994035
VLG12BR_219,337,4245.864,51.62844095949925,4.555285901878723,13929,237.22832900719965,12.700000000000001,0.7705226461343884,70964.10521924387,38895.33132671674,0.024059928354839766,0.024059928354839766
VLG12BR_219,338,4258.564,51.62648874952646,4.553899748806196,13971,237.22832900719965,12.700000000000001,0.7708801418822284,70963.33469659773,38911.623843347195,0.023931579789421082,0.023931579789421082
VLG12BR_219,339,4271.264,51.624536523230496,4.552513715029067,14013,237.22832900719965,12.700000000000001,0.7712392835399715,70962.56381645585,38927.991946596245,0.02380382636546811,0.02380382636546811
VLG12BR_219,340,4283.964,51.6225842806139,4.55112780052973,14055,237.22832900719965,12.700000000000001,0.7716000730298862,70961.79257717231,38944.43573420451,0.023676665915047468,0.023676665915047468
VLG12BR_219,341,4296.664,51.62063202167922,4.5497420052905815,14096,237.22832900719965,12.700000000000001,0.7719535686345096,70961.02097709928,38960.54775445969,0.02355009627056395,0.02355009627056395
VLG12BR_219,342,4309.364,51.618679746428995,4.548356329294022,14138,237.22832900719965,12.700000000000001,0.7723176198404949,70960.24902353065,38977.14137938812,0.023424115264759147,0.023424115264759147
VLG12BR_219,343,4322.064,51.61672745486577,4.546970772522456,14180,237.22832900719965,12.700000000000001,0.7726833246188103,70959.47670591081,38993.810981060014,0.023298720730712357,0.023298720730712357
VLG12BR_219,344,4334.764,51.61477514699208,4.545585334958289,14221,237.22832900719965,12.700000000000001,0.7730416224640946,70958.7040225862,39010.14364900195,0.02317391050184019,0.02317391050184019
VLG12BR_219,345,4347.464,51.61282282281047,4.544200016583931,14263,237.22832900719965,12.700000000000001,0.7734106003289791,70957.93098096373,39026.963667943404,0.023049682411896172,0.023049682411896172
VLG12BR_219,346,4360.164,51.610870482323485,4.542814817381795,14304,237.22832900719965,12.700000000000001,0.773772095982767,70957.1575703634,39043.44331217084,0.02292603429497128,0.02292603429497128
VLG12BR_219,347,4372.864,51.60891812553366,4.541429737334298,14346,237.22832900719965,12.700000000000001,0.7741443545157738,70956.38379826742,39060.41413595144,0.0228029639854936,0.0228029639854936
VLG12BR_219,348,4385.564,51.60696575244354,4.5400447764238585,14388,237.22832900719965,12.700000000000001,0.7745182762373877,70955.6096539129,39077.46142806916,0.022680469318227904,0.022680469318227904
VLG12BR_219,349,4398.264,51.60501336305566,4.538659934632899,14430,237.22832900719965,12.700000000000001,0.7748938630993403,70954.83513563666,39094.585288575305,0.022558548128275877,0.022558548128275877
VLG12BR_219,350,4410.964,51.60306095737256,4.537275211943846,14471,237.22832900719965,12.700000000000001,0.7752618157495408,70954.06024177356,39111.36182457755,0.0224371982510764,0.0224371982510764
VLG12BR_219,351,4423.664,51.601108535396776,4.535890608339127,14513,237.22832900719965,12.700000000000001,0.7756406986118054,70953.28497995781,39128.6372758885,0.022316417522404496,0.022316417522404496
VLG12BR_219,352,4436.364,51.599156097130845,4.534506123801175,14554,237.22832900719965,12.700000000000001,0.7760118714573945,70952.5093392592,39145.56193582624,0.022196203778372534,0.022196203778372534
VLG12BR_219,353,4449.064,51.597203642577306,4.533121758312425,14596,237.22832900719965,12.700000000000001,0.776394057977529,70951.73332738774,39162.989371592645,0.022076554855429205,0.022076554855429205
VLG12BR_219,354,4461.764,51.595251171738695,4.531737511855315,14638,237.22832900719965,12.700000000000001,0.7767779193506845,70950.95693332977,39180.49387505475,0.021957468590359755,0.021957468590359755
VLG12BR_219,355,4474.464,51.59329868461755,4.530353384412288,14679,237.22832900719965,12.700000000000001,0.7771539562057286,70950.18015541042,39197.642349342685,0.02183894282028593,0.02183894282028593
VLG12BR_219,356,4487.164,51.59134618121641,4.528969375965787,14721,237.22832900719965,12.700000000000001,0.7775411328169286,70949.40300145421,39215.29943398867,0.021720975382665878,0.021720975382665878
VLG12BR_219,357,4499.864,51.589393661537805,4.527585486498261,14763,237.22832900719965,12.700000000000001,0.777929990156389,70948.62546032139,39233.03388952544,0.021603564115294075,0.021603564115294075
VLG12BR_219,358,4512.564,51.58744112558427,4.526201715992161,14805,237.22832900719965,12.700000000000001,0.7783205302047571,70947.84753033123,39250.84581836714,0.021486706856300955,0.021486706856300955
VLG12BR_219,359,4525.264,51.58548857335834,4.524818064429941,14846,237.22832900719965,12.700000000000001,0.7787030921300266,70947.06920980102,39268.29468918125,0.021370401444153482,0.021370401444153482
VLG12BR_219,360,4537.964,51.583536004862545,4.5234345317940585,14888,237.22832900719965,12.700000000000001,0.77909696297577,70946.29050670889,39286.26000373326,0.021254645717654376,0.021254645717654376
VLG12BR_219,361,4550.664,51.58158342009942,4.522051118066974,14929,237.22832900719965,12.700000000000001,0.7794827790915493,70945.51140974592,39303.858753786146,0.021139437515942737,0.021139437515942737
VLG12BR_219,362,4563.364,51.579630819071504,4.520667823231151,14971,237.22832900719965,12.700000000000001,0.7798799885043273,70944.73192696682,39321.97785699228,0.021024774678493625,0.021024774678493625
VLG12BR_219,363,4576.064,51.577678201781325,4.519284647269057,15013,237.22832900719965,12.700000000000001,0.7802788904808864,70943.95204697832,39340.17494459864,0.020910655045117674,0.020910655045117674
VLG12BR_219,364,4588.764,51.57572556823141,4.517901590163162,15055,237.22832900719965,12.700000000000001,0.7806794870208071,70943.17176808784,39358.45012062431,0.020797120112351637,0.020797120112351637
VLG12BR_219,365,4601.464,51.5737729184243,4.516518651895939,15096,237.22832900719965,12.700000000000001,0.7810718741406193,70942.39108860081,39376.351649539094,0.02068483296617966,0.02068483296617966
VLG12BR_219,366,4614.164,51.571820252362514,4.5151358324498645,15138,237.22832900719965,12.700000000000001,0.7814758249556055,70941.61001672667,39394.78143135189,0.02057305347658558,0.02057305347658558
VLG12BR_219,367,4626.864,51.56986757004859,4.513753131807419,15179,237.22832900719965,12.700000000000001,0.7818714892012499,70940.82854090171,39412.83403265539,0.020461779788762856,0.020461779788762856
VLG12BR_219,368,4639.564,51.56791487148505,4.5123705499510836,15221,237.22832900719965,12.700000000000001,0.7822788021342746,70940.0466694125,39431.41882951121,0.02035101004819387,0.02035101004819387
VLG12BR_219,369,4652.264,51.56596215667443,4.510988086863345,15263,237.22832900719965,12.700000000000001,0.7826878195785261,70939.26439061038,39450.08223388828,0.020240742400648676,0.020240742400648676
VLG12BR_219,370,4664.964,51.56400942561926,4.509605742526693,15304,237.22832900719965,12.700000000000001,0.7830884339176147,70938.4817027908,39468.363119094065,0.02013097499218614,0.02013097499218614
VLG12BR_219,371,4677.664,51.562056678322065,4.50822351692362,15346,237.22832900719965,12.700000000000001,0.7835008253375217,70937.69861435688,39487.182158892036,0.02002170596915267,0.02002170596915267
VLG12BR_219,372,4690.364,51.56010391478537,4.50684141003662,15388,237.22832900719965,12.700000000000001,0.7839149272837584,70936.91511353155,39506.08012142127,0.019912933478183032,0.019912933478183032
VLG12BR_219,373,4703.064,51.558151135011705,4.505459421848194,15430,237.22832900719965,12.700000000000001,0.7843307417837133,70936.13119860427,39525.05711315362,0.01980465566619971,0.01980465566619971
VLG12BR_219,374,4715.764,51.55619833900359,4.504077552340841,15471,237.22832900719965,12.700000000000001,0.7847379968373553,70935.34686786249,39543.644420859695,0.019696870680413443,0.019696870680413443
VLG12BR_219,375,4728.464,51.554245526763566,4.502695801497068,15513,237.22832900719965,12.700000000000001,0.7851572012394228,70934.56212986565,39562.77788441296,0.019589576668322846,0.019589576668322846
VLG12BR_219,376,4741.164,51.552292698294146,4.501314169299382,15554,237.22832900719965,12.700000000000001,0.7855677682208606,70933.7769726644,39581.51808934731,0.019482771777714066,0.019482771777714066
VLG12BR_219,377,4753.864,51.550339853597855,4.499932655730295,15596,237.22832900719965,12.700000000000001,0.7859903704755817,70932.99140489618,39600.808443624504,0.019376454156661,0.019376454156661
VLG12BR_219,378,4766.564,51.54838699267722,4.498551260772322,15638,237.22832900719965,12.700000000000001,0.7864146953683284,70932.2054145257,39620.178358443816,0.01934767828986607,0.01934767828986607
VLG12BR_219,379,4779.264,51.54643411553477,4.4971699844079795,15680,237.22832900719965,12.700000000000001,0.7868407449445909,70931.41899983033,39639.6279419432,0.01937780165165596,0.01937780165165596
VLG12BR_219,380,4791.964,51.544481222173026,4.495788826619789,15721,237.22832900719965,12.700000000000001,0.7872579996429916,70930.63215908539,39658.67704605058,0.019408710334372387,0.019408710334372387
VLG12BR_219,381,4804.664,51.54252831259451,4.494407787390274,15763,237.22832900719965,12.700000000000001,0.7876874631405701,70929.84490108574,39678.284369761495,0.01944039456971617,0.01944039456971617
VLG12BR_219,382,4817.364,51.54057538680175,4.493026866701961,15804,237.22832900719965,12.700000000000001,0.7881080532282767,70929.0572136226,39697.487611479555,0.019472844590906223,0.019472844590906223
VLG12BR_219,383,4830.064,51.538622444797255,4.491646064537382,15846,237.22832900719965,12.700000000000001,0.7885409386676581,70928.26910556937,39717.253100858245,0.01950605063267863,0.01950605063267863
VLG12BR_219,384,4842.764,51.536669486583556,4.490265380879069,15888,237.22832900719965,12.700000000000001,0.7889755589635823,70927.4805646307,39737.09879856853,0.01954000293128648,0.01954000293128648
VLG12BR_219,385,4855.464,51.53471651216317,4.488884815709559,15929,237.22832900719965,12.700000000000001,0.7894011872216198,70926.69158907175,39756.534970711335,0.019574691724499566,0.019574691724499566
VLG12BR_219,386,4868.164,51.53276352153863,4.4875043690113925,15971,237.22832900719965,12.700000000000001,0.7898392415820643,70925.90218788452,39776.53947901938,0.01961010725160402,0.01961010725160402
VLG12BR_219,387,4880.864,51.530810514712435,4.486124040767112,16013,237.22832900719965,12.700000000000001,0.7902790369476407,70925.11234864294,39796.624523342965,0.019646239753402205,0.019646239753402205
VLG12BR_219,388,4893.564,51.52885749168712,4.484743830959263,16055,237.22832900719965,12.700000000000001,0.7907205753902669,70924.322069606,39816.79021436663,0.01968307947221197,0.01968307947221197
VLG12BR_219,389,4906.264,51.526904452465196,4.483363739570396,16096,237.22832900719965,12.700000000000001,0.7911529626407272,70923.53134903061,39836.539073505424,0.019720616651866696,0.019720616651866696
VLG12BR_219,390,4918.964,51.524951397049186,4.481983766583062,16138,237.22832900719965,12.700000000000001,0.7915979514241274,70922.74019606797,39856.86444461868,0.0197588415377146,0.0197588415377146
VLG12BR_219,391,4931.664,51.522998325441606,4.480603911979818,16179,237.22832900719965,12.700000000000001,0.7920337096354653,70921.94859811655,39876.769338399165,0.019797744376618763,0.019797744376618763
VLG12BR_219,392,4944.364,51.52104523764498,4.479224175743222,16221,237.22832900719965,12.700000000000001,0.7924821568820843,70921.15656440692,39897.25482507487,0.019837503924742324,0.019837503924742324
VLG12BR_219,393,4957.064,51.51909213366181,4.4778445578558355,16263,237.22832900719965,12.700000000000001,0.7929323575081084,70920.36408225003,39917.8215108081,0.01987845941849673,0.01987845941849673
VLG12BR_219,394,4969.764,51.51713901349462,4.476465058300224,16305,237.22832900719965,12.700000000000001,0.7933843136025431,70919.57114989252,39938.469508013404,0.01992009749854227,0.01992009749854227
VLG12BR_219,395,4982.464,51.51518587714593,4.475085677058956,16346,237.22832900719965,12.700000000000001,0.7938268788241338,70918.77776557893,39958.68966340792,0.01996240949963401,0.01996240949963401
VLG12BR_219,396,4995.164,51.513232724618256,4.473706414114603,16388,237.22832900719965,12.700000000000001,0.7942823097922542,70917.9839387001,39979.49865925724,0.020005386757872393,0.020005386757872393
VLG12BR_219,397,5007.864,51.51127955591411,4.472327269449739,16429,237.22832900719965,12.700000000000001,0.7947282699348897,70917.1896563903,39999.87613871686,0.020049020610702923,0.020049020610702923
VLG12BR_219,398,5020.564,51.509326371036,4.470948243046942,16471,237.22832900719965,12.700000000000001,0.7951871839649549,70916.39492812037,40020.84657548795,0.020093302396915882,0.020093302396915882
VLG12BR_219,399,5033.264,51.50737316998646,4.469569334888792,16513,237.22832900719965,12.700000000000001,0.7956478638492672,70915.5997409364,40041.89888472044,0.02013822345664603,0.02013822345664603
VLG12BR_219,400,5045.964,51.50541995276799,4.468190544957874,16555,237.22832900719965,12.700000000000001,0.7961103116934527,70914.80409307255,40063.03318058529,0.020183775131372275,0.020183775131372275
VLG12BR_219,401,5058.664,51.5034667193831,4.466811873236776,16596,237.22832900719965,12.700000000000001,0.7965631272528904,70914.00798276086,40083.72853650084,0.020229948763917663,0.020229948763917663
VLG12BR_219,402,5071.364,51.5015134698343,4.465433319708087,16638,237.22832900719965,12.700000000000001,0.7970290747000492,70913.2114196336,40105.02517016585,0.020276735698448803,0.020276735698448803
VLG12BR_219,403,5084.064,51.499560204124116,4.4640548843544,16680,237.22832900719965,12.700000000000001,0.7974967963894557,70912.4143905589,40126.404131988325,0.020324127280475134,0.020324127280475134
VLG12BR_219,404,5096.764,51.497606922255045,4.462676567158314,16721,237.22832900719965,12.700000000000001,0.7979547644333911,70911.6168937625,40147.3385712772,0.020372114856849796,0.020372114856849796
VLG12BR_219,405,5109.464,51.495653624229604,4.461298368102427,16763,237.22832900719965,12.700000000000001,0.7984259981622523,70910.81893899807,40168.88054830153,0.020420689775768122,0.020420689775768122
VLG12BR_219,406,5122.164,51.49370031005031,4.459920287169342,16805,237.22832900719965,12.700000000000001,0.7988990124396613,70910.02051299991,40190.50519766521,0.02046984338676787,0.02046984338676787
VLG12BR_219,407,5134.864,51.49174697971966,4.458542324341666,16846,237.22832900719965,12.700000000000001,0.7993621512714197,70909.22161398747,40211.67971933265,0.020519567040729342,0.020519567040729342
VLG12BR_219,408,5147.564,51.48979363324017,4.457164479602008,16888,237.22832900719965,12.700000000000001,0.7998386900716437,70908.4222518362,40233.46806656862,0.020569852089874198,0.020569852089874198
VLG12BR_219,409,5160.264,51.48784027061435,4.45578675293298,16930,237.22832900719965,12.700000000000001,0.8003170157502444,70907.62241314612,40255.33943300277,0.020620689887765827,0.020620689887765827
VLG12BR_219,410,5172.964,51.48588689184471,4.454409144317197,16971,237.22832900719965,12.700000000000001,0.8007853437413679,70906.82209613037,40276.75504382178,0.020672071789308827,0.020672071789308827
VLG12BR_219,411,5185.664,51.48393349693375,4.45303165373728,17013,237.22832900719965,12.700000000000001,0.8012672064722257,70906.02131078663,40298.790796107576,0.02072398915074872,0.02072398915074872
VLG12BR_219,412,5198.364,51.48198008588399,4.451654281175849,17054,237.22832900719965,12.700000000000001,0.8017389901053353,70905.22004358016,40320.367043338854,0.02077643332967163,0.02077643332967163
VLG12BR_219,413,5211.064,51.48002665869793,4.45027702661553,17096,237.22832900719965,12.700000000000001,0.8022243982326864,70904.41830459006,40342.56764122425,0.020829395685004026,0.020829395685004026
VLG12BR_219,414,5223.764,51.478073215378075,4.448899890038951,17138,237.22832900719965,12.700000000000001,0.8027116038220998,70903.61608019183,40364.85184145785,0.020882867577012625,0.020882867577012625
VLG12BR_219,415,5236.464,51.47611975592693,4.447522871428743,17180,237.22832900719965,12.700000000000001,0.803200609018482,70902.813368588,40387.219762719964,0.020936840367303648,0.020936840367303648
VLG12BR_219,416,5249.164,51.474166280347006,4.446145970767541,17221,237.22832900719965,12.700000000000001,0.8036793707101058,70902.01016797898,40409.12060354216,0.020991305418822735,0.020991305418822735
VLG12BR_219,417,5261.864,51.4722127886408,4.4447691880379825,17263,237.22832900719965,12.700000000000001,0.8041719381525563,70901.20648860827,40431.65430270392,0.02104625409585493,0.02104625409585493
VLG12BR_219,418,5274.564,51.47025928081083,4.443392523222708,17305,237.22832900719965,12.700000000000001,0.8046663115998762,70900.40231667011,40454.272077907124,0.021101677764023864,0.021101677764023864
VLG12BR_219,419,5287.264,51.468305756859586,4.442015976304362,17346,237.22832900719965,12.700000000000001,0.8051503179626855,70899.59765035851,40476.41707540222,0.021157567790291952,0.021157567790291952
VLG12BR_219,420,5299.964,51.46635221678957,4.440639547265592,17388,237.22832900719965,12.700000000000001,0.8056482663187048,70898.79250004055,40499.201332655706,0.021214456818773705,0.021214456818773705
VLG12BR_219,421,5312.664,51.4643986606033,4.439263236089047,17430,237.22832900719965,12.700000000000001,0.8061480270992969,70897.98685177423,40522.070023723296,0.021272420103628224,0.021272420103628224
VLG12BR_219,422,5325.364,51.46244508830327,4.437887042757382,17471,237.22832900719965,12.700000000000001,0.8066372967653732,70897.18070374713,40544.46021633328,0.021330870374768843,0.021330870374768843
VLG12BR_219,423,5338.064,51.46049149989198,4.436510967253254,17513,237.22832900719965,12.700000000000001,0.8071406451599064,70896.37406645037,40567.49609907496,0.021389799929676028,0.021389799929676028
VLG12BR_219,424,5350.764,51.45853789537193,4.43513500955932,17555,237.22832900719965,12.700000000000001,0.8076458124200465,70895.56692580521,40590.61677618421,0.021449201067024245,0.021449201067024245
VLG12BR_219,425,5363.464,51.45658427474563,4.433759169658246,17596,237.22832900719965,12.700000000000001,0.8081403640833056,70894.75927999278,40613.25321042036,0.021509066086681617,0.021509066086681617
VLG12BR_219,426,5376.164,51.45463063801557,4.432383447532696,17638,237.22832900719965,12.700000000000001,0.8086491317042961,70893.9511396287,40636.54179434259,0.02156938728970969,0.02156938728970969
VLG12BR_219,427,5388.864,51.45267698518426,4.43100784316534,17679,237.22832900719965,12.700000000000001,0.8091472008246385,70893.14249049699,40659.34230809806,0.02163015697836316,0.02163015697836316
VLG12BR_219,428,5401.564,51.45072331625419,4.429632356538851,17721,237.22832900719965,12.700000000000001,0.8096595772925974,70892.33334329617,40682.799276729034,0.021691367456089895,0.021691367456089895
VLG12BR_219,429,5414.264,51.44876963122786,4.428256987635903,17763,237.22832900719965,12.700000000000001,0.8101737833898177,70891.52368371887,40706.34164589791,0.02175301102753013,0.02175301102753013
VLG12BR_219,430,5426.964,51.446815930107775,4.426881736439176,17805,237.22832900719965,12.700000000000001,0.8106898212967526,70890.71350993548,40729.9695389695,0.021815079998516465,0.021815079998516465
VLG12BR_219,431,5439.664,51.44486221289643,4.4255066029313515,17846,237.22832900719965,12.700000000000001,0.8111949932766358,70889.90282011418,40753.10162859245,0.021877566676073608,0.021877566676073608
VLG12BR_219,432,5452.364,51.44290847959632,4.424131587095115,17888,237.22832900719965,12.700000000000001,0.8117146571593046,70889.0916251209,40776.898875469844,0.02194046336841862,0.02194046336841862
VLG12BR_219,433,5465.064,51.440954730209945,4.422756688913154,17930,237.22832900719965,12.700000000000001,0.8122361593537402,70888.27991046374,40800.782015274825,0.022003762384959377,0.022003762384959377
VLG12BR_219,434,5477.764,51.4390009647398,4.42138190836816,17971,237.22832900719965,12.700000000000001,0.8127466697692014,70887.46767430438,40824.163535094835,0.022067456036295837,0.022067456036295837
VLG12BR_219,435,5490.464,51.437047183188376,4.420007245442827,18013,237.22832900719965,12.700000000000001,0.8132718108052945,70886.65492763462,40848.21676064525,0.02213153663421851,0.02213153663421851
VLG12BR_219,436,5503.164,51.435093385558176,4.418632700119852,18055,237.22832900719965,12.700000000000001,0.8137987966744971,70885.84165582381,40872.35625101544,0.02219599649170894,0.02219599649170894
VLG12BR_219,437,5515.864,51.43313957185169,4.417258272381938,18096,237.22832900719965,12.700000000000001,0.8143146644521921,70885.02785702713,40895.98828044499,0.022260827922939215,0.022260827922939215
VLG12BR_219,438,5528.564,51.43118574207142,4.415883962211787,18138,237.22832900719965,12.700000000000001,0.8148453020665425,70884.21354236268,40920.29859418694,0.0223260232432714,0.0223260232432714
VLG12BR_219,439,5541.264,51.429231896219854,4.414509769592106,18180,237.22832900719965,12.700000000000001,0.815377791054082,70883.3986970606,40944.69554753027,0.022391574769258113,0.022391574769258113
VLG12BR_219,440,5553.964,51.42727803429948,4.413135694505607,18221,237.22832900719965,12.700000000000001,0.815899035174962,70882.58331926956,40968.57917436605,0.02245747481864144,0.02245747481864144
VLG12BR_219,441,5566.664,51.425324156312804,4.411761736935002,18263,237.22832900719965,12.700000000000001,0.8164351888475958,70881.76742023438,40993.147694437976,0.022523715710352943,0.022523715710352943
VLG12BR_219,442,5579.364,51.42337026226231,4.410387896863008,18304,237.22832900719965,12.700000000000001,0.8169600132218799,70880.95098504554,41017.198979744135,0.02259028976451341,0.02259028976451341
VLG12BR_219,443,5592.064,51.42141635215049,4.409014174272344,18346,237.22832900719965,12.700000000000001,0.8174998401909404,70880.13402503231,41041.93956329605,0.02265718930243283,0.02265718930243283
VLG12BR_219,444,5604.764,51.41946242597983,4.407640569145733,18388,237.22832900719965,12.700000000000001,0.8180415294556735,70879.31652519212,41066.767416538016,0.022724406646609636,0.022724406646609636
VLG12BR_219,445,5617.464,51.41750848375283,4.406267081465901,18430,237.22832900719965,12.700000000000001,0.8185850832276684,70878.49848366265,41091.682667702305,0.022791934120730675,0.022791934120730675
VLG12BR_219,446,5630.164,51.41555452547198,4.4048937112155775,18471,237.22832900719965,12.700000000000001,0.8191171371869017,70877.67989857943,41116.072786615776,0.02285976404967124,0.02285976404967124
VLG12BR_219,447,5642.864,51.413600551139766,4.4035204583774945,18513,237.22832900719965,12.700000000000001,0.8196643816286346,70876.86078144224,41141.16110859119,0.022927888759494496,0.022927888759494496
VLG12BR_219,448,5655.564,51.411646560758676,4.402147322934387,18555,237.22832900719965,12.700000000000001,0.8202134971704251,70876.04111706061,41166.33721207341,0.02296966842882096,0.02296966842882096
VLG12BR_219,449,5668.264,51.4096925543312,4.400774304868994,18596,237.22832900719965,12.700000000000001,0.8207509847246071,70875.22090356344,41190.98224273743,0.02298745954487375,0.02298745954487375
VLG12BR_219,450,5680.964,51.407738531859835,4.399401404164058,18638,237.22832900719965,12.700000000000001,0.8213038039784317,70874.40015257872,41216.332177846096,0.023004591843761,0.023004591843761
VLG12BR_219,451,5693.664,51.405784493347056,4.3980286208023225,18680,237.22832900719965,12.700000000000001,0.8218585009414541,70873.57884877473,41241.770281025834,0.02302107019147918,0.02302107019147918
VLG12BR_219,452,5706.364,51.40383043879536,4.396655954766536,18721,237.22832900719965,12.700000000000001,0.8224014412715945,70872.75699027379,41266.671345426,0.023036899453272246,0.023036899453272246
VLG12BR_219,453,5719.064,51.401876368207226,4.39528340603945,18763,237.22832900719965,12.700000000000001,0.822959855020601,70871.93458883252,41292.2840469573,0.023052084493632805,0.023052084493632805
VLG12BR_219,454,5731.764,51.39992228158515,4.393910974603818,18805,237.22832900719965,12.700000000000001,0.8235201531036438,70871.1116289775,41317.985306126844,0.023066630176301242,0.023066630176301242
VLG12BR_219,455,5744.464,51.397968178931606,4.392538660442398,18846,237.22832900719965,12.700000000000001,0.8240685654362148,70870.28810882439,41343.14353496191,0.023080541364266974,0.023080541364266974
VLG12BR_219,456,5757.164,51.39601406024909,4.39116646353795,18888,237.22832900719965,12.700000000000001,0.8246325934095495,70869.46404025896,41369.02016516378,0.023093822919767817,0.023093822919767817
VLG12BR_219,457,5769.864,51.39405992554008,4.389794383873239,18929,237.22832900719965,12.700000000000001,0.8251846496401591,70868.63940766554,41394.349772576745,0.023106479704290358,0.023106479704290358
VLG12BR_219,458,5782.564,51.39210577480706,4.388422421431031,18971,237.22832900719965,12.700000000000001,0.825752416220793,70867.8142230159,41420.40229015774,0.02311851657857042,0.02311851657857042
VLG12BR_219,459,5795.264,51.39015160805251,4.387050576194096,19013,237.22832900719965,12.700000000000001,0.8263220781919931,70866.98847059968,41446.54402032248,0.02312993840259276,0.02312993840259276
VLG12BR_219,460,5807.964,51.38819742527893,4.385678848145208,19055,237.22832900719965,12.700000000000001,0.8268936377913214,70866.16214852149,41472.775096361926,0.023140750035591382,0.023140750035591382
VLG12BR_219,461,5820.664,51.386243226488794,4.3843072372671426,19096,237.22832900719965,12.700000000000001,0.8274530519806296,70865.3352548837,41498.45108137066,0.023150956336050084,0.023150956336050084
VLG12BR_219,462,5833.364,51.38428901168458,4.382935743542679,19138,237.22832900719965,12.700000000000001,0.8280283677645615,70864.50780183171,41524.85909185625,0.02316056216170223,0.02316056216170223
VLG12BR_219,463,5846.064,51.382334780868774,4.3815643669546,19180,237.22832900719965,12.700000000000001,0.8286055878444825,70863.67977346395,41551.356846933035,0.0231695723695308,0.0231695723695308
VLG12BR_219,464,5858.764,51.38038053404385,4.380193107485693,19221,237.22832900719965,12.700000000000001,0.8291705319687936,70862.85116787611,41577.293441431335,0.02317799181576924,0.02317799181576924
VLG12BR_219,465,5871.464,51.3784262712123,4.378821965118744,19263,237.22832900719965,12.700000000000001,0.8297515214205278,70862.02199734414,41603.968921780965,0.023185825355900583,0.023185825355900583
VLG12BR_219,466,5884.164,51.376471992376594,4.377450939836548,19305,237.22832900719965,12.700000000000001,0.8303344218490254,70861.19224582272,41630.73454853567,0.023193077844658468,0.023193077844658468
VLG12BR_219,467,5896.864,51.37451769753922,4.376080031621898,19346,237.22832900719965,12.700000000000001,0.8309049152967385,70860.36191140088,41656.93291875711,0.023199754136026964,0.023199754136026964
VLG12BR_219,468,5909.564,51.37256338670265,4.374709240457594,19388,237.22832900719965,12.700000000000001,0.8314915983090319,70859.53100648557,41683.87706775443,0.0232058590832408,0.0232058590832408
VLG12BR_219,469,5922.264,51.37060905986937,4.373338566326436,19430,237.22832900719965,12.700000000000001,0.8320801989910258,70858.69951488727,41710.91176809215,0.023211397538785497,0.023211397538785497
VLG12BR_219,470,5934.964,51.368654717041856,4.37196800921123,19471,237.22832900719965,12.700000000000001,0.8326562611857355,70857.86743468828,41737.37308932755,0.023216374354397763,0.023216374354397763
VLG12BR_219,471,5947.664,51.36670035822259,4.370597569094784,19513,237.22832900719965,12.700000000000001,0.8332486576867795,70857.03477842709,41764.58711506869,0.023220794381065,0.023220794381065
VLG12BR_219,472,5960.364,51.36474598341404,4.369227245959908,19554,237.22832900719965,12.700000000000001,0.8338284281172545,70856.2015297694,41791.22368169815,0.023224662469026325,0.023224662469026325
VLG12BR_219,473,5973.064,51.362791592618684,4.367857039789416,19596,237.22832900719965,12.700000000000001,0.8344246292372872,70855.36770134128,41818.61756955825,0.023227983467772335,0.023227983467772335
VLG12BR_219,474,5985.764,51.360837185839,4.366486950566126,19638,237.22832900719965,12.700000000000001,0.8350227591887462,70854.53327671204,41846.1026895421,0.023230762226045035,0.023230762226045035
VLG12BR_219,475,5998.464,51.35888276307747,4.365116978272859,19680,237.22832900719965,12.700000000000001,0.8356228202291676,70853.69825395285,41873.6791801993,0.023233003591838428,0.023233003591838428
VLG12BR_219,476,6011.164,51.35692832433656,4.363747122892437,19721,237.22832900719965,12.700000000000001,0.8362100783185105,70852.86263113262,41900.669965935056,0.02250274842507594,0.02250274842507594
VLG12BR_219,477,6023.864,51.354973869618746,4.362377384407687,19763,237.22832900719965,12.700000000000001,0.8368139617120702,70852.02642105431,41928.427407084,0.02168816625705575,0.02168816625705575
VLG12BR_219,478,6036.564,51.353019398926506,4.3610077628014405,19805,237.22832900719965,12.700000000000001,0.8374197829193042,70851.1896070926,41956.27663335317,0.020871500703227013,0.020871500703227013
VLG12BR_219,479,6049.264,51.351064912262316,4.359638258056529,19846,237.22832900719965,12.700000000000001,0.8380126682148599,70850.35218730968,41983.53395102849,0.02005279578744293,0.02005279578744293
VLG12BR_219,480,6061.964,51.34911040962864,4.35826887015579,19888,237.22832900719965,12.700000000000001,0.8386223250708382,70849.51417464146,42011.56494981491,0.019232095526781567,0.019232095526781567
VLG12BR_219,481,6074.664,51.34715589102797,4.356899599082061,19930,237.22832900719965,12.700000000000001,0.8392339264741444,70848.67555231639,42039.68815138876,0.01840944393154681,0.01840944393154681
VLG12BR_219,482,6087.364,51.34520135646275,4.355530444818185,19971,237.22832900719965,12.700000000000001,0.8398324585172203,70847.83631838992,42067.21321323638,0.017584885005270556,0.017584885005270556
VLG12BR_219,483,6100.064,51.34324680593548,4.354161407347008,20013,237.22832900719965,12.700000000000001,0.8404479088816881,70846.9964859314,42095.519015739934,0.016758462744713452,0.016758462744713452
VLG12BR_219,484,6112.764,51.34129223944861,4.35279248665138,20055,237.22832900719965,12.700000000000001,0.8410653105352144,70846.15603802253,42123.917441943624,0.01592982951472856,0.01592982951472856
VLG12BR_219,485,6125.464,51.33933765700462,4.351423682714151,20096,237.22832900719965,12.700000000000001,0.8416695088904385,70845.31497271199,42151.71146961318,0.015099520474343799,0.015099520474343799
VLG12BR_219,486,6138.164,51.33738305860598,4.350054995518176,20138,237.22832900719965,12.700000000000001,0.842290772832623,70844.47330320309,42180.29333159614,0.014267632676428266,0.014267632676428266
VLG12BR_219,487,6150.864,51.33542844425516,4.348686425046315,20179,237.22832900719965,12.700000000000001,0.8428987442743359,70843.63101243025,42208.26662398952,0.013434189180083225,0.013434189180083225
VLG12BR_219,488,6163.564,51.333473813954626,4.347317971281428,20221,237.22832900719965,12.700000000000001,0.8435238793617312,70842.78811368598,42237.032479644564,0.012599213040871703,0.012599213040871703
VLG12BR_219,489,6176.264,51.331519167706844,4.34594963420638,20263,237.22832900719965,12.700000000000001,0.8441509769717266,70841.94458980662,42265.891666646785,0.011762727310819909,0.011762727310819909
VLG12BR_219,490,6188.964,51.32956450551429,4.344581413804039,20305,237.22832900719965,12.700000000000001,0.8447800393748921,70841.10043882964,42294.8443290133,0.010924755038417012,0.010924755038417012
VLG12BR_219,491,6201.664,51.327609827379426,4.343213310057275,20346,237.22832900719965,12.700000000000001,0.845395629128971,70840.25565879027,42323.179991332145,0.010085319268616874,0.010085319268616874
VLG12BR_219,492,6214.364,51.32565513330472,4.341845322948963,20388,237.22832900719965,12.700000000000001,0.8460285805138499,70839.41026316113,42352.31777869103,0.009244443042838217,0.009244443042838217
VLG12BR_219,493,6227.064,51.32370042329264,4.340477452461979,20430,237.22832900719965,12.700000000000001,0.8466635034524257,70838.56423458061,42381.549472217324,0.008402149398965676,0.008402149398965676
VLG12BR_219,494,6239.764,51.321745697345655,4.339109698579204,20471,237.22832900719965,12.700000000000001,0.84728481832628,70837.71757107716,42410.15782255114,0.007558461371350697,0.007558461371350697
VLG12BR_219,495,6252.464,51.319790955466225,4.337742061283521,20513,237.22832900719965,12.700000000000001,0.8479236436084128,70836.87028625883,42439.5754955358,0.006713401990811952,0.006713401990811952
VLG12BR_219,496,6265.164,51.31783619765682,4.336374540557817,20554,237.22832900719965,12.700000000000001,0.8485487706402197,70836.02236261521,42468.365597911674,0.005866994284636377,0.005866994284636377
VLG12BR_219,497,6277.864,51.3158814239199,4.335007136384982,20596,237.22832900719965,12.700000000000001,0.8491915071421607,70835.17381384458,42497.96982135734,0.005019261276579868,0.005019261276579868
VLG12BR_219,498,6290.564,51.31392663425793,4.333639848747907,20638,237.22832900719965,12.700000000000001,0.8498362264563282,70834.32462233744,42527.668675247536,0.004170225986868031,0.004170225986868031
VLG12BR_219,499,6303.264,51.31197182867338,4.332272677629491,20680,237.22832900719965,12.700000000000001,0.8504829308573569,70833.474786111,42557.46230698426,0.0033199114321972286,0.0033199114321972286
VLG12BR_219,500,6315.964,51.31001700716871,4.330905623012631,20721,237.22832900719965,12.700000000000001,0.851115754874872,70832.62430318014,42586.61982335001,0.002468340625734866,0.002468340625734866
VLG12BR_219,501,6328.664,51.30806216974638,4.32953868488023,20763,237.22832900719965,12.700000000000001,0.8517663883641005,70831.77318742526,42616.601163455794,0.0016155365771205923,0.0016155365771205923
VLG12BR_219,502,6341.364,51.30610731640885,4.328171863215194,20804,237.22832900719965,12.700000000000001,0.8524030506240043,70830.9214210369,42645.94212245922,0.0007615222924668593,0.0007615222924668593
VLG12BR_219,503,6354.064,51.304152447158586,4.326805158000431,20846,237.22832900719965,12.700000000000001,0.8530576220843009,70830.06901798627,42676.11175084979,0.0,0.0
VLG12BR_219,504,6366.764,51.30219756199805,4.325438569218853,20888,237.22832900719965,12.700000000000001,0.8537141898983855,70829.21596036419,42706.37689267055,0.0,0.0
VLG12BR_219,505,6379.464,51.3002426609297,4.324072096853374,20930,237.22832900719965,12.700000000000001,0.854372756341887,70828.36224617429,42736.73769762487,0.0,0.0
VLG12BR_219,506,6392.164,51.298287743955996,4.3227057408869145,20971,237.22832900719965,12.700000000000001,0.855017168090904,70827.50787341796,42766.44949900874,0.0,0.0
VLG12BR_219,507,6404.864,51.296332811079395,4.321339501302394,21013,237.22832900719965,12.700000000000001,0.8556796903816561,70826.65285624986,42796.99976823285,0.0,0.0
VLG12BR_219,508,6417.564,51.29437786230236,4.319973378082738,21055,237.22832900719965,12.700000000000001,0.8563442180739864,70825.79717655947,42827.64614840434,0.0,0.0
VLG12BR_219,509,6430.264,51.292422897627354,4.318607371210872,21096,237.22832900719965,12.700000000000001,0.8569944531661482,70824.9408323414,42857.63703682774,0.0,0.0
VLG12BR_219,510,6442.964,51.29046791705682,4.317241480669729,21138,237.22832900719965,12.700000000000001,0.8576629500853754,70824.08383788823,42888.47376947444,0.0,0.0
VLG12BR_219,511,6455.664,51.288512920593234,4.315875706442242,21179,237.22832900719965,12.700000000000001,0.8583170625620478,70823.22617493814,42918.650686033834,0.0,0.0
VLG12BR_219,512,6468.364,51.28655790823904,4.314510048511347,21221,237.22832900719965,12.700000000000001,0.8589895375904675,70822.36785787558,42949.67836470734,0.0,0.0
VLG12BR_219,513,6481.064,51.2846028799967,4.313144506859986,21263,237.22832900719965,12.700000000000001,0.8596640292866662,70821.50886833799,42980.80290720938,0.0,0.0
VLG12BR_219,514,6493.764,51.282647835868666,4.3117790814711014,21305,237.22832900719965,12.700000000000001,0.8603405399250028,70820.6492043087,43012.02446676421,0.0,0.0
VLG12BR_219,515,6506.464,51.280692775857396,4.31041377232764,21346,237.22832900719965,12.700000000000001,0.8610024806455472,70819.78886376879,43042.577468902346,0.0,0.0
VLG12BR_219,516,6519.164,51.27873769996535,4.3090485794125515,21388,237.22832900719965,12.700000000000001,0.8616829872592409,70818.92786128815,43073.99117812499,0.0,0.0
VLG12BR_219,517,6531.864,51.27678260819497,4.307683502708788,21429,237.22832900719965,12.700000000000001,0.8623488314445813,70818.06617830088,43104.73196574906,0.0,0.0
VLG12BR_219,518,6544.564,51.27482750054872,4.306318542199307,21471,237.22832900719965,12.700000000000001,0.8630333429080972,70817.20382946944,43136.33842746309,0.0,0.0
VLG12BR_219,519,6557.264,51.272872377029046,4.304953697867067,21513,237.22832900719965,12.700000000000001,0.8637198845700189,70816.34079612653,43168.04267087264,0.0,0.0
VLG12BR_219,520,6569.964,51.27091723763841,4.303588969695029,21555,237.22832900719965,12.700000000000001,0.8644084587018999,70815.47707624196,43199.84485159619,0.0,0.0
VLG12BR_219,521,6582.664,51.268962082379254,4.30222435766616,21596,237.22832900719965,12.700000000000001,0.8650821835828575,70814.61266778327,43230.965288587475,0.0,0.0
VLG12BR_219,522,6595.364,51.26700691125404,4.300859861763428,21638,237.22832900719965,12.700000000000001,0.8657747804086546,70813.74758559969,43262.9614442488,0.0,0.0
VLG12BR_219,523,6608.064,51.26505172426522,4.299495481969805,21680,237.22832900719965,12.700000000000001,0.8664694164605327,70812.88181081928,43295.05600273368,0.0,0.0
VLG12BR_219,524,6620.764,51.263096521415235,4.298131218268266,21721,237.22832900719965,12.700000000000001,0.8671490628366245,70812.01534140282,43326.46217849294,0.0,0.0
VLG12BR_219,525,6633.464,51.26114130270654,4.296767070641789,21763,237.22832900719965,12.700000000000001,0.8678477349244547,70811.14819233998,43358.75163521952,0.0,0.0
VLG12BR_219,526,6646.164,51.25918606814159,4.2954030390733555,21804,237.22832900719965,12.700000000000001,0.8685313238187022,70810.28034460505,43390.348284093874,0.0,0.0
VLG12BR_219,527,6658.864,51.25723081772283,4.29403912354595,21846,237.22832900719965,12.700000000000001,0.8692340407932175,70809.41181328123,43422.833256072125,0.0,0.0
VLG12BR_219,528,6671.564,51.255275551452705,4.29267532404256,21888,237.22832900719965,12.700000000000001,0.8699388082199826,70808.54257924044,43455.417413512645,0.0,0.0
VLG12BR_219,529,6684.264,51.25332026933367,4.2913116405461755,21930,237.22832900719965,12.700000000000001,0.870645628363188,70807.67264043223,43488.10091569706,0.0,0.0
VLG12BR_219,530,6696.964,51.25136497136817,4.289948073039791,21971,237.22832900719965,12.700000000000001,0.8713371764597995,70806.80199480386,43520.082664294256,0.0,0.0
VLG12BR_219,531,6709.664,51.24940965755865,4.288584621506404,22013,237.22832900719965,12.700000000000001,0.8720480592759279,70805.9306576274,43552.96293295078,0.0,0.0
VLG12BR_219,532,6722.364,51.24745432790756,4.287221285929014,22054,237.22832900719965,12.700000000000001,0.8727435758533051,70805.05860956812,43585.13698146181,0.0,0.0
VLG12BR_219,533,6735.064,51.245498982417345,4.285858066290626,22096,237.22832900719965,12.700000000000001,0.873458530168782,70804.18586599227,43618.21464324785,0.0,0.0
VLG12BR_219,534,6747.764,51.24354362109045,4.284494962574244,22138,237.22832900719965,12.700000000000001,0.8741755483960345,70803.3124074621,43651.39244465453,0.0,0.0
VLG12BR_219,535,6760.464,51.24158824392932,4.283131974762879,22180,237.22832900719965,12.700000000000001,0.8748946327921177,70802.43823191371,43684.6705474548,0.0,0.0
VLG12BR_219,536,6773.164,51.2396328509364,4.281769102839545,22221,237.22832900719965,12.700000000000001,0.8755981607374437,70801.56333728091,43717.2334003474,0.0,0.0
VLG12BR_219,537,6785.864,51.23767744211414,4.280406346787256,22263,237.22832900719965,12.700000000000001,0.8763213343630176,70800.68773912017,43750.71016706563,0.0,0.0
VLG12BR_219,538,6798.564,51.23572201746498,4.279043706589033,22305,237.22832900719965,12.700000000000001,0.8770465808659504,70799.81141778581,43784.28771909955,0.0,0.0
VLG12BR_219,539,6811.264,51.23376657699136,4.277681182227898,22346,237.22832900719965,12.700000000000001,0.87775612795181,70798.93437120494,43817.14322540175,0.0,0.0
VLG12BR_219,540,6823.964,51.231811120695724,4.276318773686876,22388,237.22832900719965,12.700000000000001,0.8784854769255097,70798.05661507699,43850.920401178875,0.0,0.0
VLG12BR_219,541,6836.664,51.22985564858052,4.274956480948997,22429,237.22832900719965,12.700000000000001,0.8791990312749607,70797.17812960007,43883.97100129015,0.0,0.0
VLG12BR_219,542,6849.364,51.227900160648176,4.2735943039972915,22471,237.22832900719965,12.700000000000001,0.8799324914957578,70796.2989305688,43917.948442230554,0.0,0.0
VLG12BR_219,543,6862.064,51.22594465690115,4.272232242814796,22513,237.22832900719965,12.700000000000001,0.8806680357257131,70795.4189980773,43952.02748209061,0.0,0.0
VLG12BR_219,544,6874.764,51.22398913734187,4.270870297384548,22555,237.22832900719965,12.700000000000001,0.8814056662075933,70794.53833004157,43986.20828645555,0.0,0.0
VLG12BR_219,545,6887.464,51.222033601972775,4.2695084676895885,22596,237.22832900719965,12.700000000000001,0.8821273098083859,70793.65692437536,44019.65335686019,0.0,0.0
VLG12BR_219,546,6900.164,51.22007805079632,4.268146753712963,22638,237.22832900719965,12.700000000000001,0.8828690691552343,70792.77479706555,44054.03572712135,0.0,0.0
VLG12BR_219,547,6912.864,51.21812248381493,4.266785155437719,22679,237.22832900719965,12.700000000000001,0.8835947457353432,70791.89192799639,44087.67779040347,0.0,0.0
VLG12BR_219,548,6925.564,51.21616690103105,4.265423672846908,22721,237.22832900719965,12.700000000000001,0.8843406426804596,70791.00833325065,44122.262378021565,0.0,0.0
VLG12BR_219,549,6938.264,51.21421130244712,4.264062305923583,22763,237.22832900719965,12.700000000000001,0.8850886369547173,70790.12399260797,44156.94955648536,0.0,0.0
VLG12BR_219,550,6950.964,51.21225568806557,4.262701054650803,22805,237.22832900719965,12.700000000000001,0.8858387307888234,70789.23890397101,44191.73949397287,0.0,0.0
VLG12BR_219,551,6963.664,51.21030005788884,4.261339919011626,22846,237.22832900719965,12.700000000000001,0.8865725482329738,70788.35306524023,44225.7798788066,0.0,0.0
VLG12BR_219,552,6976.364,51.20834441191936,4.259978898989118,22888,237.22832900719965,12.700000000000001,0.8873267971884873,70787.466492692,44260.77335475063,0.0,0.0
VLG12BR_219,553,6989.064,51.20638875015958,4.258617994566345,22930,237.22832900719965,12.700000000000001,0.8880831523289374,70786.5791658948,44295.87009280383,0.0,0.0
VLG12BR_219,554,7001.764,51.20443307261193,4.257257205726377,22971,237.22832900719965,12.700000000000001,0.8888230855573184,70785.69108274247,44330.21031929029,0.0,0.0
VLG12BR_219,555,7014.464,51.20247737927883,4.255896532452288,23013,237.22832900719965,12.700000000000001,0.889583608887959,70784.80225965692,44365.511593636205,0.0,0.0
VLG12BR_219,556,7027.164,51.200521670162736,4.254535974727154,23054,237.22832900719965,12.700000000000001,0.8903276134014108,70783.91267604803,44400.05171749137,0.0,0.0
VLG12BR_219,557,7039.864,51.198565945266076,4.253175532534054,23096,237.22832900719965,12.700000000000001,0.8910923135755429,70783.02234843462,44435.55819495699,0.0,0.0
VLG12BR_219,558,7052.564,51.19661020459128,4.251815205856071,23138,237.22832900719965,12.700000000000001,0.8918591309103568,70782.13125612105,44471.168780365566,0.0,0.0
VLG12BR_219,559,7065.264,51.19465444814078,4.250454994676292,23180,237.22832900719965,12.700000000000001,0.8926280676144193,70781.23939699015,44506.88364586351,0.0,0.0
VLG12BR_219,560,7077.964,51.192698675917015,4.2490948989778055,23221,237.22832900719965,12.700000000000001,0.8933802898257477,70780.34676892254,44541.82798153301,0.0,0.0
VLG12BR_219,561,7090.664,51.190742887922404,4.247734918743704,23263,237.22832900719965,12.700000000000001,0.8941534207224728,70779.45338863271,44577.749402420595,0.0,0.0
VLG12BR_219,562,7103.364,51.188787084159394,4.246375053957082,23304,237.22832900719965,12.700000000000001,0.8949097395411297,70778.55923521199,44612.89560975087,0.0,0.0
VLG12BR_219,563,7116.064,51.186831264630406,4.245015304601039,23346,237.22832900719965,12.700000000000001,0.8956870732195767,70777.66432547245,44649.02426330742,0.0,0.0
VLG12BR_219,564,7128.764,51.18487542933787,4.243655670658677,23388,237.22832900719965,12.700000000000001,0.8964665371615311,70776.76863839923,44685.25805604648,0.0,0.0
VLG12BR_219,565,7141.464,51.18291957828422,4.242296152113102,23430,237.22832900719965,12.700000000000001,0.8972481335579368,70775.87217186207,44721.59716281389,0.0,0.0
VLG12BR_219,566,7154.164,51.18096371147188,4.240936748947421,23471,237.22832900719965,12.700000000000001,0.8980127208318995,70774.97492372851,44757.15158581675,0.0,0.0
VLG12BR_219,567,7166.864,51.17900782890329,4.239577461144746,23513,237.22832900719965,12.700000000000001,0.8987985372207237,70774.07691100768,44793.69929872606,0.0,0.0
VLG12BR_219,568,7179.564,51.17705193058086,4.238218288688191,23555,237.22832900719965,12.700000000000001,0.8995864925650423,70773.17811247046,44830.35284869881,0.0,0.0
VLG12BR_219,569,7192.264,51.175096016507034,4.236859231560875,23596,237.22832900719965,12.700000000000001,0.9003572907038137,70772.27852597789,44866.21458639306,0.0,0.0
VLG12BR_219,570,7204.964,51.17314008668423,4.235500289745919,23638,237.22832900719965,12.700000000000001,0.9011494788556282,70771.37816868718,44903.07777991542,0.0,0.0
VLG12BR_219,571,7217.664,51.17118414111488,4.234141463226447,23679,237.22832900719965,12.700000000000001,0.9019244111964796,70770.47701920832,44939.14440889305,0.0,0.0
VLG12BR_219,572,7230.364,51.1692281798014,4.232782751985586,23721,237.22832900719965,12.700000000000001,0.9027208406310288,70769.57509479712,44976.21793924307,0.0,0.0
VLG12BR_219,573,7243.064,51.16727220274623,4.231424156006467,23763,237.22832900719965,12.700000000000001,0.9035194197709514,70768.67237395649,45013.398186044695,0.0,0.0
VLG12BR_219,574,7255.764,51.16531620995179,4.2300656752722245,23805,237.22832900719965,12.700000000000001,0.9043201507761719,70767.76885453673,45050.68532827569,0.0,0.0
VLG12BR_219,575,7268.464,51.1633602014205,4.228707309765995,23846,237.22832900719965,12.700000000000001,0.9051034268741565,70766.86453438595,45087.1662967521,0.0,0.0
VLG12BR_219,576,7281.164,51.161404177154786,4.227349059470919,23888,237.22832900719965,12.700000000000001,0.9059084161291041,70765.95943095908,45124.6651817384,0.0,0.0
VLG12BR_219,577,7293.864,51.15944813715707,4.22599092437014,23929,237.22832900719965,12.700000000000001,0.9066958511921831,70765.05352254295,45161.35309410871,0.0,0.0
VLG12BR_219,578,7306.564,51.15749208142978,4.224632904446804,23971,237.22832900719965,12.700000000000001,0.9075051070839012,70764.14682669175,45199.064426012206,0.0,0.0
VLG12BR_219,579,7319.264,51.155536009975336,4.223274999684063,24013,237.22832900719965,12.700000000000001,0.908316525478928,70763.23932158467,45236.88354654009,0.0,0.0
VLG12BR_219,580,7331.964,51.15357992279616,4.221917210065068,24055,237.22832900719965,12.700000000000001,0.9091301085132791,70762.33100505918,45274.81063748119,0.0,0.0
VLG12BR_219,581,7344.664,51.151623819894674,4.220559535572976,24096,237.22832900719965,12.700000000000001,0.9099259368938654,70761.42187495067,45311.917052095254,0.0,0.0
VLG12BR_219,582,7357.364,51.149667701273295,4.219201976190947,24138,237.22832900719965,12.700000000000001,0.9107438033441343,70760.51194901377,45350.05801796072,0.0,0.0
VLG12BR_219,583,7370.064,51.14771156693445,4.217844531902143,24180,237.22832900719965,12.700000000000001,0.9115638407648724,70759.60120521043,45388.30749804792,0.0,0.0
VLG12BR_219,584,7382.764,51.14575541688055,4.2164872026897315,24221,237.22832900719965,12.700000000000001,0.9123659728930529,70758.68964136967,45425.7289969154,0.0,0.0
VLG12BR_219,585,7395.464,51.14379925111402,4.21512998853688,24263,237.22832900719965,12.700000000000001,0.9131903061993911,70757.77727539677,45464.19343054127,0.0,0.0
VLG12BR_219,586,7408.164,51.141843069637275,4.213772889426762,24304,237.22832900719965,12.700000000000001,0.9139966339122318,70756.86408509058,45501.82501280884,0.0,0.0
VLG12BR_219,587,7420.864,51.139886872452735,4.212415905342553,24346,237.22832900719965,12.700000000000001,0.9148252713392468,70755.95008845667,45540.50512079661,0.0,0.0
VLG12BR_219,588,7433.564,51.13793065956282,4.211059036267431,24388,237.22832900719965,12.700000000000001,0.9156560901819754,70755.03526318533,45579.29465733696,0.0,0.0
VLG12BR_219,589,7446.264,51.135974430969945,4.20970228218458,24430,237.22832900719965,12.700000000000001,0.9164890925354078,70754.11960709516,45618.193808522024,0.0,0.0
VLG12BR_219,590,7458.964,51.13401818667653,4.208345643077183,24471,237.22832900719965,12.700000000000001,0.9173038867910549,70753.20311800262,45656.25026007705,0.0,0.0
VLG12BR_219,591,7471.664,51.13206192668498,4.206989118928431,24513,237.22832900719965,12.700000000000001,0.9181412097220011,70752.28581411584,45695.36654743199,0.0,0.0
VLG12BR_219,592,7484.364,51.13010565099773,4.205632709721513,24554,237.22832900719965,12.700000000000001,0.9189602235791352,70751.36767290611,45733.63521655951,0.0,0.0
VLG12BR_219,593,7497.064,51.128149359617176,4.204276415439627,24596,237.22832900719965,12.700000000000001,0.9198018752075007,70750.44871268253,45772.969372243686,0.0,0.0
VLG12BR_219,594,7509.764,51.12619305254574,4.202920236065969,24638,237.22832900719965,12.700000000000001,0.9206457206457258,70749.52891080732,45812.414071284096,0.0,0.0
VLG12BR_219,595,7522.464,51.124236729785835,4.201564171583742,24680,237.22832900719965,12.700000000000001,0.9214917619578163,70748.60826508667,45851.96950270089,0.0,0.0
VLG12BR_219,596,7535.164,51.12228039133988,4.20020822197615,24721,237.22832900719965,12.700000000000001,0.9223192903358538,70747.68677332472,45890.66736933673,0.0,0.0
VLG12BR_219,597,7547.864,51.120324037210274,4.198852387226401,24763,237.22832900719965,12.700000000000001,0.9231696765587835,70746.76445403439,45930.44215388914,0.0,0.0
VLG12BR_219,598,7560.564,51.11836766739944,4.197496667317706,24805,237.22832900719965,12.700000000000001,0.9240222647651909,70745.84128435783,45970.32823626353,0.0,0.0
VLG12BR_219,599,7573.264,51.11641128190979,4.19614106223328,24846,237.22832900719965,12.700000000000001,0.9248561868603636,70744.91726209306,46009.3492655299,0.0,0.0
VLG12BR_219,600,7585.964,51.114454880743736,4.19478557195634,24888,237.22832900719965,12.700000000000001,0.9257131319986781,70743.9924059062,46049.45582257494,0.0,0.0
VLG12BR_219,601,7598.664,51.112498463903684,4.193430196470107,24929,237.22832900719965,12.700000000000001,0.9265513090422083,70743.0666927742,46088.69233378492,0.0,0.0
VLG12BR_219,602,7611.364,51.11054203139204,4.192074935757806,24971,237.22832900719965,12.700000000000001,0.9274126190374627,70742.14014146516,46129.02011501596,0.0,0.0
VLG12BR_219,603,7624.064,51.10858558321123,4.190719789802665,25013,237.22832900719965,12.700000000000001,0.9282761410681629,70741.21272884612,46169.46014479781,0.0,0.0
VLG12BR_219,604,7636.764,51.106629119363646,4.189364758587913,25055,237.22832900719965,12.700000000000001,0.9291418771460419,70740.28445270505,46210.012616633656,0.0,0.0
VLG12BR_219,605,7649.464,51.10467263985171,4.188009842096784,25096,237.22832900719965,12.700000000000001,0.9299886392463681,70739.3553108279,46249.6849457337,0.0,0.0
VLG12BR_219,606,7662.164,51.102716144677814,4.186655040312517,25138,237.22832900719965,12.700000000000001,0.9308587559839382,70738.42532218866,46290.46016177417,0.0,0.0
VLG12BR_219,607,7674.864,51.100759633844376,4.185300353218351,25179,237.22832900719965,12.700000000000001,0.9317097960930157,70737.49446343268,46330.350191952704,0.0,0.0
VLG12BR_219,608,7687.564,51.0988031073538,4.18394578079753,25221,237.22832900719965,12.700000000000001,0.9325843012698397,70736.5627536366,46371.3489135236,0.0,0.0
VLG12BR_219,609,7700.264,51.0968465652085,4.182591323033302,25263,237.22832900719965,12.700000000000001,0.9334610303612859,70735.63016933533,46412.461042859766,0.0,0.0
VLG12BR_219,610,7712.964,51.094890007410875,4.181236979908916,25305,237.22832900719965,12.700000000000001,0.9343399853401597,70734.69670830497,46453.68677651506,0.0,0.0
VLG12BR_219,611,7725.664,51.092933433963324,4.179882751407626,25346,237.22832900719965,12.700000000000001,0.9351996564688498,70733.76236831963,46494.0171251893,0.0,0.0
VLG12BR_219,612,7738.364,51.090976844868266,4.178528637512689,25388,237.22832900719965,12.700000000000001,0.9360830153839231,70732.82716866316,46535.467908355604,0.0,0.0
VLG12BR_219,613,7751.064,51.08902024012809,4.177174638207364,25430,237.22832900719965,12.700000000000001,0.936968606016513,70731.89108564777,46577.03288382936,0.0,0.0
VLG12BR_219,614,7763.764,51.087063619745216,4.175820753474916,25471,237.22832900719965,12.700000000000001,0.9378347571143129,70730.95411704175,46617.69479521414,0.0,0.0
VLG12BR_219,615,7776.464,51.085106983722035,4.17446698329861,25513,237.22832900719965,12.700000000000001,0.9387247631396589,70730.01628228463,46659.48598645217,0.0,0.0
VLG12BR_219,616,7789.164,51.08315033206095,4.173113327661717,25554,237.22832900719965,12.700000000000001,0.9395952259862435,70729.0775575215,46700.36899337534,0.0,0.0
VLG12BR_219,617,7801.864,51.08119366476437,4.1717597865475105,25596,237.22832900719965,12.700000000000001,0.940489654940913,70728.13796229551,46742.387179788224,0.0,0.0
VLG12BR_219,618,7814.564,51.07923698183469,4.170406359939266,25638,237.22832900719965,12.700000000000001,0.9413863251723062,70727.19747264058,46784.52054716161,0.0,0.0
VLG12BR_219,619,7827.264,51.07728028327431,4.169053047820264,25680,237.22832900719965,12.700000000000001,0.9422852385883458,70726.2560863154,46826.769296720966,0.0,0.0
VLG12BR_219,620,7839.964,51.07532356908564,4.167699850173787,25721,237.22832900719965,12.700000000000001,0.9431643996130384,70725.31380107682,46868.099506473336,0.0,0.0
VLG12BR_219,621,7852.664,51.07336683927107,4.166346766983122,25763,237.22832900719965,12.700000000000001,0.9440677509456111,70724.37063667721,46910.576831880724,0.0,0.0
VLG12BR_219,622,7865.364,51.071410093832995,4.164993798231558,25804,237.22832900719965,12.700000000000001,0.9449512455872198,70723.42656892627,46952.13044483548,0.0,0.0
VLG12BR_219,623,7878.064,51.069453332773826,4.163640943902389,25846,237.22832900719965,12.700000000000001,0.9458590421934787,70722.48161768068,46994.83713780958,0.0,0.0
VLG12BR_219,624,7890.764,51.06749655609595,4.16228820397891,25888,237.22832900719965,12.700000000000001,0.9467690913160054,70721.53575863848,47037.66021723635,0.0,0.0
VLG12BR_219,625,7903.464,51.06553976380178,4.1609355784444215,25930,237.22832900719965,12.700000000000001,0.9476813948149024,70720.58898954716,47080.599887520686,0.0,0.0
VLG12BR_219,626,7916.164,51.0635829558937,4.1595830672822265,25971,237.22832900719965,12.700000000000001,0.9485736310967192,70719.64130815235,47122.60538354236,0.0,0.0
VLG12BR_219,627,7928.864,51.06162613237411,4.15823067047563,26013,237.22832900719965,12.700000000000001,0.9494903944808497,70718.69273452125,47165.776027039494,0.0,0.0
VLG12BR_219,628,7941.564,51.059669293245406,4.156878388007943,26055,237.22832900719965,12.700000000000001,0.9504094177269563,70717.74324412676,47209.0638728754,0.0,0.0
VLG12BR_219,629,7954.264,51.05771243850998,4.155526219862478,26096,237.22832900719965,12.700000000000001,0.9513082156104343,70716.79283470903,47251.409666909145,0.0,0.0
VLG12BR_219,630,7966.964,51.055755568170234,4.15417416602255,26138,237.22832900719965,12.700000000000001,0.9522317095040297,70715.84152649343,47294.92969881517,0.0,0.0
VLG12BR_219,631,7979.664,51.05379868222855,4.152822226471479,26179,237.22832900719965,12.700000000000001,0.953134872763306,70714.88929478392,47337.50242608022,0.0,0.0
VLG12BR_219,632,7992.364,51.05184178068734,4.151470401192589,26221,237.22832900719965,12.700000000000001,0.9540628443647013,70713.93615991116,47381.255454624355,0.0,0.0
VLG12BR_219,633,8005.064,51.04988486354898,4.150118690169205,26263,237.22832900719965,12.700000000000001,0.9549930847831547,70712.9820970668,47425.12671368581,0.0,0.0
VLG12BR_219,634,8017.764,51.047927930815874,4.148767093384657,26305,237.22832900719965,12.700000000000001,0.9559255957997819,70712.027103982,47469.11641253889,0.0,0.0
VLG12BR_219,635,8030.464,51.0459709824904,4.147415610822277,26346,237.22832900719965,12.700000000000001,0.9568375637100576,70711.0711783862,47512.14818229194,0.0,0.0
VLG12BR_219,636,8043.164,51.04401401857496,4.146064242465402,26388,237.22832900719965,12.700000000000001,0.957774566425514,70710.11434082249,47556.3725216754,0.0,0.0
VLG12BR_219,637,8055.864,51.04205703907195,4.144712988297372,26429,237.22832900719965,12.700000000000001,0.9586909201236169,70709.15656625606,47599.63362459564,0.0,0.0
VLG12BR_219,638,8068.564,51.04010004398375,4.143361848301529,26471,237.22832900719965,12.700000000000001,0.9596324213808695,70708.19787533594,47644.09342790783,0.0,0.0
VLG12BR_219,639,8081.264,51.03814303331275,4.142010822461219,26513,237.22832900719965,12.700000000000001,0.9605762019156758,70707.23824291457,47688.67271546644,0.0,0.0
VLG12BR_219,640,8093.964,51.036186007061346,4.140659910759792,26555,237.22832900719965,12.700000000000001,0.9615222634513972,70706.27766671265,47733.37169986025,0.0,0.0
VLG12BR_219,641,8106.664,51.03422896523192,4.139309113180602,26596,237.22832900719965,12.700000000000001,0.9624474622190542,70705.3161444492,47777.09671274358,0.0,0.0
VLG12BR_219,642,8119.364,51.03227190782686,4.137958429707003,26638,237.22832900719965,12.700000000000001,0.96339803583392,70704.35369698697,47822.03283099247,0.0,0.0
VLG12BR_219,643,8132.064,51.03031483484856,4.136607860322356,26680,237.22832900719965,12.700000000000001,0.9643508955182436,70703.39029895114,47867.08928204786,0.0,0.0
VLG12BR_219,644,8144.764,51.0283577462994,4.135257405010025,26721,237.22832900719965,12.700000000000001,0.9652827318920542,70702.42594805562,47911.16367765235,0.0,0.0
VLG12BR_219,645,8157.464,51.02640064218177,4.133907063753375,26763,237.22832900719965,12.700000000000001,0.9662401135784946,70701.46066532373,47956.45852400349,0.0,0.0
VLG12BR_219,646,8170.164,51.02444352249805,4.132556836535776,26804,237.22832900719965,12.700000000000001,0.9671763650996211,70700.49442521016,48000.76592412501,0.0,0.0
VLG12BR_219,647,8182.864,51.02248638725064,4.131206723340601,26846,237.22832900719965,12.700000000000001,0.968138275274209,70699.52724884506,48046.30000882209,0.0,0.0
VLG12BR_219,648,8195.564,51.0205292364419,4.129856724151228,26888,237.22832900719965,12.700000000000001,0.9691024797448675,70698.55911056978,48091.95549571066,0.0,0.0
VLG12BR_219,649,8208.264,51.018572070074235,4.1285068389510355,26929,237.22832900719965,12.700000000000001,0.9700453927276412,70697.59000809003,48136.615381916155,0.0,0.0
VLG12BR_219,650,8220.964,51.01661488815002,4.127157067723408,26971,237.22832900719965,12.700000000000001,0.9710141352951506,70696.61996269731,48182.51138521548,0.0,0.0
VLG12BR_219,651,8233.664,51.01465769067164,4.125807410451731,27013,237.22832900719965,12.700000000000001,0.9719851769725926,70695.64894856201,48228.529440149956,0.0,0.0
VLG12BR_219,652,8246.364,51.012700477641474,4.124457867119396,27054,237.22832900719965,12.700000000000001,0.972934765375536,70694.67696338503,48273.54369712378,0.0,0.0
VLG12BR_219,653,8259.064,51.0107432490619,4.123108437709797,27096,237.22832900719965,12.700000000000001,0.9739103545607931,70693.70402861966,48319.803556636754,0.0,0.0
VLG12BR_219,654,8271.764,51.00878600493532,4.1217591222063295,27138,237.22832900719965,12.700000000000001,0.974888247568045,70692.7301182651,48366.18612236411,0.0,0.0
VLG12BR_219,655,8284.464,51.00682874526409,4.120409920592395,27180,237.22832900719965,12.700000000000001,0.9758684459571161,70691.75523001753,48412.69161542807,0.0,0.0
VLG12BR_219,656,8297.164,51.004871470050595,4.119060832851397,27221,237.22832900719965,12.700000000000001,0.9768269742019722,70690.77936157158,48458.18229125998,0.0,0.0
VLG12BR_219,657,8309.864,51.00291417929722,4.117711858966743,27263,237.22832900719965,12.700000000000001,0.9778117323515212,70689.80253459737,48504.93132585443,0.0,0.0
VLG12BR_219,658,8322.564,51.000956873006345,4.1163629989218435,27305,237.22832900719965,12.700000000000001,0.978798800453475,70688.82472286501,48551.803949293826,0.0,0.0
VLG12BR_219,659,8335.264,50.99899955118034,4.115014252700114,27346,237.22832900719965,12.700000000000001,0.9797640355557458,70687.84592406456,48597.65345685744,0.0,0.0
VLG12BR_219,660,8347.964,50.99704221382159,4.11366562028497,27388,237.22832900719965,12.700000000000001,0.9807556723403341,70686.866160029,48644.770933929845,0.0,0.0
VLG12BR_219,661,8360.664,50.995084860932465,4.112317101659835,27430,237.22832900719965,12.700000000000001,0.9817496235378315,70685.88540435667,48692.01266659312,0.0,0.0
VLG12BR_219,662,8373.364,50.99312749251534,4.110968696808133,27471,237.22832900719965,12.700000000000001,0.982721578429557,70684.90365473313,48738.222940769505,0.0,0.0
VLG12BR_219,663,8386.064,50.991170108572604,4.10962040571329,27513,237.22832900719965,12.700000000000001,0.9837201070107398,70683.9209331547,48785.71084955917,0.0,0.0
VLG12BR_219,664,8398.764,50.98921270910662,4.10827222835874,27554,237.22832900719965,12.700000000000001,0.9846965306095227,70682.9372130477,48832.16173620877,0.0,0.0
VLG12BR_219,665,8411.464,50.98725529411976,4.106924164727917,27596,237.22832900719965,12.700000000000001,0.9856996422261333,70681.95251651709,48879.896704996325,0.0,0.0
VLG12BR_219,666,8424.164,50.985297863614406,4.10557621480426,27638,237.22832900719965,12.700000000000001,0.9867050754239719,70680.96681687486,48927.75705054527,0.0,0.0
VLG12BR_219,667,8436.864,50.98334041759293,4.10422837857121,27679,237.22832900719965,12.700000000000001,0.9876882395934131,70679.98011179944,48974.57195740826,0.0,0.0
VLG12BR_219,668,8449.564,50.9813829560577,4.102880656012213,27721,237.22832900719965,12.700000000000001,0.9886982641435125,70678.99242355984,49022.68070293459,0.0,0.0
VLG12BR_219,669,8462.264,50.97942547901109,4.10153304711072,27763,237.22832900719965,12.700000000000001,0.9897106144239792,70678.0037252957,49070.915506139274,0.0,0.0
VLG12BR_219,670,8474.964,50.97746798645547,4.10018555185018,27805,237.22832900719965,12.700000000000001,0.9907252918013041,70677.01401468128,49119.27659704537,0.0,0.0
VLG12BR_219,671,8487.664,50.97551047839322,4.098838170214052,27846,237.22832900719965,12.700000000000001,0.9917174802961185,70676.02328938947,49166.58093432155,0.0,0.0
VLG12BR_219,672,8500.364,50.973552954826694,4.097490902185794,27888,237.22832900719965,12.700000000000001,0.9927367597596161,70675.03157190917,49215.19223206626,0.0,0.0
VLG12BR_219,673,8513.064,50.97159541575827,4.09614374774887,27930,237.22832900719965,12.700000000000001,0.9937583703026809,70674.03883514942,49263.930505657714,0.0,0.0
VLG12BR_219,674,8525.764,50.96963786119032,4.094796706886745,27971,237.22832900719965,12.700000000000001,0.9947573269009472,70673.04507677912,49311.60350362062,0.0,0.0
VLG12BR_219,675,8538.464,50.96768029112521,4.093449779582891,28013,237.22832900719965,12.700000000000001,0.9957835472720031,70672.05031945222,49360.59334899849,0.0,0.0
VLG12BR_219,676,8551.164,50.96572270556531,4.092102965820781,28055,237.22832900719965,12.700000000000001,0.9968121025761192,70671.05453590494,49409.71086383263,0.0,0.0
VLG12BR_219,677,8563.864,50.96376510451298,4.090756265583893,28096,237.22832900719965,12.700000000000001,0.9978178384466861,70670.05772380237,49457.754535298576,0.0,0.0
VLG12BR_219,678,8576.564,50.96180748797059,4.0894096788557075,28138,237.22832900719965,12.700000000000001,0.9988510110613171,70669.05990596392,49507.12499770778,0.0,0.0
VLG12BR_219,679,8589.264,50.959849855940504,4.088063205619709,28179,237.22832900719965,12.700000000000001,0.9998612541304516,70668.06105495286,49555.41590263637,0.0,0.0
VLG12BR_219,680,8601.964,50.95789220842509,4.086716845859384,28221,237.22832900719965,12.700000000000001,1.000899048876826,70667.06119369874,49605.04023212861,0.0,0.0
VLG12BR_219,681,8614.664,50.955934545426715,4.085370599558226,28263,237.22832900719965,12.700000000000001,1.0019391846710655,70666.06029464987,49654.7933974559,0.0,0.0
VLG12BR_219,682,8627.364,50.953976866947734,4.084024466699731,28304,237.22832900719965,12.700000000000001,1.0029562247336248,70665.0583554652,49703.45836064405,0.0,0.0
VLG12BR_219,683,8640.064,50.95201917299052,4.082678447267395,28346,237.22832900719965,12.700000000000001,1.0040009896926052,70664.05539924046,49753.466787087695,0.0,0.0
VLG12BR_219,684,8652.764,50.950061463557425,4.081332541244723,28388,237.22832900719965,12.700000000000001,1.0050480991886546,70663.05139825077,49803.60475776181,0.0,0.0
VLG12BR_219,685,8665.464,50.94810373865082,4.0799867486152195,28430,237.22832900719965,12.700000000000001,1.0060975543618795,70662.04635015158,49853.87251197603,0.0,0.0
VLG12BR_219,686,8678.164,50.94614599827306,4.078641069362395,28471,237.22832900719965,12.700000000000001,1.0071236911321333,70661.04025259722,49903.04044150321,0.0,0.0
VLG12BR_219,687,8690.864,50.944188242426506,4.077295503469763,28513,237.22832900719965,12.700000000000001,1.0081777844256608,70660.03312890609,49953.56533663509,0.0,0.0
VLG12BR_219,688,8703.564,50.942230471113525,4.075950050920841,28555,237.22832900719965,12.700000000000001,1.009234226691496,70659.02495112165,50004.22073124544,0.0,0.0
VLG12BR_219,689,8716.264,50.94027268433647,4.074604711699148,28596,237.22832900719965,12.700000000000001,1.0102671834165244,70658.01571689497,50053.767546798124,0.0,0.0
VLG12BR_219,690,8728.964,50.9383148820977,4.07325948578821,28638,237.22832900719965,12.700000000000001,1.011328270165159,70657.00544971155,50104.68150241432,0.0,0.0
VLG12BR_219,691,8741.664,50.93635706439957,4.071914373171554,28680,237.22832900719965,12.700000000000001,1.0123917090308403,70655.99412144138,50155.726679149884,0.0,0.0
VLG12BR_219,692,8754.364,50.93439923124445,4.070569373832712,28721,237.22832900719965,12.700000000000001,1.0134314948209373,70654.98172973236,50205.6544748673,0.0,0.0
VLG12BR_219,693,8767.064,50.93244138263468,4.06922448775522,28763,237.22832900719965,12.700000000000001,1.0144995842303541,70653.96829823754,50256.959644010705,0.0,0.0
VLG12BR_219,694,8779.764,50.93048351857262,4.067879714922617,28804,237.22832900719965,12.700000000000001,1.015543909110666,70652.95379865331,50307.1415614858,0.0,0.0
VLG12BR_219,695,8792.464,50.92852563906064,4.066535055318445,28846,237.22832900719965,12.700000000000001,1.0166166529174314,70651.9382547442,50358.70767973347,0.0,0.0
VLG12BR_219,696,8805.164,50.92656774410107,4.065190508926251,28888,237.22832900719965,12.700000000000001,1.0176917537286183,70650.92163809127,50410.40623265675,0.0,0.0
VLG12BR_219,697,8817.864,50.92460983369628,4.063846075729585,28929,237.22832900719965,12.700000000000001,1.018742921830171,70649.90394633754,50460.972651921766,0.0,0.0
VLG12BR_219,698,8830.564,50.922651907848625,4.0625017557120024,28971,237.22832900719965,12.700000000000001,1.0198226825778958,70648.8852034157,50512.933604393664,0.0,0.0
VLG12BR_219,699,8843.264,50.92069396656045,4.06115754885706,29013,237.22832900719965,12.700000000000001,1.0209048030519616,70647.86538073313,50565.027728614434,0.0,0.0
VLG12BR_219,700,8855.964,50.918736009834106,4.05981345514832,29055,237.22832900719965,12.700000000000001,1.021989284129531,70646.84447593008,50617.25527358602,0.0,0.0
VLG12BR_219,701,8868.664,50.91677803767195,4.058469474569348,29096,237.22832900719965,12.700000000000001,1.0230496072127622,70645.82248664595,50668.3387423102,0.0,0.0
VLG12BR_219,702,8881.364,50.91482005007634,4.057125607103712,29138,237.22832900719965,12.700000000000001,1.0241387551169252,70644.79943703873,50720.83064275864,0.0,0.0
VLG12BR_219,703,8894.064,50.9128620470496,4.055781852734986,29180,237.22832900719965,12.700000000000001,1.0252302661219073,70643.77529828361,50773.45670890502,0.0,0.0
VLG12BR_219,704,8906.764,50.9109040285941,4.0544382114467465,29221,237.22832900719965,12.700000000000001,1.026297450078518,70642.75006801749,50824.92970266134,0.0,0.0
VLG12BR_219,705,8919.464,50.90894599471219,4.053094683222574,29263,237.22832900719965,12.700000000000001,1.0273936326733055,70641.7237705674,50877.821601926684,0.0,0.0
VLG12BR_219,706,8932.164,50.90698794540621,4.051751268046054,29305,237.22832900719965,12.700000000000001,1.0284921806924516,70640.69637693473,50930.84841779013,0.0,0.0
VLG12BR_219,707,8944.864,50.9050298806785,4.050407965900774,29346,237.22832900719965,12.700000000000001,1.0295662322477788,70639.66788475405,50982.71311560366,0.0,0.0
VLG12BR_219,708,8957.564,50.903071800531414,4.049064776770328,29388,237.22832900719965,12.700000000000001,1.030669456271736,70638.6383185218,51036.007254039534,0.0,0.0
VLG12BR_219,709,8970.264,50.9011137049673,4.047721700638309,29429,237.22832900719965,12.700000000000001,1.0317480711499463,70637.60764906553,51088.13324090065,0.0,0.0
VLG12BR_219,710,8982.964,50.8991555939885,4.04637873748832,29471,237.22832900719965,12.700000000000001,1.0328559739133107,70636.57590099437,51141.69569742626,0.0,0.0
VLG12BR_219,711,8995.664,50.89719746759736,4.045035887303963,29513,237.22832900719965,12.700000000000001,1.0339662455689171,70635.54304502046,51195.39433335489,0.0,0.0
VLG12BR_219,712,9008.364,50.89523932579622,4.043693150068847,29554,237.22832900719965,12.700000000000001,1.035051738079542,70634.50907877489,51247.915688776135,0.0,0.0
VLG12BR_219,713,9021.064,50.89328116858742,4.042350525766585,29596,237.22832900719965,12.700000000000001,1.036166692288171,70633.4740270368,51301.88415212962,0.0,0.0
VLG12BR_219,714,9033.764,50.89132299597331,4.0410080143807905,29638,237.22832900719965,12.700000000000001,1.0372840172252191,70632.43786034452,51355.98956189885,0.0,0.0
VLG12BR_219,715,9046.464,50.88936480795623,4.0396656158950845,29680,237.22832900719965,12.700000000000001,1.0384037134645796,70631.4005763273,51410.23217720516,0.0,0.0
VLG12BR_219,716,9059.164,50.887406604538505,4.038323330293091,29721,237.22832900719965,12.700000000000001,1.0394984029054581,70630.36217261384,51463.285236406155,0.0,0.0
VLG12BR_219,717,9071.864,50.88544838572249,4.036981157558437,29763,237.22832900719965,12.700000000000001,1.0406227862056352,70629.32267421093,51517.79971454497,0.0,0.0
VLG12BR_219,718,9084.564,50.88349015151052,4.035639097674756,29805,237.22832900719965,12.700000000000001,1.0417495423860657,70628.28205142471,51572.45217345572,0.0,0.0
VLG12BR_219,719,9097.264,50.881531901904935,4.034297150625682,29846,237.22832900719965,12.700000000000001,1.0428511209885105,70627.24030188232,51625.90582854564,0.0,0.0
VLG12BR_219,720,9109.964,50.87957363690807,4.032955316394856,29888,237.22832900719965,12.700000000000001,1.0439825671512106,70626.19745076133,51680.83168802436,0.0,0.0
VLG12BR_219,721,9122.664,50.87761535652226,4.031613594965922,29930,237.22832900719965,12.700000000000001,1.0451163875725922,70625.15346819418,51735.8963097267,0.0,0.0
VLG12BR_219,722,9135.364,50.875657060749845,4.030271986322528,29971,237.22832900719965,12.700000000000001,1.0462248593172876,70624.10835180662,51789.75282836539,0.0,0.0
VLG12BR_219,723,9148.064,50.87369874959316,4.028930490448326,30013,237.22832900719965,12.700000000000001,1.0473633722428557,70623.0621269473,51845.09240070623,0.0,0.0
VLG12BR_219,724,9160.764,50.87174042305453,4.027589107326973,30054,237.22832900719965,12.700000000000001,1.0484764227162533,70622.01476357506,51899.21766697617,0.0,0.0
VLG12BR_219,725,9173.464,50.8697820811363,4.0262478369421295,30096,237.22832900719965,12.700000000000001,1.0496196295948728,70620.96628715235,51954.83322601173,0.0,0.0
VLG12BR_219,726,9186.164,50.8678237238408,4.02490667927746,30138,237.22832900719965,12.700000000000001,1.050765212569073,70619.91666752275,52010.58886150401,0.0,0.0
VLG12BR_219,727,9198.864,50.865865351170356,4.023565634316633,30179,237.22832900719965,12.700000000000001,1.0518851614820495,70618.86590231018,52065.12080502773,0.0,0.0
VLG12BR_219,728,9211.564,50.863906963127306,4.022224702043322,30221,237.22832900719965,12.700000000000001,1.0530354402422566,70617.8140171487,52121.15399805039,0.0,0.0
VLG12BR_219,729,9224.264,50.86194855971397,4.020883882441204,30263,237.22832900719965,12.700000000000001,1.0541880959181418,70616.76098170846,52177.328065810085,0.0,0.0
VLG12BR_219,730,9236.964,50.85999014093269,4.019543175493962,30305,237.22832900719965,12.700000000000001,1.0553431287359756,70615.70679361254,52233.6432779969,0.0,0.0
VLG12BR_219,731,9249.664,50.85803170678578,4.018202581185281,30346,237.22832900719965,12.700000000000001,1.0564722977604584,70614.6514504838,52288.72217608535,0.0,0.0
VLG12BR_219,732,9262.364,50.85607325727558,4.016862099498851,30388,237.22832900719965,12.700000000000001,1.0576320281414526,70613.59497818604,52345.317064218674,0.0,0.0
VLG12BR_219,733,9275.064,50.85411479240442,4.015521730418366,30430,237.22832900719965,12.700000000000001,1.0587941361893174,70612.5373461579,52402.053903648026,0.0,0.0
VLG12BR_219,734,9287.764,50.85215631217461,4.014181473927526,30471,237.22832900719965,12.700000000000001,1.0599302081645476,70611.47855202171,52457.54491946948,0.0,0.0
VLG12BR_219,735,9300.464,50.850197816588484,4.012841330010034,30513,237.22832900719965,12.700000000000001,1.0610970145887713,70610.41862181354,52514.563035347535,0.0,0.0
VLG12BR_219,736,9313.164,50.84823930564837,4.0115012986495975,30555,237.22832900719965,12.700000000000001,1.0622661989770337,70609.35752479895,52571.723915885275,0.0,0.0
VLG12BR_219,737,9325.864,50.84628077935658,4.0101613798299285,30596,237.22832900719965,12.700000000000001,1.0634091747438492,70608.29525859997,52627.62940968173,0.0,0.0
VLG12BR_219,738,9338.564,50.84432223771545,4.008821573534743,30638,237.22832900719965,12.700000000000001,1.0645830578658217,70607.23184942522,52685.07318005694,0.0,0.0
VLG12BR_219,739,9351.264,50.842363680727296,4.007481879747764,30679,237.22832900719965,12.700000000000001,1.0657306176562917,70606.16726636735,52741.25518430963,0.0,0.0
VLG12BR_219,740,9363.964,50.840405108394435,4.006142298452715,30721,237.22832900719965,12.700000000000001,1.0669091994920847,70605.1015357497,52798.9829229265,0.0,0.0
VLG12BR_219,741,9376.664,50.838446520719195,4.004802829633325,30763,237.22832900719965,12.700000000000001,1.068090159265652,70604.0346265502,52856.85479415956,0.0,0.0
VLG12BR_219,742,9389.364,50.836487917703884,4.003463473273332,30804,237.22832900719965,12.700000000000001,1.069244622734733,70602.96653639093,52913.45524595395,0.0,0.0
VLG12BR_219,743,9402.064,50.83452929935083,4.002124229356472,30846,237.22832900719965,12.700000000000001,1.0704302807945205,70601.8972917682,52971.61272051308,0.0,0.0
VLG12BR_219,744,9414.764,50.83257066566234,4.0007850978664905,30888,237.22832900719965,12.700000000000001,1.0716183164531294,70600.8268614874,53029.91515863483,0.0,0.0
VLG12BR_219,745,9427.464,50.83061201664074,3.9994460787871358,30930,237.22832900719965,12.700000000000001,1.0728087295405748,70599.75524317095,53088.36284105121,0.0,0.0
VLG12BR_219,746,9440.164,50.82865335228834,3.9981071721021606,30971,237.22832900719965,12.700000000000001,1.0739724148536298,70598.6824344414,53145.52612126261,0.0,0.0
VLG12BR_219,747,9452.864,50.82669467260746,3.996768377795323,31013,237.22832900719965,12.700000000000001,1.0751675248918318,70597.60846202655,53204.261612146525,0.0,0.0
VLG12BR_219,748,9465.564,50.824735977600405,3.995429695850385,31055,237.22832900719965,12.700000000000001,1.0763650116843078,70596.53329450166,53263.14318724637,0.0,0.0
VLG12BR_219,749,9478.264,50.822777267269494,3.9940911262511145,31096,237.22832900719965,12.700000000000001,1.0775355971878802,70595.45692948997,53320.730578175884,0.0,0.0
VLG12BR_219,750,9490.964,50.82081854161704,3.992752668981283,31138,237.22832900719965,12.700000000000001,1.0787377793440829,70594.37939389278,53379.90162782827,0.0,0.0
VLG12BR_219,751,9503.664,50.81885980064534,3.9914143240246682,31180,237.22832900719965,12.700000000000001,1.079942337321348,70593.30065611344,53439.21960840522,0.0,0.0
VLG12BR_219,752,9516.364,50.81690104435672,3.9900760913650517,31221,237.22832900719965,12.700000000000001,1.0811198202836079,70592.22071377611,53497.23356703563,0.0,0.0
VLG12BR_219,753,9529.064,50.81494227275348,3.98873797098622,31263,237.22832900719965,12.700000000000001,1.082329071520148,70591.13959395583,53556.84270171785,0.0,0.0
VLG12BR_219,754,9541.764,50.812983485837925,3.9873999628719647,31304,237.22832900719965,12.700000000000001,1.0835111322828492,70590.05726488431,53615.14125150919,0.0,0.0
VLG12BR_219,755,9554.464,50.81102468361237,3.9860620670060833,31346,237.22832900719965,12.700000000000001,1.084725075089735,70588.97375375203,53675.04266295454,0.0,0.0
VLG12BR_219,756,9567.164,50.80906586607911,3.984724283372377,31388,237.22832900719965,12.700000000000001,1.0859413915741858,70587.88902867693,53735.09242942259,0.0,0.0
VLG12BR_219,757,9579.864,50.807107033240456,3.9833866119546526,31429,237.22832900719965,12.700000000000001,1.087130343534846,70586.80308728536,53793.82167936028,0.0,0.0
VLG12BR_219,758,9592.564,50.805148185098716,3.9820490527367225,31471,237.22832900719965,12.700000000000001,1.088351348595375,70585.71595694181,53854.16542482047,0.0,0.0
VLG12BR_219,759,9605.264,50.803189321656184,3.9807116057024032,31513,237.22832900719965,12.700000000000001,1.0895747256791535,70584.62760559322,53914.65839038963,0.0,0.0
VLG12BR_219,760,9617.964,50.80123044291516,3.9793742708355175,31555,237.22832900719965,12.700000000000001,1.0908004741667923,70583.53803086755,53975.300868340346,0.0,0.0
VLG12BR_219,761,9630.664,50.799271548877954,3.978037048119893,31596,237.22832900719965,12.700000000000001,1.0919986253200153,70582.44723039339,54034.609471642805,0.0,0.0
VLG12BR_219,762,9643.364,50.79731263954685,3.976699937539362,31638,237.22832900719965,12.700000000000001,1.0932290575182309,70581.35523176807,54095.54822436948,0.0,0.0
VLG12BR_219,763,9656.064,50.79535371492416,3.975362939077763,31680,237.22832900719965,12.700000000000001,1.0944618590862727,70580.26200271056,54156.63736394598,0.0,0.0
VLG12BR_219,764,9668.764,50.793394775012175,3.97402605271894,31721,237.22832900719965,12.700000000000001,1.0956668888777954,70579.16754085147,54216.382563329724,0.0,0.0
VLG12BR_219,765,9681.464,50.79143581981319,3.9726892784467416,31763,237.22832900719965,12.700000000000001,1.0969043698503465,70578.07187396259,54277.76971231807,0.0,0.0
VLG12BR_219,766,9694.164,50.789476849329496,3.9713526162450226,31805,237.22832900719965,12.700000000000001,1.0981442178663627,70576.97496959273,54339.308129720404,0.0,0.0
VLG12BR_219,767,9706.864,50.787517863563394,3.9700160660976427,31846,237.22832900719965,12.700000000000001,1.0993561195192643,70575.87682537487,54399.49248329265,0.0,0.0
VLG12BR_219,768,9719.564,50.78555886251717,3.9686796279884677,31888,237.22832900719965,12.700000000000001,1.100600642049208,70574.77746925535,54461.33065882308,0.0,0.0
VLG12BR_219,769,9732.264,50.78359984619312,3.9673433019013693,31929,237.22832900719965,12.700000000000001,1.1018171022239038,70573.6768686133,54521.80801651503,0.0,0.0
VLG12BR_219,770,9744.964,50.78164081459352,3.9660070878202243,31971,237.22832900719965,12.700000000000001,1.1030662956914052,70572.57505151107,54583.94711909454,0.0,0.0
VLG12BR_219,771,9757.664,50.779681767720675,3.9646709857289157,32013,237.22832900719965,12.700000000000001,1.1043178516645757,70571.47198521538,54646.238972876825,0.0,0.0
VLG12BR_219,772,9770.364,50.77772270557686,3.963334995611332,32054,237.22832900719965,12.700000000000001,1.1055411704880145,70570.36766736371,54707.159787479424,0.0,0.0
VLG12BR_219,773,9783.064,50.77576362816438,3.9619991174513682,32096,237.22832900719965,12.700000000000001,1.106797391504201,70569.26212619322,54769.75434073753,0.0,0.0
VLG12BR_219,774,9795.764,50.773804535485496,3.960663351232925,32138,237.22832900719965,12.700000000000001,1.1080559718860878,70568.15532880172,54832.50254597829,0.0,0.0
VLG12BR_219,775,9808.464,50.7718454275425,3.959327696939908,32180,237.22832900719965,12.700000000000001,1.1093169105070197,70567.04727282983,54895.404707541136,0.0,0.0
VLG12BR_219,776,9821.164,50.76988630433768,3.957992154556231,32221,237.22832900719965,12.700000000000001,1.110549378286115,70565.93795591933,54956.92208110005,0.0,0.0
VLG12BR_219,777,9833.864,50.76792716587331,3.9566567240658124,32263,237.22832900719965,12.700000000000001,1.1118149730999958,70564.82740654105,55020.12933269484,0.0,0.0
VLG12BR_219,778,9846.564,50.76596801215167,3.955321405452578,32305,237.22832900719965,12.700000000000001,1.1130829225852936,70563.71559156795,55083.491451203125,0.0,0.0
VLG12BR_219,779,9859.264,50.764008843175034,3.9539861987004583,32346,237.22832900719965,12.700000000000001,1.1143222262143437,70562.60250864536,55145.45842097647,0.0,0.0
VLG12BR_219,780,9871.964,50.762049658945685,3.9526511037933916,32388,237.22832900719965,12.700000000000001,1.1155948245206464,70561.48818641914,55209.12743583359,0.0,0.0
VLG12BR_219,781,9884.664,50.7600904594659,3.9513161207153225,32430,237.22832900719965,12.700000000000001,1.1168697736018445,70560.37259159463,55272.95223561685,0.0,0.0
VLG12BR_219,782,9897.364,50.758131244737946,3.9499812494502016,32471,237.22832900719965,12.700000000000001,1.118115901745088,70559.25572182103,55335.37146545977,0.0,0.0
VLG12BR_219,783,9910.064,50.7561720147641,3.9486464899819866,32513,237.22832900719965,12.700000000000001,1.1193954916180138,70558.13760591928,55399.50498263564,0.0,0.0
VLG12BR_219,784,9922.764,50.75421276954662,3.947311842294642,32554,237.22832900719965,12.700000000000001,1.1206461442758235,70557.01821042766,55462.22597697071,0.0,0.0
VLG12BR_219,785,9935.464,50.75225350908779,3.945977306372139,32596,237.22832900719965,12.700000000000001,1.1219303692394007,70555.89756428338,55526.6694288426,0.0,0.0
VLG12BR_219,786,9948.164,50.750294233389866,3.9446428821984556,32638,237.22832900719965,12.700000000000001,1.1232169377447847,70554.77563391415,55591.27020980905,0.0,0.0
VLG12BR_219,787,9960.864,50.748334942455124,3.9433085697575767,32679,237.22832900719965,12.700000000000001,1.124474393878669,70553.6524169764,55654.44794501692,0.0,0.0
VLG12BR_219,788,9973.564,50.746375636285826,3.941974369033495,32721,237.22832900719965,12.700000000000001,1.1257655883177096,70552.52794258253,55719.36050652475,0.0,0.0
VLG12BR_219,789,9986.264,50.74441631488423,3.9406402800102094,32763,237.22832900719965,12.700000000000001,1.127059121488137,70551.4021769942,55784.43133524013,0.0,0.0
VLG12BR_219,790,9998.964,50.742456978252605,3.939306302671727,32805,237.22832900719965,12.700000000000001,1.1283549916932576,70550.27511787272,55849.66074812397,0.0,0.0
VLG12BR_219,791,10011.664,50.7404976263932,3.937972437002062,32846,237.22832900719965,12.700000000000001,1.1296215154811495,70549.14676288102,55913.452959693255,0.0,0.0
VLG12BR_219,792,10024.364,50.73853825930828,3.936638682985236,32888,237.22832900719965,12.700000000000001,1.130921998292316,70548.01714136553,55978.9966428049,0.0,0.0
VLG12BR_219,793,10037.064,50.7365788770001,3.9353050406052783,32930,237.22832900719965,12.700000000000001,1.1322248128482064,70546.88621936724,56044.69985846268,0.0,0.0
VLG12BR_219,794,10049.764,50.73461947947091,3.9339715098462267,32971,237.22832900719965,12.700000000000001,1.1334981058079465,70545.7539945544,56108.95520477336,0.0,0.0
VLG12BR_219,795,10062.464,50.732660066722964,3.932638090692126,33013,237.22832900719965,12.700000000000001,1.1348055221562436,70544.6204964486,56174.974571959996,0.0,0.0
VLG12BR_219,796,10075.164,50.73070063875851,3.93130478312703,33055,237.22832900719965,12.700000000000001,1.1361152645908623,70543.48569092643,56241.15442783528,0.0,0.0
VLG12BR_219,797,10087.864,50.72874119557981,3.929971587134999,33096,237.22832900719965,12.700000000000001,1.1373953102714256,70542.34957566185,56305.87568337031,0.0,0.0
VLG12BR_219,798,10100.564,50.72678173718909,3.928638502700103,33138,237.22832900719965,12.700000000000001,1.1387096429487757,70541.21218035158,56372.373587484704,0.0,0.0
VLG12BR_219,799,10113.264,50.72482226358861,3.927305529806421,33179,237.22832900719965,12.700000000000001,1.139994162594261,70540.07347070862,56437.40573129532,0.0,0.0
VLG12BR_219,800,10125.964,50.7228627747806,3.925972668438039,33221,237.22832900719965,12.700000000000001,1.141313077431871,70538.93347654602,56504.222951571675,0.0,0.0
VLG12BR_219,801,10138.664,50.72090327076731,3.924639918579053,33263,237.22832900719965,12.700000000000001,1.142634308101791,70537.79216346859,56571.202268923094,0.0,0.0
VLG12BR_219,802,10151.364,50.718943751550974,3.923307280213567,33305,237.22832900719965,12.700000000000001,1.1439578524027363,70536.6495291605,56638.34401082795,0.0,0.0
VLG12BR_219,803,10164.064,50.716984217133835,3.921974753325695,33346,237.22832900719965,12.700000000000001,1.1452513497737096,70535.5055713081,56704.00549947767,0.0,0.0
VLG12BR_219,804,10176.764,50.715024667518115,3.9206423378995594,33388,237.22832900719965,12.700000000000001,1.146579458943867,70534.36031995832,56771.46912983569,0.0,0.0
VLG12BR_219,805,10189.464,50.713065102706054,3.9193100339192926,33430,237.22832900719965,12.700000000000001,1.1479098749312553,70533.21374049937,56839.09616461343,0.0,0.0
VLG12BR_219,806,10202.164,50.71110552269988,3.9179778413690367,33471,237.22832900719965,12.700000000000001,1.1492100690103628,70532.06583062444,56905.23202318234,0.0,0.0
VLG12BR_219,807,10214.864,50.70914592750182,3.916645760232943,33513,237.22832900719965,12.700000000000001,1.1505450360094982,70530.91662055544,56973.18289020358,0.0,0.0
VLG12BR_219,808,10227.564,50.70718631711411,3.915313790495174,33555,237.22832900719965,12.700000000000001,1.1518823026098404,70529.76607551942,57041.298149564594,0.0,0.0
VLG12BR_219,809,10240.264,50.705226691538954,3.913981932139901,33596,237.22832900719965,12.700000000000001,1.1531891724239896,70528.61419321681,57107.91124473485,0.0,0.0
VLG12BR_219,810,10252.964,50.70326705077858,3.9126501851513065,33638,237.22832900719965,12.700000000000001,1.1545309753753248,70527.46100404438,57176.3522961123,0.0,0.0
VLG12BR_219,811,10265.664,50.701307394835204,3.9113185495135836,33680,237.22832900719965,12.700000000000001,1.1558750703008585,70526.30647306901,57244.95873587732,0.0,0.0
VLG12BR_219,812,10278.364,50.69934772371104,3.9099870252109366,33721,237.22832900719965,12.700000000000001,1.1571885936838162,70525.15059799871,57312.05195791345,0.0,0.0
VLG12BR_219,813,10291.064,50.6973880374083,3.90865561222758,33763,237.22832900719965,12.700000000000001,1.1585372094788955,70523.99340940503,57380.98616559805,0.0,0.0
VLG12BR_219,814,10303.764,50.6954283359292,3.9073243105477413,33804,237.22832900719965,12.700000000000001,1.159855137776964,70522.83487219554,57448.39977999636,0.0,0.0
VLG12BR_219,815,10316.464,50.69346861927593,3.905993120155658,33846,237.22832900719965,12.700000000000001,1.161208263701301,70521.67501705776,57517.66307650552,0.0,0.0
VLG12BR_219,816,10329.164,50.69150888745071,3.90466204103558,33888,237.22832900719965,12.700000000000001,1.1625636679742357,70520.51380879406,57587.09343700426,0.0,0.0
VLG12BR_219,817,10341.864,50.68954914045573,3.9033310731717696,33930,237.22832900719965,12.700000000000001,1.163921347698785,70519.35124512609,57656.69120267063,0.0,0.0
VLG12BR_219,818,10354.564,50.6875893782932,3.9020002165485015,33971,237.22832900719965,12.700000000000001,1.1652481068197647,70518.18732377839,57724.75344472562,0.0,0.0
VLG12BR_219,819,10367.264,50.6856296009653,3.9006694711500636,34013,237.22832900719965,12.700000000000001,1.1666102739180486,70517.02207567157,57794.68297910596,0.0,0.0
VLG12BR_219,820,10379.964,50.68366980847423,3.8993388369607564,34055,237.22832900719965,12.700000000000001,1.1679747075542721,70515.85546539766,57864.78093953862,0.0,0.0
VLG12BR_219,821,10392.664,50.68171000082217,3.8980083139648944,34096,237.22832900719965,12.700000000000001,1.169308046327303,70514.6874906901,57933.33212293776,0.0,0.0
VLG12BR_219,822,10405.364,50.67975017801131,3.8966779021468056,34138,237.22832900719965,12.700000000000001,1.1706769492869025,70513.51818264378,58003.76387727849,0.0,0.0
VLG12BR_219,823,10418.064,50.677790340043835,3.8953476014908324,34180,237.22832900719965,12.700000000000001,1.1720481094235753,70512.34750569449,58074.365086989244,0.0,0.0
VLG12BR_219,824,10430.764,50.67583048692191,3.894017411981331,34221,237.22832900719965,12.700000000000001,1.1733880006489155,70511.17545758506,58143.40819852888,0.0,0.0
VLG12BR_219,825,10443.464,50.67387061864772,3.892687333602674,34263,237.22832900719965,12.700000000000001,1.1747636111659074,70510.00206958441,58214.34524407792,0.0,0.0
VLG12BR_219,826,10456.164,50.67191073522342,3.891357366339248,34305,237.22832900719965,12.700000000000001,1.1761414690425662,70508.82730597325,58285.45278282605,0.0,0.0
VLG12BR_219,827,10468.864,50.66995083665119,3.8900275101754564,34346,237.22832900719965,12.700000000000001,1.1774878841951277,70507.6511645042,58354.990833998454,0.0,0.0
VLG12BR_219,828,10481.564,50.667990922933186,3.8886977650957184,34388,237.22832900719965,12.700000000000001,1.1788701725977713,70506.47367662001,58426.436267407335,0.0,0.0
VLG12BR_219,829,10494.264,50.66603099407156,3.88736813108447,34429,237.22832900719965,12.700000000000001,1.180220903012657,70505.2948064474,58496.304613180866,0.0,0.0
VLG12BR_219,830,10506.964,50.66407105006847,3.8860386081261646,34471,237.22832900719965,12.700000000000001,1.181607608247049,70504.11458554439,58568.08931763484,0.0,0.0
VLG12BR_219,831,10519.664,50.66211109092607,3.8847091962052738,34513,237.22832900719965,12.700000000000001,1.1829965434682364,70502.93297793614,58640.0462612734,0.0,0.0
VLG12BR_219,832,10532.364,50.66015111664649,3.8833798953062866,34555,237.22832900719965,12.700000000000001,1.1843877050066678,70501.74998139267,58712.17579962156,0.0,0.0
VLG12BR_219,833,10545.064,50.65819112723188,3.882050705413712,34596,237.22832900719965,12.700000000000001,1.1857470770000658,70500.56559368766,58782.712864551424,0.0,0.0
VLG12BR_219,834,10557.764,50.65623112268437,3.880721626512078,34638,237.22832900719965,12.700000000000001,1.1871426265464624,70499.37984661065,58855.184466513405,0.0,0.0
VLG12BR_219,835,10570.464,50.65427110300608,3.879392658585933,34680,237.22832900719965,12.700000000000001,1.1885403911658092,70498.19270398411,58927.82972702767,0.0,0.0
VLG12BR_219,836,10583.164,50.65231106819915,3.878063801619846,34721,237.22832900719965,12.700000000000001,1.189906193282701,70497.00416359294,58998.87091655977,0.0,0.0
VLG12BR_219,837,10595.864,50.65035101826568,3.876735055598408,34763,237.22832900719965,12.700000000000001,1.1913083232080242,70495.81425739966,59071.86035113898,0.0,0.0
VLG12BR_219,838,10608.564,50.648390953207794,3.8754064205062324,34805,237.22832900719965,12.700000000000001,1.1927126564669033,70494.62294907645,59145.0245169472,0.0,0.0
VLG12BR_219,839,10621.264,50.6464308730276,3.874077896327955,34846,237.22832900719965,12.700000000000001,1.1940848546027563,70493.43023641998,59216.57294368708,0.0,0.0
VLG12BR_219,840,10633.964,50.644470777727186,3.872749483048237,34888,237.22832900719965,12.700000000000001,1.1954935294777096,70492.23615156538,59290.08341154431,0.0,0.0
VLG12BR_219,841,10646.664,50.642510667308656,3.8714211806517635,34930,237.22832900719965,12.700000000000001,1.1969043954418013,70491.0406580359,59363.76969222445,0.0,0.0
VLG12BR_219,842,10659.364,50.64055054177409,3.8700929891232456,34971,237.22832900719965,12.700000000000001,1.1982829540260451,70489.84375364045,59435.82849465158,0.0,0.0
VLG12BR_219,843,10668.0,50.63859040112557,3.868764908447421,35000,237.22832900719965,11.176000000000002,1.198410534733481,70488.64547068643,59486.372318958565,0.0,0.0
VLG12BR_219,844,10668.0,50.63663024536517,3.8674369386090555,35000,237.22832900719965,9.652000000000001,1.1975368206711532,70487.4470601517,59484.56703243281,0.0,0.0
VLG12BR_219,845,10668.0,50.63467007449495,3.866109079592944,35000,237.22832900719965,8.128,1.1966626979286619,70486.24952333102,59482.76266673184,0.0,0.0
VLG12BR_219,846,10668.0,50.63270988851697,3.8647813313839117,35000,237.22832900719965,6.604,1.1957881672263888,70485.05286063309,59480.9592224488,0.0,0.0
VLG12BR_219,847,10668.0,50.63074968743328,3.8634536939668145,35000,237.22832900719965,5.08,1.194913229285243,70483.85707246586,59479.1567001757,0.0,0.0
VLG12BR_219,848,10668.0,50.628789471245916,3.8621261673265415,35000,237.22832900719965,3.556,1.19403788482666,70482.66215923658,59477.35510050337,0.0,0.0
VLG12BR_219,849,10668.0,50.62682923995691,3.860798751448016,35000,237.22832900719965,2.032,1.1931621345726,70481.46812135176,59475.55442402156,0.0,0.0
VLG12BR_219,850,10668.0,50.624868993568285,3.859471446316197,35000,237.22832900719965,0.508,1.1922859792455447,70480.27495921719,59473.75467131891,0.0,0.0
VLG12BR_219,851,10668.0,50.62290873208205,3.8581442519160802,35000,237.22832900719965,0.0,1.1919708209089026,70479.08267323795,59471.955938070525,0.0,0.0
VLG12BR_219,852,10668.0,50.62094845550021,3.8568171682327006,35000,237.22832900719965,0.0,1.1919363007061063,70477.89070241705,59470.15768693401,0.0,0.0
VLG12BR_219,853,10668.0,50.61898816382476,3.855490195251134,35000,237.22832900719965,0.0,1.1919017813884336,70476.69876611634,59468.3595182876,0.0,0.0
VLG12BR_219,854,10668.0,50.61702785705767,3.854163332956499,35000,237.22832900719965,0.0,1.1918672629559446,70475.50686433495,59466.56143212736,0.0,0.0
VLG12BR_219,855,10668.0,50.615067535200915,3.8528365813339582,35000,237.22832900719965,0.0,1.1918327454087008,70474.314997072,59464.76342844931,0.0,0.0
VLG12BR_219,856,10668.0,50.61310719825645,3.851509940368722,35000,237.22832900719965,0.0,1.191798228746762,70473.1231643266,59462.96550724948,0.0,0.0
VLG12BR_219,857,10668.0,50.61114684622621,3.85018341004605,35000,237.22832900719965,0.0,1.1917637129701868,70471.93136609785,59461.16766852386,0.0,0.0
VLG12BR_219,858,10668.0,50.60918647911213,3.8488569903512535,35000,237.22832900719965,0.0,1.1917291980790372,70470.73960238489,59459.369912268514,0.0,0.0
VLG12BR_219,859,10668.0,50.60722609691613,3.8475306812696983,35000,237.22832900719965,0.0,1.1916946840733722,70469.5478731868,59457.57223847942,0.0,0.0
VLG12BR_219,860,10668.0,50.60526569964009,3.8462044827868085,35000,237.22832900719965,0.0,1.191660170953252,70468.35617850273,59455.774647152604,0.0,0.0
VLG12BR_219,861,10668.0,50.60330528728591,3.844878394888068,35000,237.22832900719965,0.0,1.1916256587187375,70467.16451833177,59453.97713828414,0.0,0.0
VLG12BR_219,862,10668.0,50.60134485985545,3.8435524175590254,35000,237.22832900719965,0.0,1.1915911473698872,70465.97289267306,59452.17971187001,0.0,0.0
VLG12BR_219,863,10668.0,50.59938441735056,3.8422265507852975,35000,237.22832900719965,0.0,1.1915566369067627,70464.78130152568,59450.38236790625,0.0,0.0
VLG12BR_219,864,10668.0,50.59742395977305,3.8409007945525726,35000,237.22832900719965,0.0,1.1915221273294236,70463.58974488877,59448.58510638888,0.0,0.0
VLG12BR_219,865,10668.0,50.595463487124746,3.8395751488466154,35000,237.22832900719965,0.0,1.1914876186379297,70462.39822276145,59446.78792731393,0.0,0.0
VLG12BR_219,866,10668.0,50.59350299940743,3.8382496136532716,35000,237.22832900719965,0.0,1.1914531108323407,70461.20673514281,59444.990830677416,0.0,0.0
VLG12BR_219,867,10668.0,50.59154249662286,3.8369241889584726,35000,237.22832900719965,0.0,1.191418603912717,70460.01528203198,59443.19381647535,0.0,0.0
VLG12BR_219,868,10668.0,50.58958197877277,3.8355988747482423,35000,237.22832900719965,0.0,1.1913840978791184,70458.82386342807,59441.39688470378,0.0,0.0
VLG12BR_219,869,10668.0,50.587621445858886,3.834273671008702,35000,237.22832900719965,0.0,1.191349592731605,70457.63247933019,59439.600035358715,0.0,0.0
VLG12BR_219,870,10668.0,50.58566089788288,3.8329485777260777,35000,237.22832900719965,0.0,1.191315088470236,70456.44112973746,59437.80326843618,0.0,0.0
VLG12BR_219,871,10668.0,50.58370033484641,3.831623594886707,35000,237.22832900719965,0.0,1.1912805850950727,70455.249814649,59436.006583932234,0.0,0.0
VLG12BR_219,872,10668.0,50.5817397567511,3.8302987224770475,35000,237.22832900719965,0.0,1.1912460826061735,70454.05853406391,59434.20998184284,0.0,0.0
VLG12BR_219,873,10668.0,50.57977916359852,3.828973960483685,35000,237.22832900719965,0.0,1.1912115810035986,70452.8672879813,59432.41346216402,0.0,0.0
VLG12BR_219,874,10668.0,50.57781855539024,3.8276493088933443,35000,237.22832900719965,0.0,1.1911770802874084,70451.6760764003,59430.617024891864,0.0,0.0
VLG12BR_219,875,10668.0,50.575857932127754,3.8263247676928995,35000,237.22832900719965,0.0,1.1911425804576625,70450.48489932001,59428.820670022345,0.0,0.0
VLG12BR_219,876,10668.0,50.57389729381253,3.825000336869386,35000,237.22832900719965,0.0,1.1911080815144206,70449.29375673956,59427.02439755152,0.0,0.0
VLG12BR_219,877,10668.0,50.57193664044599,3.823676016410013,35000,237.22832900719965,0.0,1.1910735834577417,70448.10264865804,59425.22820747536,0.0,0.0
VLG12BR_219,878,10668.0,50.569975972029496,3.8223518063021804,35000,237.22832900719965,0.0,1.1910390862876872,70446.91157507458,59423.43209978995,0.0,0.0
VLG12BR_219,879,10668.0,50.56801528856436,3.8210277065334926,35000,237.22832900719965,0.0,1.1910045900043151,70445.7205359883,59421.636074491274,0.0,0.0
VLG12BR_219,880,10668.0,50.566054590051834,3.819703717091779,35000,237.22832900719965,0.0,1.1909700946076867,70444.5295313983,59419.84013157538,0.0,0.0
VLG12BR_219,881,10668.0,50.564093876493104,3.8183798379651153,35000,237.22832900719965,0.0,1.1909356000978608,70443.33856130368,59418.04427103827,0.0,0.0
VLG12BR_219,882,10668.0,50.56213314788927,3.8170560691418465,35000,237.22832900719965,0.0,1.190901106474897,70442.14762570358,59416.248492875995,0.0,0.0
VLG12BR_219,883,10668.0,50.56017240424137,3.8157324106106136,35000,237.22832900719965,0.0,1.1908666137388553,70440.95672459711,59414.45279708456,0.0,0.0
VLG12BR_219,884,10668.0,50.558211645550344,3.8144088623603847,35000,237.22832900719965,0.0,1.1908321218897955,70439.76585798337,59412.65718365999,0.0,0.0
VLG12BR_219,885,10668.0,50.556250871817035,3.8130854243804895,35000,237.22832900719965,0.0,1.1907976309277766,70438.57502586147,59410.86165259832,0.0,0.0
VLG12BR_219,886,10668.0,50.554290083042176,3.811762096660661,35000,237.22832900719965,0.0,1.190763140852859,70437.38422823054,59409.06620389557,0.0,0.0
VLG12BR_219,887,10668.0,50.55232927922638,3.8104388791910813,35000,237.22832900719965,0.0,1.190728651665102,70436.19346508969,59407.27083754777,0.0,0.0
VLG12BR_219,888,10668.0,50.550368460370116,3.809115771962435,35000,237.22832900719965,0.0,1.1906941633645647,70435.00273643802,59405.47555355094,0.0,0.0
VLG12BR_219,889,10668.0,50.54840762647372,3.8077927749659737,35000,237.22832900719965,0.0,1.1906596759513075,70433.81204227466,59403.680351901116,0.0,0.0
VLG12BR_219,890,10668.0,50.54644677753733,3.8064698881935906,35000,237.22832900719965,0.0,1.190625189425389,70432.6213825987,59401.88523259429,0.0,0.0
VLG12BR_219,891,10668.0,50.544485913560884,3.8051471116379076,35000,237.22832900719965,0.0,1.1905907037868695,70431.43075740928,59400.09019562653,0.0,0.0
VLG12BR_219,892,10668.0,50.54252503454412,3.803824445292382,35000,237.22832900719965,0.0,1.190556219035808,70430.2401667055,59398.29524099383,0.0,0.0
VLG12BR_219,893,10668.0,50.54056414048649,3.802501889151433,35000,237.22832900719965,0.0,1.1905217351722648,70429.04961048646,59396.50036869225,0.0,0.0
VLG12BR_219,894,10668.0,50.53860323138715,3.801179443210593,35000,237.22832900719965,0.0,1.1904872521962981,70427.85908875128,59394.70557871776,0.0,0.0
VLG12BR_219,895,10668.0,50.536642307244904,3.7998571074667,35000,237.22832900719965,0.0,1.1904527701079681,70426.66860149908,59392.91087106643,0.0,0.0
VLG12BR_219,896,10668.0,50.53468136805813,3.798534881918128,35000,237.22832900719965,0.0,1.1904182889073347,70425.47814872897,59391.11624573429,0.0,0.0
VLG12BR_219,897,10668.0,50.53272041382472,3.7972127665650817,35000,237.22832900719965,0.0,1.1903838085944565,70424.28773044006,59389.32170271733,0.0,0.0
VLG12BR_219,898,10668.0,50.53075944454196,3.7958907614099693,35000,237.22832900719965,0.0,1.1903493291693927,70423.09734663146,59387.52724201159,0.0,0.0
VLG12BR_219,899,10668.0,50.528798460206396,3.794568866457883,35000,237.22832900719965,0.0,1.1903148506322032,70421.90699730229,59385.73286361311,0.0,0.0
VLG12BR_219,900,10668.0,50.52683746081369,3.793247081717234,35000,237.22832900719965,0.0,1.1902803729829474,70420.71668245165,59383.93856751791,0.0,0.0
VLG12BR_219,901,10668.0,50.524876446358356,3.7919254072006,35000,237.22832900719965,0.0,1.1902458962216844,70419.52640207866,59382.144353722004,0.0,0.0
VLG12BR_219,902,10668.0,50.522915416833456,3.790603842925894,35000,237.22832900719965,0.0,1.1902114203484744,70418.33615618243,59380.35022222143,0.0,0.0
VLG12BR_219,903,10668.0,50.52095437223016,3.7892823889180103,35000,237.22832900719965,0.0,1.190176945363375,70417.14594476207,59378.55617301222,0.0,0.0
VLG12BR_219,904,10668.0,50.51899331253706,3.787961045211232,35000,237.22832900719965,0.0,1.190142471266447,70415.9557678167,59376.76220609039,0.0,0.0
VLG12BR_219,905,10668.0,50.51703223773923,3.7866398118528783,35000,237.22832900719965,0.0,1.1901079980577487,70414.76562534543,59374.96832145196,0.0,0.0
VLG12BR_219,906,10668.0,50.51507114781658,3.785318688909141,35000,237.22832900719965,0.0,1.1900735257373403,70413.57551734737,59373.17451909298,0.0,0.0
VLG12BR_219,907,10668.0,50.51311004274118,3.7839976764749954,35000,237.22832900719965,0.0,1.1900390543052803,70412.38544382164,59371.38079900947,0.0,0.0
VLG12BR_219,908,10668.0,50.51114892247228,3.782676774692545,35000,237.22832900719965,0.0,1.1900045837616284,70411.19540476734,59369.58716119745,0.0,0.0
VLG12BR_219,909,10668.0,50.5091877869459,3.7813559837891364,35000,237.22832900719965,0.0,1.1899701141064427,70410.00540018357,59367.79360565292,0.0,0.0
VLG12BR_219,910,10668.0,50.50722663604913,3.780035304171785,35000,237.22832900719965,0.0,1.1899356453397836,70408.81543006946,59366.00013237194,0.0,0.0
VLG12BR_219,911,10668.0,50.50526546953421,3.7787147367426392,35000,237.22832900719965,0.0,1.18990117746171,70407.62549442412,59364.20674135056,0.0,0.0
VLG12BR_219,912,10668.0,50.503304286447545,3.777394284995257,35000,237.22832900719965,0.0,1.1898667104722804,70406.43559324666,59362.41343258474,0.0,0.0
EJU5284_1390,0,1.524,52.31419332775843,4.779268643716739,5,229.49979982624342,1.524,0.7338476127440767,72248.15030755458,37548.623990641354,0.08726411179883538,0.08726411179883538
EJU5284_1390,1,4.572,52.31216137321042,4.778877810768457,15,227.49979982624342,3.048,0.734792349182704,72247.41645994183,37544.24571416167,0.08677112947256672,0.08677112947256672
EJU5284_1390,2,9.144,52.3101428936081,4.778557311615036,30,225.49979982624342,4.572,0.7360221495027561,72246.68166759265,37551.98228951122,0.08627564704459297,0.08627564704459297
EJU5284_1390,3,15.24,52.30813876164034,4.778306678913042,50,223.49979982624342,6.096,0.7375510709943296,72245.94564544315,37572.453244644355,0.08577717905387515,0.08577717905387515
EJU5284_1390,4,22.86,52.306149851871396,4.778125411966494,75,221.49979982624342,7.62,0.7393936647433419,72245.20809437215,37606.30096591755,0.08527525984740875,0.08527525984740875
EJU5284_1390,5,32.004,52.30415458731536,4.778010929987316,104,221.99979982624342,9.144,0.7402597605008805,72244.46870070741,37598.15890218494,0.08476436262343207,0.08476436262343207
EJU5284_1390,6,42.672,52.30215380939674,4.77796342681394,139,222.49979982624342,10.668,0.7411400375017867,72243.72844094691,37590.87825589666,0.08424409143806733,0.08424409143806733
EJU5284_1390,7,54.864,52.30014835998219,4.77798306752949,179,222.99979982624342,12.192,0.7420317625609536,72242.98730090942,37584.333521239125,0.0837140540080832,0.0837140540080832
EJU5284_1390,8,67.564,52.298139081019634,4.778069988591719,221,223.49979982624342,12.700000000000001,0.7422305202883608,72242.24526914685,37578.320295299985,0.08318073671792882,0.08318073671792882
EJU5284_1390,9,80.264,52.2961268141815,4.778224297974165,263,223.99979982624342,12.700000000000001,0.7420877352536153,72241.50303862656,37572.72258185128,0.08264726609538459,0.08264726609538459
EJU5284_1390,10,92.964,52.29411240051193,4.778446075318277,305,224.49979982624342,12.700000000000001,0.741954085610641,72240.7609508913,37567.53615178402,0.08211335339125839,0.08211335339125839
EJU5284_1390,11,105.664,52.29209668007826,4.778735372096238,346,224.99979982624342,12.700000000000001,0.7418286462295263,72240.0189968057,37562.718974030264,0.08157871089148741,0.08157871089148741
EJU5284_1390,12,118.364,52.29008049162671,4.779092211784262,388,225.49979982624342,12.700000000000001,0.741713088131905,72239.27716815946,37558.347007979755,0.08104305289142776,0.08104305289142776
EJU5284_1390,13,131.064,52.288064672242506,4.779516590046077,429,225.99979982624342,12.700000000000001,0.741605726768215,72238.53545507132,37554.34371028205,0.08050609666041958,0.08050609666041958
EJU5284_1390,14,143.764,52.286050057014414,4.780008474926383,471,226.49979982624342,12.700000000000001,0.741507922207743,72237.79384934455,37550.77090852253,0.07996756339485295,0.07996756339485295
EJU5284_1390,15,156.464,52.28403747870385,4.78056780705399,513,226.99979982624342,12.700000000000001,0.7414188311258438,72237.05234142234,37547.59029276095,0.0794271791580468,0.0794271791580468
EJU5284_1390,16,169.164,52.282027767418576,4.781194499854417,554,227.49979982624342,12.700000000000001,0.741337920810818,72236.31092259122,37544.77767083591,0.07888467580527544,0.07888467580527544
EJU5284_1390,17,181.864,52.280021750291105,4.781888439771676,596,227.99979982624342,12.700000000000001,0.7412660886748172,72235.5695846704,37542.373844936265,0.0783397918923483,0.0783397918923483
EJU5284_1390,18,194.564,52.27802025116189,4.78264948649901,638,228.49979982624342,12.700000000000001,0.7412027266108474,72234.82831858173,37540.3511975868,0.07779227356618353,0.07779227356618353
EJU5284_1390,19,207.264,52.27602409026731,4.783477473218314,680,228.99979982624342,12.700000000000001,0.7411477551085364,72234.08711585512,37538.70613471905,0.07724187543587473,0.07724187543587473
EJU5284_1390,20,219.964,52.27403408393259,4.784372206848004,721,229.49979982624342,12.700000000000001,0.7411009511077504,72233.34596810001,37537.428539155124,0.0766883614228153,0.0766883614228153
EJU5284_1390,21,232.664,52.27205104426965,4.785333468299082,763,229.99979982624342,12.700000000000001,0.7410626011986197,72232.6048671489,37536.53145550289,0.07613150558849141,0.07613150558849141
EJU5284_1390,22,245.364,52.270075778879985,4.786361012739141,805,230.49979982624342,12.700000000000001,0.7410324076601744,72231.8638045477,37536.00137462358,0.07557109293860761,0.07557109293860761
EJU5284_1390,23,258.064,52.268109090562604,4.787454569864072,846,230.99979982624342,12.700000000000001,0.7410103776718657,72231.12277214004,37535.83864419068,0.07500692020229682,0.07500692020229682
EJU5284_1390,24,270.764,52.266151777027105,4.788613844177225,888,231.49979982624342,12.700000000000001,0.7409963434318354,72230.38176176236,37536.03566031029,0.0744259828776144,0.0744259828776144
EJU5284_1390,25,283.464,52.2642046306119,4.789838515275779,930,231.99979982624342,12.700000000000001,0.7409902379966196,72229.64076541892,37536.58940307343,0.07377252003586168,0.07377252003586168
EJU5284_1390,26,296.164,52.26226843800765,4.791128238144079,971,232.49979982624342,12.700000000000001,0.7409922969649434,72228.89977518092,37537.51060203602,0.07311990965296222,0.07311990965296222
EJU5284_1390,27,308.864,52.26034397998596,4.792482643453696,1013,232.99979982624342,12.700000000000001,0.7410019015586353,72228.15878288395,37538.77116003265,0.0724686335692123,0.0724686335692123
EJU5284_1390,28,321.564,52.25843203113335,4.79390133786998,1055,233.49979982624342,12.700000000000001,0.7410192137807095,72227.4177809824,37540.37846288773,0.07181916378884577,0.07181916378884577
EJU5284_1390,29,334.264,52.256533359590556,4.795383904364855,1096,233.99979982624342,12.700000000000001,0.7410446958696126,72226.67676176863,37542.353541105884,0.07117196191957519,0.07117196191957519
EJU5284_1390,30,346.964,52.25464872679716,4.796929902535635,1138,234.49979982624342,12.700000000000001,0.7410772814141122,72225.93571707276,37544.647955885644,0.07052747863463654,0.07052747863463654
EJU5284_1390,31,359.664,52.25277966408856,4.798538231719248,1180,234.90315703432435,12.700000000000001,0.7411020152806764,72225.19463979134,37546.42652924058,0.06984760225146643,0.06984760225146643
EJU5284_1390,32,372.364,52.250929120956485,4.800206479800933,1221,235.02887845368525,12.700000000000001,0.7410860944931692,72224.45353777606,37545.90922502312,0.06913938071255367,0.06913938071255367
EJU5284_1390,33,385.064,52.249097807549624,4.8019340434101005,1263,235.15468132246738,12.700000000000001,0.7410695279951869,72223.71245168157,37545.3624874616,0.0684379897227048,0.0684379897227048
EJU5284_1390,34,397.764,52.2472864263803,4.803720297268686,1305,235.28056568194992,12.700000000000001,0.741052979364661,72222.97138215357,37544.81647308628,0.0677438089992107,0.0677438089992107
EJU5284_1390,35,410.464,52.24549567207148,4.805564594466476,1346,235.40653157338375,12.700000000000001,0.7410370980694836,72222.2303291742,37544.30069705282,0.06705720193297118,0.06705720193297118
EJU5284_1390,36,423.164,52.243726231107445,4.807466266743655,1388,235.53257903799442,12.700000000000001,0.7410205817030444,72221.48929207613,37543.75597126463,0.06637851532086175,0.06637851532086175
EJU5284_1390,37,435.864,52.24197878158822,4.809424624780449,1429,235.6587081169777,12.700000000000001,0.741004726099284,72220.74827149443,37543.241185039464,0.06570807912616229,0.06570807912616229
EJU5284_1390,38,448.564,52.24025399298782,4.811438958493709,1471,235.78491885150225,12.700000000000001,0.740988242315364,72220.00726676834,37542.69776228337,0.06504620626715374,0.06504620626715374
EJU5284_1390,39,461.264,52.23855252591639,4.81350853734031,1513,235.91121128270603,12.700000000000001,0.7409717768202584,72219.26627852603,37542.15508182817,0.0643931924339509,0.0643931924339509
EJU5284_1390,40,473.964,52.23687503188637,4.815632610627192,1555,236.03758545170282,12.700000000000001,0.7409553297023679,72218.52530674922,37541.6131476842,0.06374931593357436,0.06374931593357436
EJU5284_1390,41,486.664,52.23522215308268,4.817810407827927,1596,236.16404139957453,12.700000000000001,0.740939529403378,72217.78435141951,37541.100519263586,0.06311483756325732,0.06311483756325732
EJU5284_1390,42,499.364,52.23359452213704,4.820041138905635,1638,236.29057916737565,12.700000000000001,0.740923115527667,72217.0434118901,37540.55991807663,0.06249000051189359,0.06249000051189359
EJU5284_1390,43,512.064,52.2319927619065,4.822323994642126,1679,236.41719879613123,12.700000000000001,0.7409073418097083,72216.30248877457,37540.04831981815,0.0618750302895317,0.0618750302895317
EJU5284_1390,44,524.764,52.230417485256204,4.824658146973093,1721,236.54390032683827,12.700000000000001,0.74089096150187,72215.56158143276,37539.509066363,0.06127013468474229,0.06127013468474229
EJU5284_1390,45,537.464,52.22886929484656,4.8270427493292205,1763,236.67068380046356,12.700000000000001,0.7408746000019579,72214.82069047126,37538.970578758555,0.060675503749679345,0.060675503749679345
EJU5284_1390,46,550.164,52.22734878292471,4.829476936983048,1804,236.79754925794646,12.700000000000001,0.7408588682562796,72214.07981587126,37538.46062117846,0.06009130981257247,0.06009130981257247
EJU5284_1390,47,562.864,52.22585653112052,4.831959827401433,1846,236.92449674019338,12.700000000000001,0.7408425408252348,72213.338957003,37537.92350403345,0.059517707517390286,0.059517707517390286
EJU5284_1390,48,575.564,52.224393110247114,4.834490520603465,1888,237.05152628808528,12.700000000000001,0.7408262324659551,72212.59811446218,37537.38716470863,0.05895483389034131,0.05895483389034131
EJU5284_1390,49,588.264,52.22295908010591,4.837068099523666,1930,237.17863794247134,12.700000000000001,0.7408099432697437,72211.85728822972,37536.85160734616,0.05840280843285394,0.05840280843285394
EJU5284_1390,50,600.964,52.2215554579794,4.839690788002305,1971,237.22832900719965,12.700000000000001,0.740783999920662,72211.11647828645,37535.75492966226,0.05786186152434782,0.05786186152434782
EJU5284_1390,51,613.664,52.220183065852815,4.842357070592644,2013,237.22832900719965,12.700000000000001,0.7407518837540918,72210.37569428653,37534.299276277154,0.05733215069206722,0.05733215069206722
EJU5284_1390,52,626.364,52.21884241366503,4.845065955859591,2055,237.22832900719965,12.700000000000001,0.7407210239075486,72209.63494240277,37532.90071847762,0.056813731581817864,0.056813731581817864
EJU5284_1390,53,639.064,52.217533999561326,4.847816436720699,2096,237.22832900719965,12.700000000000001,0.740691911934467,72208.89422137887,37531.58159403446,0.05630664310246359,0.05630664310246359
EJU5284_1390,54,651.764,52.2162583097083,4.850607490818744,2138,237.22832900719965,12.700000000000001,0.7406635376257553,72208.15352946693,37530.29599460325,0.05581090766429715,0.05581090766429715
EJU5284_1390,55,664.464,52.21501581811322,4.853438080899728,2180,237.22832900719965,12.700000000000001,0.74063642273167,72207.4128659293,37529.06763029853,0.055326531440547805,0.055326531440547805
EJU5284_1390,56,677.164,52.2138069864479,4.856307155196136,2221,237.22832900719965,12.700000000000001,0.7406109688297757,72206.67222950657,37527.91474996702,0.054853504651434085,0.054853504651434085
EJU5284_1390,57,689.864,52.21263226387715,4.8592136478153325,2263,237.22832900719965,12.700000000000001,0.7405863456109136,72205.93161853774,37526.79962091881,0.05439180187013401,0.05439180187013401
EJU5284_1390,58,702.564,52.21149208689188,4.8621564791329535,2304,237.22832900719965,12.700000000000001,0.7405633255843613,72205.19103219213,37525.757348532126,0.05394138235001415,0.05394138235001415
EJU5284_1390,59,715.264,52.210386879146945,4.865134556191139,2346,237.22832900719965,12.700000000000001,0.7405411981411203,72204.45046886655,37524.75563988916,0.05351350922447215,0.05351350922447215
EJU5284_1390,60,727.964,52.20931705130367,4.868146773101478,2388,237.22832900719965,12.700000000000001,0.7405203353133221,72203.7099276684,37523.811401212384,0.0531017734966593,0.0531017734966593
EJU5284_1390,61,740.664,52.208283000877316,4.871192011452513,2430,237.22832900719965,12.700000000000001,0.7405007381591404,72202.96940733309,37522.92468033244,0.052702249162473555,0.052702249162473555
EJU5284_1390,62,753.364,52.20728511208934,4.874269140721654,2471,237.22832900719965,12.700000000000001,0.740482627621144,72202.22890659493,37522.10551736874,0.05231479535948747,0.05231479535948747
EJU5284_1390,63,766.064,52.20632375572464,4.877377018691364,2513,237.22832900719965,12.700000000000001,0.7404655345553557,72201.48842396731,37521.33259263572,0.051939257804826576,0.051939257804826576
EJU5284_1390,64,778.764,52.205399288993796,4.880514491869462,2555,237.22832900719965,12.700000000000001,0.7404497103279066,72200.74795843275,37520.617328845074,0.05157546931588298,0.05157546931588298
EJU5284_1390,65,791.464,52.20451205540032,4.883680395913393,2596,237.22832900719965,12.700000000000001,0.7404352852187994,72200.00750872242,37519.96564613671,0.05122325034506174,0.05122325034506174
EJU5284_1390,66,804.164,52.20366238461304,4.886873556058309,2638,237.22832900719965,12.700000000000001,0.7404219713561786,72199.26707343721,37519.364462527206,0.05088240952755501,0.05088240952755501
EJU5284_1390,67,816.864,52.20285059234358,4.890092787548825,2680,237.22832900719965,12.700000000000001,0.7404099295203241,72198.52665146586,37518.82108422333,0.05055274424112354,0.05055274424112354
EJU5284_1390,68,829.564,52.20207698022909,4.8933368960742785,2721,237.22832900719965,12.700000000000001,0.7403991990963135,72197.78624153633,37518.337300856496,0.050234041176857785,0.050234041176857785
EJU5284_1390,69,842.264,52.201341835720115,4.896604678207343,2763,237.22832900719965,12.700000000000001,0.7403896739487199,72197.04584233723,37517.90828918212,0.04992607691986959,0.04992607691986959
EJU5284_1390,70,854.964,52.20064543197385,4.899894921845848,2805,237.22832900719965,12.700000000000001,0.7403814240401914,72196.30545266329,37517.53722840267,0.04962861853887754,0.04962861853887754
EJU5284_1390,71,867.664,52.19998802775258,4.903206406657645,2846,237.22832900719965,12.700000000000001,0.740374397626764,72195.56507123925,37517.22176702222,0.04934142418361543,0.04934142418361543
EJU5284_1390,72,880.364,52.19936986732758,4.906537904528352,2888,237.22832900719965,12.700000000000001,0.740368670777251,72194.82469684162,37516.9653617511,0.04906424368901171,0.04906424368901171
EJU5284_1390,73,893.064,52.198791180388326,4.909888180011834,2929,237.22832900719965,12.700000000000001,0.740364108931101,72194.08432817084,37516.76189769916,0.0487968191850749,0.0487968191850749
EJU5284_1390,74,905.764,52.19825218195715,4.913255990783259,2971,237.22832900719965,12.700000000000001,0.7403609093968453,72193.3439640619,37516.62034109126,0.04853888571141451,0.04853888571141451
EJU5284_1390,75,918.464,52.19775307230937,4.916640088094552,3013,237.22832900719965,12.700000000000001,0.7403589905001389,72192.6036031525,37516.53698037269,0.04829017183533502,0.04829017183533502
EJU5284_1390,76,931.164,52.197294036898825,4.9200392172321115,3055,237.22832900719965,12.700000000000001,0.7403583533393472,72191.863244162,37516.51186543861,0.048050400272436324,0.048050400272436324
EJU5284_1390,77,943.864,52.19687524628902,4.923452117976611,3096,237.22832900719965,12.700000000000001,0.7403587632030295,72191.12288580865,37516.534330320836,0.047819288508666055,0.047819288508666055
EJU5284_1390,78,956.564,52.19649685608971,4.926877525064731,3138,237.22832900719965,12.700000000000001,0.7403606619860057,72190.38252704545,37516.624456010024,0.04759654942276334,0.04759654942276334
EJU5284_1390,79,969.264,52.1961590068991,4.930314168652658,3180,237.22832900719965,12.700000000000001,0.7403638457897705,72189.64216638346,37516.77297680077,0.047381891908048396,0.047381891908048396
EJU5284_1390,80,981.964,52.19586182425161,4.933760774781184,3221,237.22832900719965,12.700000000000001,0.7403679880608847,72188.90180253767,37516.9650531975,0.04717502149252156,0.04717502149252156
EJU5284_1390,81,994.664,52.1956054185712,4.937216065842253,3263,237.22832900719965,12.700000000000001,0.7403737143230478,72188.1614345496,37517.22911088083,0.04697564095623854,0.04697564095623854
EJU5284_1390,82,1007.364,52.19538988513036,4.940678761046784,3305,237.22832900719965,12.700000000000001,0.7403807289153868,72187.42106083529,37517.55171424228,0.04678345094494904,0.04678345094494904
EJU5284_1390,83,1020.064,52.195215304014724,4.944147576893605,3346,237.22832900719965,12.700000000000001,0.7403886132012252,72186.68068010638,37517.91383927538,0.04659815057899732,0.04659815057899732
EJU5284_1390,84,1032.764,52.19508174009328,4.94762122763934,3388,237.22832900719965,12.700000000000001,0.7403981768151795,72185.94029149319,37518.35227829566,0.04641943805649113,0.04641943805649113
EJU5284_1390,85,1045.464,52.19498924299429,4.951098425769085,3429,237.22832900719965,12.700000000000001,0.7404085510582028,72185.19989331637,37518.82755513002,0.04624701124977445,0.04624701124977445
EJU5284_1390,86,1058.164,52.19493784708684,4.954577882467698,3471,237.22832900719965,12.700000000000001,0.7404206680784984,72184.4594847653,37519.38202956592,0.04608056829424664,0.04608056829424664
EJU5284_1390,87,1070.864,52.194927571468085,4.958058308091552,3513,237.22832900719965,12.700000000000001,0.7404340789904216,72183.71906409723,37519.995303048134,0.04593782807667855,0.04593782807667855
EJU5284_1390,88,1083.564,52.19495841995612,4.96153841264058,3555,237.22832900719965,12.700000000000001,0.7404487849254617,72182.97863001823,37520.66742717433,0.04580112673591092,0.04580112673591092
EJU5284_1390,89,1096.264,52.1950303810886,4.965016906230446,3596,237.22832900719965,12.700000000000001,0.7404641823495084,72182.2381812333,37521.370975594,0.04566923056101446,0.04566923056101446
EJU5284_1390,90,1108.964,52.19514342812696,4.968492499564673,3638,237.22832900719965,12.700000000000001,0.7404814505795982,72181.49771705095,37522.15954047019,0.04554183237318402,0.04554183237318402
EJU5284_1390,91,1121.664,52.19529751906639,4.971963904406578,3680,237.22832900719965,12.700000000000001,0.7405000172166682,72180.75723560037,37523.00711039687,0.04541862885996732,0.04541862885996732
EJU5284_1390,92,1134.364,52.19549259665143,4.975429834050833,3721,237.22832900719965,12.700000000000001,0.7405191859087585,72180.01673558315,37523.88204100307,0.04529932110271213,0.04529932110271213
EJU5284_1390,93,1147.064,52.1957285883972,4.978889003794495,3763,237.22832900719965,12.700000000000001,0.740540321551709,72179.27621639724,37524.846358038994,0.0451836150885536,0.0451836150885536
EJU5284_1390,94,1159.764,52.19600540661642,4.98234013140734,3804,237.22832900719965,12.700000000000001,0.7405619997441659,72178.53567607568,37525.83533204948,0.04508758521548033,0.04508758521548033
EJU5284_1390,95,1172.464,52.196322948451915,4.985781937601332,3846,237.22832900719965,12.700000000000001,0.740585708876242,72177.79511407594,37526.91660102157,0.04502684088191433,0.04502684088191433
EJU5284_1390,96,1185.164,52.19668109591486,4.989213146499072,3888,237.22832900719965,12.700000000000001,0.7406107221017075,72177.05452836707,37528.05713484314,0.044967021288985824,0.044967021288985824
EJU5284_1390,97,1197.864,52.19707971592864,4.992632486101054,3930,237.22832900719965,12.700000000000001,0.7406370405774392,72176.31391764496,37529.256986419285,0.04490781294041725,0.04490781294041725
EJU5284_1390,98,1210.564,52.19751866037826,4.996038688751566,3971,237.22832900719965,12.700000000000001,0.7406637815682793,72175.57328060438,37530.47604116737,0.044848909702448224,0.044848909702448224
EJU5284_1390,99,1223.264,52.19799776616541,4.999430491603081,4013,237.22832900719965,12.700000000000001,0.7406926826212907,72174.83261682281,37531.79326028533,0.04479001329120474,0.04479001329120474
EJU5284_1390,100,1235.964,52.19851685526906,5.00280663707896,4054,237.22832900719965,12.700000000000001,0.7407219463842041,72174.09192414019,37533.12696535233,0.044730833742691704,0.044730833742691704
EJU5284_1390,101,1248.664,52.19907573481161,5.006165873334321,4096,237.22832900719965,12.700000000000001,0.7407534345644176,72173.35120219381,37534.56176027688,0.044671089864749866,0.044671089864749866
EJU5284_1390,102,1261.364,52.19967419713053,5.009506954714899,4138,237.22832900719965,12.700000000000001,0.7407862337658777,72172.61044875924,37536.05613711551,0.04461050967035914,0.04461050967035914
EJU5284_1390,103,1274.064,52.20027786003519,5.012845589998358,4180,237.22832900719965,12.700000000000001,0.7408203451626403,72171.86966252547,37537.61014965991,0.044546827980013075,0.044546827980013075
EJU5284_1390,104,1286.764,52.200881428131076,5.016184316254895,4221,237.22832900719965,12.700000000000001,0.740854698627261,72171.1288421803,37539.175166916044,0.04447973458772153,0.04447973458772153
EJU5284_1390,105,1299.464,52.20148490140527,5.019523133478646,4263,237.22832900719965,12.700000000000001,0.740891406374335,72170.38798748168,37540.84717783752,0.04440925399178957,0.04440925399178957
EJU5284_1390,106,1312.164,52.202088279844645,5.022862041663856,4305,237.22832900719965,12.700000000000001,0.7409294298277587,72169.6470960753,37542.57898543043,0.04433541068448067,0.04433541068448067
EJU5284_1390,107,1324.864,52.20269156343581,5.026201040804881,4346,237.22832900719965,12.700000000000001,0.7409676047808333,72168.90616664548,37544.31768292808,0.0442582291520168,0.0442582291520168
EJU5284_1390,108,1337.564,52.203294752165135,5.029540130896193,4388,237.22832900719965,12.700000000000001,0.7410082315474282,72168.1651990407,37546.16780826119,0.04417773387457764,0.04417773387457764
EJU5284_1390,109,1350.264,52.20389784601872,5.032879311932389,4429,237.22832900719965,12.700000000000001,0.7410489495503088,72167.42419080915,37548.02208556185,0.044093949326301875,0.044093949326301875
EJU5284_1390,110,1362.964,52.204500844982384,5.03621858390819,4471,237.22832900719965,12.700000000000001,0.7410921842814724,72166.6831418596,37549.99074214534,0.04400689997528578,0.04400689997528578
EJU5284_1390,111,1375.664,52.20510374904167,5.039557946818454,4513,237.22832900719965,12.700000000000001,0.741136740618676,72165.94204967532,37552.01946621297,0.04391661028358444,0.04391661028358444
EJU5284_1390,112,1388.364,52.2057065581818,5.042897400658178,4555,237.22832900719965,12.700000000000001,0.7411826197621136,72165.2009129347,37554.10831290916,0.043823104707211194,0.043823104707211194
EJU5284_1390,113,1401.064,52.2063092723877,5.046236945422504,4596,237.22832900719965,12.700000000000001,0.7412284685708517,72164.45973031493,37556.1957882975,0.043726407696138336,0.043726407696138336
EJU5284_1390,114,1413.764,52.20691189164395,5.049576581106732,4638,237.22832900719965,12.700000000000001,0.7412769651073063,72163.71850184636,37558.4035994414,0.04362869212245668,0.04362869212245668
EJU5284_1390,115,1426.464,52.20751441593478,5.052916307706319,4680,237.22832900719965,12.700000000000001,0.7413267880391199,72162.97722488125,37560.67169822367,0.043539005371209694,0.043539005371209694
EJU5284_1390,116,1439.164,52.20811684524407,5.056256125216895,4721,237.22832900719965,12.700000000000001,0.741376489366546,72162.23589809322,37562.93427911289,0.04344631643569271,0.04344631643569271
EJU5284_1390,117,1451.864,52.2087191795553,5.059596033634266,4763,237.22832900719965,12.700000000000001,0.7414289368089266,72161.49452160385,37565.321669723766,0.043350651776993425,0.043350651776993425
EJU5284_1390,118,1464.564,52.209321418851566,5.062936032954426,4805,237.22832900719965,12.700000000000001,0.7414827142621028,72160.75309266704,37567.769514349435,0.04325203784963471,0.04325203784963471
EJU5284_1390,119,1477.264,52.209923563115524,5.066276123173568,4846,237.22832900719965,12.700000000000001,0.7415362786038113,72160.01160995278,37570.207683723376,0.04315050110157531,0.04315050110157531
EJU5284_1390,120,1489.964,52.210525612329384,5.069616304288089,4888,237.22832900719965,12.700000000000001,0.7415926877372288,72159.27007367418,37572.775150267924,0.043046067974210844,0.043046067974210844
EJU5284_1390,121,1502.664,52.2111275664749,5.072956576294608,4930,237.22832900719965,12.700000000000001,0.7416504305233267,72158.52848098644,37575.40323857961,0.04293876490237539,0.04293876490237539
EJU5284_1390,122,1515.364,52.21172942553333,5.076296939189975,4971,237.22832900719965,12.700000000000001,0.7417078684516818,72157.78683055591,37578.01748341606,0.042828618314342544,0.042828618314342544
EJU5284_1390,123,1528.064,52.21233118948539,5.079637392971283,5013,237.22832900719965,12.700000000000001,0.7417682501400935,72157.04512268746,37580.76552646488,0.04271565463182703,0.04271565463182703
EJU5284_1390,124,1540.764,52.21293285831126,5.082977937635884,5054,237.22832900719965,12.700000000000001,0.7418282659202633,72156.30335443732,37583.496952384405,0.04259990026998669,0.04259990026998669
EJU5284_1390,125,1553.464,52.21353443199054,5.086318573181403,5096,237.22832900719965,12.700000000000001,0.741891291335264,72155.5615261714,37586.36517266539,0.04248138163742447,0.04248138163742447
EJU5284_1390,126,1566.164,52.21413591050219,5.089659299605755,5138,237.22832900719965,12.700000000000001,0.7419556565219101,72154.81963488006,37589.2942969225,0.04236012513619086,0.04236012513619086
EJU5284_1390,127,1578.864,52.21473729382455,5.0930001169071595,5180,237.22832900719965,12.700000000000001,0.7420213627249106,72154.07767922353,37592.284382617334,0.04223615716178638,0.04223615716178638
EJU5284_1390,128,1591.564,52.21533858193522,5.096341025084166,5221,237.22832900719965,12.700000000000001,0.7420865798527561,72153.3356578608,37595.25225542665,0.04210950410316465,0.04210950410316465
EJU5284_1390,129,1604.264,52.2159397748111,5.099682024135667,5263,237.22832900719965,12.700000000000001,0.7421549395604845,72152.59357128096,37598.362969754344,0.0419801923427357,0.0419801923427357
EJU5284_1390,130,1616.964,52.216540872428276,5.103023114060927,5304,237.22832900719965,12.700000000000001,0.7422227488192792,72151.8514163414,37601.44868282848,0.041848248256369666,0.041848248256369666
EJU5284_1390,131,1629.664,52.217141874762014,5.106364294859602,5346,237.22832900719965,12.700000000000001,0.7422937669264236,72151.10919359258,37604.680251965205,0.04171369821340094,0.04171369821340094
EJU5284_1390,132,1642.364,52.217742781786676,5.109705566531766,5388,237.22832900719965,12.700000000000001,0.7423661322581949,72150.36689982565,37607.97306941768,0.0415765685766329,0.0415765685766329
EJU5284_1390,133,1655.064,52.21834359347568,5.113046929077945,5430,237.22832900719965,12.700000000000001,0.7424398460774255,72149.6245336934,37611.32719359696,0.04143688570234277,0.04143688570234277
EJU5284_1390,134,1667.764,52.218944309801415,5.116388382499142,5471,237.22832900719965,12.700000000000001,0.7425128856253691,72148.88209384732,37614.65069090846,0.041294675940287746,0.041294675940287746
EJU5284_1390,135,1680.464,52.219544930735175,5.119729926796876,5513,237.22832900719965,12.700000000000001,0.7425892677645329,72148.1395809617,37618.12612875555,0.04114996563371125,0.04114996563371125
EJU5284_1390,136,1693.164,52.22014545624709,5.123071561973216,5555,237.22832900719965,12.700000000000001,0.7426670021673256,72147.39699169392,37621.66304810516,0.041002781119349976,0.041002781119349976
EJU5284_1390,137,1705.864,52.22074588630602,5.126413288030827,5596,237.22832900719965,12.700000000000001,0.7427439693291105,72146.65432469176,37625.165116646145,0.04085314872744195,0.04085314872744195
EJU5284_1390,138,1718.564,52.22134622087947,5.129755104973014,5638,237.22832900719965,12.700000000000001,0.7428243795398815,72145.91158072243,37628.82369640645,0.04070109478173559,0.04070109478173559
EJU5284_1390,139,1731.264,52.22194645993348,5.13309701280377,5679,237.22832900719965,12.700000000000001,0.7429039606417165,72145.16875634289,37632.44461445075,0.040546645599499324,0.040546645599499324
EJU5284_1390,140,1743.964,52.2225466034325,5.136439011527837,5721,237.22832900719965,12.700000000000001,0.7429870516620587,72144.42585238225,37636.225086415434,0.0403898274915331,0.0403898274915331
EJU5284_1390,141,1756.664,52.22314665133927,5.139781101150765,5763,237.22832900719965,12.700000000000001,0.743071501289899,72143.68286533059,37640.06733388591,0.0402306667621805,0.0402306667621805
EJU5284_1390,142,1769.364,52.223746603614664,5.143123281678984,5805,237.22832900719965,12.700000000000001,0.7431573108155825,72142.9397938293,37643.97141672203,0.040073170301925955,0.040073170301925955
EJU5284_1390,143,1782.064,52.22434646021753,5.146465553119881,5846,237.22832900719965,12.700000000000001,0.7432421664081317,72142.19663651848,37647.83216649209,0.03992012438217439,0.03992012438217439
EJU5284_1390,144,1794.764,52.22494622110452,5.149807915481883,5888,237.22832900719965,12.700000000000001,0.7433306668800244,72141.45339435207,37651.85861177308,0.03976487077759194,0.03976487077759194
EJU5284_1390,145,1807.464,52.22554588622983,5.153150368774565,5929,237.22832900719965,12.700000000000001,0.7434181512151832,72140.71006368518,37655.83889773714,0.03960743520036376,0.03960743520036376
EJU5284_1390,146,1820.164,52.226145455545044,5.156492913008749,5971,237.22832900719965,12.700000000000001,0.7435093477069763,72139.96664553396,37659.98794106683,0.039447843356462,0.039447843356462
EJU5284_1390,147,1832.864,52.2267449289988,5.159835548196639,6013,237.22832900719965,12.700000000000001,0.7436019105319309,72139.22313618625,37664.19911859825,0.03928612094567235,0.03928612094567235
EJU5284_1390,148,1845.564,52.22734430653653,5.16317827435196,6055,237.22832900719965,12.700000000000001,0.7436958409989394,72138.47953427571,37668.472491173925,0.039122293661622946,0.039122293661622946
EJU5284_1390,149,1858.264,52.22794358810011,5.166521091490119,6096,237.22832900719965,12.700000000000001,0.7437886298244827,72137.73583843472,37672.69400194912,0.03895638719181895,0.03895638719181895
EJU5284_1390,150,1870.964,52.22854277362745,5.169863999628396,6138,237.22832900719965,12.700000000000001,0.7438852665937496,72136.99204980489,37677.090450533884,0.03878842721768129,0.03878842721768129
EJU5284_1390,151,1883.664,52.22914186305205,5.173206998786161,6180,237.22832900719965,12.700000000000001,0.7439832749187301,72136.2481645383,37681.549276208294,0.0386184394145918,0.0386184394145918
EJU5284_1390,152,1896.364,52.22974085630246,5.1765500889851195,6221,237.22832900719965,12.700000000000001,0.7440800473622216,72135.50418126337,37685.95195804263,0.03840480491832425,0.03840480491832425
EJU5284_1390,153,1909.064,52.23033975330169,5.179893270249609,6263,237.22832900719965,12.700000000000001,0.7441807697497609,72134.76010121602,37690.534220882124,0.038179536697958705,0.038179536697958705
EJU5284_1390,154,1921.764,52.230938553966446,5.183236542606943,6304,237.22832900719965,12.700000000000001,0.744280193539187,72134.01592044627,37695.05749013063,0.03795558195328073,0.03795558195328073
EJU5284_1390,155,1934.464,52.23153725820631,5.186579906087815,6346,237.22832900719965,12.700000000000001,0.7443836351723105,72133.27164025273,37699.76343155404,0.037732930901236715,0.037732930901236715
EJU5284_1390,156,1947.164,52.2321358659227,5.1899233607267785,6388,237.22832900719965,12.700000000000001,0.7444884549351416,72132.52725661756,37704.53205627895,0.037511573761417775,0.037511573761417775
EJU5284_1390,157,1959.864,52.232734377007674,5.193266906562833,6430,237.22832900719965,12.700000000000001,0.744594654164696,72131.78276816262,37709.36342664772,0.03729150075608054,0.03729150075608054
EJU5284_1390,158,1972.564,52.23333279134242,5.196610543640118,6471,237.22832900719965,12.700000000000001,0.7446994282513459,72131.03817350845,37714.130053259374,0.03707270211017497,0.03707270211017497
EJU5284_1390,159,1985.264,52.23393110879549,5.199954272008774,6513,237.22832900719965,12.700000000000001,0.7448083572297621,72130.2934740802,37719.085591954674,0.03685516805137537,0.03685516805137537
EJU5284_1390,160,1997.964,52.234529329220535,5.203298091725995,6554,237.22832900719965,12.700000000000001,0.7449157980002028,72129.54866572298,37723.97352114678,0.03663888881012212,0.03663888881012212
EJU5284_1390,161,2010.664,52.23512745245355,5.206642002857357,6596,237.22832900719965,12.700000000000001,0.7450274619841508,72128.80374992498,37729.05347353192,0.03642385461967218,0.03642385461967218
EJU5284_1390,162,2023.364,52.235725478309334,5.209986005478482,6638,237.22832900719965,12.700000000000001,0.7451405121022263,72128.05872246299,37734.19648277592,0.03621005571616299,0.03621005571616299
EJU5284_1390,163,2036.064,52.23632340657699,5.2133300996771945,6680,237.22832900719965,12.700000000000001,0.7452549497103818,72127.31358195089,37739.40261223852,0.03599748233869688,0.03599748233869688
EJU5284_1390,164,2048.764,52.23692123701398,5.216674285556324,6721,237.22832900719965,12.700000000000001,0.7453677718593865,72126.56832700118,37744.53534957784,0.03578612472945192,0.03578612472945192
EJU5284_1390,165,2061.464,52.237518969338254,5.220018563237448,6763,237.22832900719965,12.700000000000001,0.7454849551251206,72125.82295922932,37749.8663904652,0.03557597313382921,0.03557597313382921
EJU5284_1390,166,2074.164,52.23811660321754,5.223362932865992,6805,237.22832900719965,12.700000000000001,0.7456035299350179,72125.07747427419,37755.26074114253,0.03536701780065649,0.03536701780065649
EJU5284_1390,167,2086.864,52.23871413825432,5.226707394618352,6846,237.22832900719965,12.700000000000001,0.7457203937271633,72124.33187074425,37760.577357092974,0.03515924898247605,0.03515924898247605
EJU5284_1390,168,2099.564,52.23931157396422,5.230051948712176,6888,237.22832900719965,12.700000000000001,0.7458417222329379,72123.58615035053,37766.09699527264,0.03495265693596168,0.03495265693596168
EJU5284_1390,169,2112.264,52.23986942131081,5.233414729029724,6930,237.22832900719965,12.700000000000001,0.7459644463653705,72122.84030862829,37771.680134350536,0.03474821895783317,0.03474821895783317
EJU5284_1390,170,2124.964,52.24038747301509,5.23679448347694,6971,237.22832900719965,12.700000000000001,0.7460853636518203,72122.09434418193,37777.18118368169,0.03455004477716644,0.03455004477716644
EJU5284_1390,171,2137.664,52.240865536584934,5.240189953562914,7013,237.22832900719965,12.700000000000001,0.7462108495746651,72121.34825881827,37782.88998938662,0.03435689442837061,0.03435689442837061
EJU5284_1390,172,2150.364,52.241303434386566,5.243599874873898,7055,237.22832900719965,12.700000000000001,0.7463377352351761,72120.6020479687,37788.66248864568,0.03416580847618674,0.03416580847618674
EJU5284_1390,173,2163.064,52.241701003710574,5.2470229775496415,7096,237.22832900719965,12.700000000000001,0.7464627179498486,72119.85571023346,37794.34853061907,0.0339767832553631,0.0339767832553631
EJU5284_1390,174,2175.764,52.24205809683237,5.250457986761861,7138,237.22832900719965,12.700000000000001,0.7465923735517441,72119.10924751552,37800.24707869836,0.033789814476241166,0.033789814476241166
EJU5284_1390,175,2188.464,52.242374581067104,5.25390362319467,7179,237.22832900719965,12.700000000000001,0.7467200622486896,72118.36265514196,37806.0562625813,0.03360489731662782,0.03360489731662782
EJU5284_1390,176,2201.164,52.24265033881892,5.257358603526769,7221,237.22832900719965,12.700000000000001,0.7468524932352074,72117.61593507971,37812.08111494894,0.03342202651227631,0.03342202651227631
EJU5284_1390,177,2213.864,52.242885267624686,5.260821640915205,7263,237.22832900719965,12.700000000000001,0.7469863308634348,72116.86908258648,37818.16998490266,0.033241196445797955,0.033241196445797955
EJU5284_1390,178,2226.564,52.243079280192056,5.264291445480519,7304,237.22832900719965,12.700000000000001,0.7471181050304294,72116.12209625561,37824.165102060084,0.03306240123383345,0.03306240123383345
EJU5284_1390,179,2239.264,52.243232304431906,5.267766724793086,7346,237.22832900719965,12.700000000000001,0.7472547262885902,72115.37497815058,37830.380663648975,0.032885634812315816,0.032885634812315816
EJU5284_1390,180,2251.964,52.243344283485115,5.271246184360451,7388,237.22832900719965,12.700000000000001,0.7473927583759101,72114.62772342429,37836.660439655876,0.03271089101966439,0.03271089101966439
EJU5284_1390,181,2264.664,52.2434151757437,5.2747285281154825,7430,237.22832900719965,12.700000000000001,0.7475322027059899,72113.88033066591,37843.00449657921,0.03253816367775112,0.03253816367775112
EJU5284_1390,182,2277.364,52.24344495486626,5.278212458905136,7471,237.22832900719965,12.700000000000001,0.7476694541407918,72113.13279846321,37849.24891744673,0.032367446670490345,0.032367446670490345
EJU5284_1390,183,2290.064,52.2434336097878,5.281696678979647,7513,237.22832900719965,12.700000000000001,0.7478116932057159,72112.38512900907,37855.720188396765,0.03219873401990436,0.03219873401990436
EJU5284_1390,184,2302.764,52.2433811447238,5.285179890481954,7555,237.22832900719965,12.700000000000001,0.7479553487394357,72111.63731731586,37862.25593921896,0.0320320199595285,0.0320320199595285
EJU5284_1390,185,2315.464,52.24328757916866,5.2886607959371625,7596,237.22832900719965,12.700000000000001,0.7480967141713541,72110.88936196713,37868.68763532762,0.03186729900502149,0.03186729900502149
EJU5284_1390,186,2328.164,52.24315294788848,5.292138098741854,7638,237.22832900719965,12.700000000000001,0.7482431728185321,72110.14126525295,37875.35099486049,0.03170456602185375,0.03170456602185375
EJU5284_1390,187,2340.864,52.24297730090812,5.295610503653052,7680,237.22832900719965,12.700000000000001,0.7483910521895281,72109.39302208014,37882.07903482401,0.031543816289958025,0.031543816289958025
EJU5284_1390,188,2353.564,52.242793384177055,5.299081752007249,7721,237.22832900719965,12.700000000000001,0.7485365439704397,72108.64463102796,37888.6985883722,0.031383756210224455,0.031383756210224455
EJU5284_1390,189,2366.264,52.24260936487324,5.30255297146753,7763,237.22832900719965,12.700000000000001,0.7486872348908622,72107.896094484,37895.554634908156,0.031224063969364863,0.031224063969364863
EJU5284_1390,190,2378.964,52.242425242986506,5.3060241620165645,7804,237.22832900719965,12.700000000000001,0.7488354733346074,72107.1474072491,37902.29924522484,0.031064742032410185,0.031064742032410185
EJU5284_1390,191,2391.664,52.242241018506334,5.309495323636967,7846,237.22832900719965,12.700000000000001,0.7489889814374195,72106.39857177576,37909.28356426567,0.030905792867233196,0.030905792867233196
EJU5284_1390,192,2404.364,52.242056691421816,5.312966456311295,7888,237.22832900719965,12.700000000000001,0.7491439174087369,72105.64958279433,37916.332901042144,0.03074721894454918,0.03074721894454918
EJU5284_1390,193,2417.064,52.241872261721646,5.316437560022045,7929,237.22832900719965,12.700000000000001,0.7492963029416957,72104.90043887692,37923.26634795481,0.03058902273791613,0.03058902273791613
EJU5284_1390,194,2429.764,52.241687729394094,5.319908634751655,7971,237.22832900719965,12.700000000000001,0.7494540646271752,72104.15114257399,37930.44436043541,0.030431206723735338,0.030431206723735338
EJU5284_1390,195,2442.464,52.241503094427,5.323379680482492,8013,237.22832900719965,12.700000000000001,0.7496132585138093,72103.40168850936,37937.68759553511,0.03027377338125125,0.03027377338125125
EJU5284_1390,196,2455.164,52.241318356807746,5.326850697196858,8055,237.22832900719965,12.700000000000001,0.7497738860640857,72102.65207525085,37944.99612247067,0.03011672519255241,0.03011672519255241
EJU5284_1390,197,2467.864,52.24113351652321,5.3303216848769805,8096,237.22832900719965,12.700000000000001,0.7499318318482637,72101.90230136478,37952.182788545266,0.029960064642571727,0.029960064642571727
EJU5284_1390,198,2480.564,52.240948573559784,5.333792643505011,8138,237.22832900719965,12.700000000000001,0.7500952966016388,72101.15236953294,37959.6205349302,0.029807341156733256,0.029807341156733256
EJU5284_1390,199,2493.264,52.24076352790329,5.33726357306302,8180,237.22832900719965,12.700000000000001,0.7502601993904456,72100.40227423633,37967.123780234186,0.029655878467716786,0.029655878467716786
EJU5284_1390,200,2505.964,52.24057837953901,5.3407344735329945,8221,237.22832900719965,12.700000000000001,0.7504223217771813,72099.65201403694,37974.50067971957,0.029504750487660072,0.029504750487660072
EJU5284_1390,201,2518.664,52.240393128451615,5.344205344896831,8263,237.22832900719965,12.700000000000001,0.750590070436078,72098.90159171516,37982.133555271655,0.02935395931157918,0.02935395931157918
EJU5284_1390,202,2531.364,52.24020777462514,5.34767618713633,8305,237.22832900719965,12.700000000000001,0.7507592615315823,72098.15100164471,37989.832138486185,0.02920350703690038,0.02920350703690038
EJU5284_1390,203,2544.064,52.24002231804296,5.351147000233195,8346,237.22832900719965,12.700000000000001,0.750925573296906,72097.40024238318,37997.39987733665,0.029053395763460194,0.029053395763460194
EJU5284_1390,204,2556.764,52.23983675868774,5.354617784169021,8388,237.22832900719965,12.700000000000001,0.7510976189876135,72096.64931680988,38005.228504889616,0.02890362759350649,0.02890362759350649
EJU5284_1390,205,2569.464,52.23965109654138,5.358088538925291,8430,237.22832900719965,12.700000000000001,0.7512711115455557,72095.8982191909,38013.12305052026,0.028754204631699264,0.028754204631699264
EJU5284_1390,206,2582.164,52.239465331585,5.361559264483368,8471,237.22832900719965,12.700000000000001,0.7514416255509722,72095.14694807936,38020.88223954255,0.028605128985111316,0.028605128985111316
EJU5284_1390,207,2594.864,52.23927946379887,5.365029960824493,8513,237.22832900719965,12.700000000000001,0.751617981487489,72094.3955064538,38028.90724691689,0.02845640276322916,0.02845640276322916
EJU5284_1390,208,2607.564,52.23909349316235,5.368500627929766,8554,237.22832900719965,12.700000000000001,0.7517912928266204,72093.64388847232,38036.79389403811,0.028316011040657143,0.028316011040657143
EJU5284_1390,209,2620.264,52.23890741965385,5.3719712657801475,8596,237.22832900719965,12.700000000000001,0.7519705180058223,72092.89209717949,38044.94964214126,0.028183923909372896,0.028183923909372896
EJU5284_1390,210,2632.964,52.23872124325075,5.3754418743564445,8638,237.22832900719965,12.700000000000001,0.7521511974901278,72092.14012666148,38053.17166218327,0.028052248041774995,0.028052248041774995
EJU5284_1390,211,2645.664,52.23853496392935,5.378912453639301,8680,237.22832900719965,12.700000000000001,0.7523333327915394,72091.387975464,38061.460026196575,0.027920982203225985,0.027920982203225985
EJU5284_1390,212,2658.364,52.23834858166476,5.382383003609186,8721,237.22832900719965,12.700000000000001,0.7525122902045687,72090.63564213121,38069.6039675681,0.027790125157747973,0.027790125157747973
EJU5284_1390,213,2671.064,52.23816209643086,5.3858535242463805,8763,237.22832900719965,12.700000000000001,0.7526973066265719,72089.88312984101,38078.02363817473,0.02765967566802554,0.02765967566802554
EJU5284_1390,214,2683.764,52.237975508200186,5.389324015530968,8805,237.22832900719965,12.700000000000001,0.7528837833850459,72089.13043253438,38086.50986825503,0.027529632495408927,0.027529632495408927
EJU5284_1390,215,2696.464,52.23778881694382,5.392794477442814,8846,237.22832900719965,12.700000000000001,0.7530669821373814,72088.377548751,38094.847121678424,0.027399994399917468,0.027399994399917468
EJU5284_1390,216,2709.164,52.23760202263129,5.396264909961553,8888,237.22832900719965,12.700000000000001,0.7532563489753248,72087.62448176886,38103.46508584397,0.02727076014024355,0.02727076014024355
EJU5284_1390,217,2721.864,52.23741512523046,5.39973531306657,8930,237.22832900719965,12.700000000000001,0.7534471806988006,72086.87122541988,38112.14982670546,0.027141928473756738,0.027141928473756738
EJU5284_1390,218,2734.564,52.237228124707386,5.403205686736979,8971,237.22832900719965,12.700000000000001,0.753634633995647,72086.11777823918,38120.681022743825,0.0270134981565081,0.0270134981565081
EJU5284_1390,219,2747.264,52.23704102102614,5.406676030951603,9013,237.22832900719965,12.700000000000001,0.7538283648161912,72085.36414360518,38129.497928592646,0.026885467943236322,0.026885467943236322
EJU5284_1390,220,2759.964,52.23685381414869,5.410146345688946,9055,237.22832900719965,12.700000000000001,0.7540235651010743,72084.61031524037,38138.38183009179,0.02675783658737225,0.02675783658737225
EJU5284_1390,221,2772.664,52.23666650403467,5.4136166309271685,9096,237.22832900719965,12.700000000000001,0.7542152862339606,72083.85629167527,38147.107604335455,0.026630602841046642,0.026630602841046642
EJU5284_1390,222,2785.364,52.23647909064122,5.4170868866440545,9138,237.22832900719965,12.700000000000001,0.7544133946923315,72083.10207638904,38156.124105158466,0.026503765455096334,0.026503765455096334
EJU5284_1390,223,2798.064,52.236291573922685,5.420557112816977,9179,237.22832900719965,12.700000000000001,0.7546079569500006,72082.34766299435,38164.97942816393,0.026377323179073004,0.026377323179073004
EJU5284_1390,224,2810.764,52.23610395383041,5.424027309422858,9221,237.22832900719965,12.700000000000001,0.7548089796408373,72081.5930550374,38174.128818604266,0.026251274761252285,0.026251274761252285
EJU5284_1390,225,2823.464,52.235916230312405,5.427497476438126,9263,237.22832900719965,12.700000000000001,0.755011479481053,72080.83824605776,38183.34557289987,0.026125630819647288,0.026125630819647288
EJU5284_1390,226,2836.164,52.23572840331302,5.430967613838663,9305,237.22832900719965,12.700000000000001,0.7552154580326469,72080.08323457827,38192.629766000406,0.026003162716440757,0.026003162716440757
EJU5284_1390,227,2848.864,52.235540472772534,5.434437721599748,9346,237.22832900719965,12.700000000000001,0.7554157550582563,72079.32801912024,38201.74662371783,0.025881039046083937,0.025881039046083937
EJU5284_1390,228,2861.564,52.23535243862674,5.4379077996959895,9388,237.22832900719965,12.700000000000001,0.7556226601129867,72078.57260336517,38211.16429521681,0.025759258782877947,0.025759258782877947
EJU5284_1390,229,2874.264,52.235164300806396,5.441377848101251,9430,237.22832900719965,12.700000000000001,0.7558310485474109,72077.81698070506,38220.649629746,0.02563782090016825,0.02563782090016825
EJU5284_1390,230,2886.964,52.234976059236644,5.444847866788559,9471,237.22832900719965,12.700000000000001,0.756035653802904,72077.06114965651,38229.96300296256,0.02551672437036534,0.02551672437036534
EJU5284_1390,231,2899.664,52.23478771383632,5.448317855730006,9513,237.22832900719965,12.700000000000001,0.7562469779938501,72076.30511400271,38239.5822606778,0.025395968164969304,0.025395968164969304
EJU5284_1390,232,2912.364,52.234599264517115,5.4517878148966235,9555,237.22832900719965,12.700000000000001,0.7564597902627168,72075.54886702471,38249.26940743063,0.02527555125459917,0.02527555125459917
EJU5284_1390,233,2925.064,52.23441071118263,5.455257744258241,9596,237.22832900719965,12.700000000000001,0.7566687173861726,72074.79240723445,38258.77995220659,0.02515547260902658,0.02515547260902658
EJU5284_1390,234,2937.764,52.23422205372723,5.458727643783319,9638,237.22832900719965,12.700000000000001,0.7568844747240779,72074.03573851706,38268.60147046674,0.025035731197216558,0.025035731197216558
EJU5284_1390,235,2950.464,52.234033292034646,5.462197513438742,9680,237.22832900719965,12.700000000000001,0.7571017248680734,72073.27885404234,38278.49110556671,0.024916325987375854,0.024916325987375854
EJU5284_1390,236,2963.164,52.23384442597636,5.465667353189579,9721,237.22832900719965,12.700000000000001,0.7573149875844631,72072.52175231747,38288.19948317161,0.02479725594701142,0.02479725594701142
EJU5284_1390,237,2975.864,52.23365545540953,5.469137162998778,9763,237.22832900719965,12.700000000000001,0.7575351921692011,72071.76443732988,38298.2239416591,0.024678520043002604,0.024678520043002604
EJU5284_1390,238,2988.564,52.23346638017454,5.472606942826803,9804,237.22832900719965,12.700000000000001,0.7577513412379548,72071.00690213771,38308.064043236795,0.024560117241689168,0.024560117241689168
EJU5284_1390,239,3001.264,52.23327720009187,5.476076692631172,9846,237.22832900719965,12.700000000000001,0.7579745065186594,72070.24915079647,38318.223627123014,0.024442046508980533,0.024442046508980533
EJU5284_1390,240,3013.964,52.233087914958155,5.4795464123658775,9888,237.22832900719965,12.700000000000001,0.7581991725394099,72069.49117628996,38328.45171091713,0.024324306810495997,0.024324306810495997
EJU5284_1390,241,3026.664,52.23289852454117,5.483016101980645,9930,237.22832900719965,12.700000000000001,0.7584253409125228,72068.73297711741,38338.74837259179,0.024206897111742082,0.024206897111742082
EJU5284_1390,242,3039.364,52.232709028573254,5.4864857614199645,9971,237.22832900719965,12.700000000000001,0.758647316337727,72067.9745517765,38348.854420691605,0.024089816378345022,0.024089816378345022
EJU5284_1390,243,3052.064,52.232519426742606,5.4899553906218035,10013,237.22832900719965,12.700000000000001,0.7588764580727372,72067.21590446016,38359.28682029327,0.02397306357635862,0.02397306357635862
EJU5284_1390,244,3064.764,52.23232971868144,5.493424989515867,10055,237.22832900719965,12.700000000000001,0.7591071069782505,72066.45702800209,38369.78803104001,0.023856637672683076,0.023856637672683076
EJU5284_1390,245,3077.464,52.232139903949545,5.49689455802117,10096,237.22832900719965,12.700000000000001,0.759333459693353,72065.69792089511,38380.09392740764,0.02374053763564672,0.02374053763564672
EJU5284_1390,246,3090.164,52.23194998201061,5.500364096042558,10138,237.22832900719965,12.700000000000001,0.7595670915102848,72064.93858743542,38390.73133879234,0.023624762435842106,0.023624762435842106
EJU5284_1390,247,3102.864,52.2317599521971,5.50383360346553,10180,237.22832900719965,12.700000000000001,0.7598022353458829,72064.17902034392,38401.4377964336,0.02350931104736853,0.02350931104736853
EJU5284_1390,248,3115.564,52.23156981365553,5.507303080148186,10221,237.22832900719965,12.700000000000001,0.7600329794240561,72063.41921810857,38411.94422355186,0.02339418244976497,0.02339418244976497
EJU5284_1390,249,3128.264,52.231379565256454,5.510772525907986,10263,237.22832900719965,12.700000000000001,0.76027111577992,72062.65918512915,38422.78734820433,0.023279375631190025,0.023279375631190025
EJU5284_1390,250,3140.964,52.23118920543516,5.514241940498315,10305,237.22832900719965,12.700000000000001,0.760510769032644,72061.89891401336,38433.699756085094,0.023164889594046605,0.023164889594046605
EJU5284_1390,251,3153.664,52.231039839631144,5.517716689641329,10346,237.22832900719965,12.700000000000001,0.7607459186342038,72061.13840324433,38444.40740183576,0.023049301515841083,0.023049301515841083
EJU5284_1390,252,3166.364,52.23093152334417,5.521195485411906,10388,237.22832900719965,12.700000000000001,0.7609885740753783,72060.37765732569,38455.456946789614,0.022932639439424127,0.022932639439424127
EJU5284_1390,253,3179.064,52.230864296821245,5.524677038401968,10429,237.22832900719965,12.700000000000001,0.7612266567009127,72059.61666875161,38466.29857934017,0.022815335669000875,0.022815335669000875
EJU5284_1390,254,3191.764,52.23083818504169,5.528160058192449,10471,237.22832900719965,12.700000000000001,0.7614723207826788,72058.85544209491,38477.485575522674,0.022698473818842668,0.022698473818842668
EJU5284_1390,255,3204.464,52.230853197707845,5.531643253825611,10513,237.22832900719965,12.700000000000001,0.7617195099450285,72058.09396977413,38488.74225340571,0.02258059610522733,0.02258059610522733
EJU5284_1390,256,3217.164,52.230909329241456,5.535125334277562,10555,237.22832900719965,12.700000000000001,0.7619682258507272,72057.33225026418,38500.06869409511,0.022461732710192434,0.022461732710192434
EJU5284_1390,257,3229.864,52.23100655878577,5.538605008930789,10596,237.22832900719965,12.700000000000001,0.7622122293287159,72056.57028203833,38511.1808625515,0.022341914483747595,0.022341914483747595
EJU5284_1390,258,3242.564,52.23114485021327,5.54208098804656,10638,237.22832900719965,12.700000000000001,0.7624639669372439,72055.808069809,38522.64539161032,0.022221172948540546,0.022221172948540546
EJU5284_1390,259,3255.264,52.23132415213909,5.545551983237017,10680,237.22832900719965,12.700000000000001,0.7627172362574073,72055.04560584207,38534.17992610895,0.02209954030333038,0.02209954030333038
EJU5284_1390,260,3267.964,52.23154439794013,5.549016707936801,10721,237.22832900719965,12.700000000000001,0.762965688262599,72054.28288860581,38545.49540962718,0.021977049425245324,0.021977049425245324
EJU5284_1390,261,3280.664,52.231805505779796,5.552473877874043,10763,237.22832900719965,12.700000000000001,0.7632219891317586,72053.51992291755,38557.16851378347,0.021853733870802437,0.021853733870802437
EJU5284_1390,262,3293.364,52.232107378638425,5.555922211540558,10805,237.22832900719965,12.700000000000001,0.7634798267108516,72052.75670092841,38568.911867927556,0.02172962787566991,0.02172962787566991
EJU5284_1390,263,3306.064,52.23242924480234,5.559365746358808,10846,237.22832900719965,12.700000000000001,0.7637327417520752,72051.9932211017,38580.43137637727,0.021605268842688125,0.021605268842688125
EJU5284_1390,264,3318.764,52.2327510106475,5.56280933113121,10888,237.22832900719965,12.700000000000001,0.7639936207856148,72051.22948835995,38592.31378526363,0.021507201980846883,0.021507201980846883
EJU5284_1390,265,3331.464,52.233072676170984,5.566252965843566,10930,237.22832900719965,12.700000000000001,0.7642560415573842,72050.46549473917,38604.2666906142,0.021410950476109747,0.021410950476109747
EJU5284_1390,266,3344.164,52.23339424136989,5.569696650481679,10971,237.22832900719965,12.700000000000001,0.7645134342305042,72049.70123869761,38615.99093946162,0.021315198664432614,0.021315198664432614
EJU5284_1390,267,3356.864,52.23371570624131,5.573140385031347,11013,237.22832900719965,12.700000000000001,0.7647789064214128,72048.93672526338,38628.08338846284,0.021219944664314757,0.021219944664314757
EJU5284_1390,268,3369.564,52.23403707078232,5.576584169478369,11054,237.22832900719965,12.700000000000001,0.7650392802361778,72048.17194635696,38639.94397775015,0.021125186595318,0.021125186595318
EJU5284_1390,269,3382.264,52.23435833499001,5.580028003808542,11096,237.22832900719965,12.700000000000001,0.7653078104951654,72047.40690707673,38652.17629714635,0.021030922578066116,0.021030922578066116
EJU5284_1390,270,3394.964,52.23467949886147,5.583471888007663,11138,237.22832900719965,12.700000000000001,0.7655778909257229,72046.64159926624,38664.47952744698,0.02093715073424591,0.02093715073424591
EJU5284_1390,271,3407.664,52.23500056239378,5.586915822061527,11180,237.22832900719965,12.700000000000001,0.7658495232409914,72045.87602137531,38676.85375300588,0.02084386918660635,0.02084386918660635
EJU5284_1390,272,3420.364,52.23532152558402,5.590359805955925,11221,237.22832900719965,12.700000000000001,0.7661159153134236,72045.11017185207,38688.989651642514,0.02075107605895985,0.02075107605895985
EJU5284_1390,273,3433.064,52.235642388429284,5.593803839676651,11263,237.22832900719965,12.700000000000001,0.7663906191547349,72044.34405593676,38701.504410251466,0.020658769476181116,0.020658769476181116
EJU5284_1390,274,3445.764,52.23596315092664,5.597247923209495,11305,237.22832900719965,12.700000000000001,0.7666668799988816,72043.5776653176,38714.090416464605,0.020566947564208453,0.020566947564208453
EJU5284_1390,275,3458.464,52.236283813073186,5.600692056540246,11346,237.22832900719965,12.700000000000001,0.7669377940122837,72042.8109984376,38726.433235884266,0.02047560845004292,0.02047560845004292
EJU5284_1390,276,3471.164,52.23660437486599,5.604136239654693,11388,237.22832900719965,12.700000000000001,0.7672171365245464,72042.04406064359,38739.16027569451,0.02038475026174899,0.02038475026174899
EJU5284_1390,277,3483.864,52.23692483630214,5.607580472538622,11430,237.22832900719965,12.700000000000001,0.7674980411876393,72041.27684350706,38751.95881743985,0.02029437112845457,0.02029437112845457
EJU5284_1390,278,3496.564,52.237245197378705,5.611024755177819,11471,237.22832900719965,12.700000000000001,0.7677734920851944,72040.50934546588,38764.509295903874,0.02020446918035102,0.02020446918035102
EJU5284_1390,279,3509.264,52.237565458092774,5.614469087558069,11513,237.22832900719965,12.700000000000001,0.7680574886174487,72039.74157197379,38777.44937572944,0.020115042548693327,0.020115042548693327
EJU5284_1390,280,3521.964,52.237885618441425,5.617913469665154,11555,237.22832900719965,12.700000000000001,0.7683430524783526,72038.97351448517,38790.461213820476,0.02002608936580023,0.02002608936580023
EJU5284_1390,281,3534.664,52.23820567842173,5.621357901484855,11596,237.22832900719965,12.700000000000001,0.7686230552897786,72038.2051714327,38803.22009539276,0.0199381071399133,0.0199381071399133
EJU5284_1390,282,3547.364,52.23852563803076,5.624802383002955,11638,237.22832900719965,12.700000000000001,0.7689117212797665,72037.4365483774,38816.37398001188,0.019851244932554465,0.019851244932554465
EJU5284_1390,283,3560.064,52.238845497265594,5.628246914205232,11679,237.22832900719965,12.700000000000001,0.7691947547924434,72036.66763665612,38829.27164980838,0.019764816258557135,0.019764816258557135
EJU5284_1390,284,3572.764,52.23916525612331,5.6316914950774635,11721,237.22832900719965,12.700000000000001,0.7694865297562479,72035.89844190133,38842.567920751884,0.019678819495910018,0.019678819495910018
EJU5284_1390,285,3585.464,52.239484914600965,5.635136125605426,11763,237.22832900719965,12.700000000000001,0.7697798807303857,72035.12895537158,38855.93638095676,0.019593253023522234,0.019593253023522234
EJU5284_1390,286,3598.164,52.239804472695646,5.638580805774895,11805,237.22832900719965,12.700000000000001,0.770074809478069,72034.35917549084,38869.37711814449,0.019508115221222838,0.019508115221222838
EJU5284_1390,287,3610.864,52.24012393040442,5.642025535571645,11846,237.22832900719965,12.700000000000001,0.7703639615518947,72033.58910068136,38882.55506155356,0.019423404469761502,0.019423404469761502
EJU5284_1390,288,3623.564,52.24044328772436,5.645470314981449,11888,237.22832900719965,12.700000000000001,0.7706620131246826,72032.81873671981,38896.138874175005,0.019339119150808604,0.019339119150808604
EJU5284_1390,289,3636.264,52.24076254465253,5.648915143990079,11930,237.22832900719965,12.700000000000001,0.7709616477379697,72032.04807470669,38909.79522619579,0.019255257646954963,0.019255257646954963
EJU5284_1390,290,3648.964,52.241081701186005,5.652360022583304,11971,237.22832900719965,12.700000000000001,0.771255397332427,72031.27711305895,38923.18384014497,0.019171818341712332,0.019171818341712332
EJU5284_1390,291,3661.664,52.24140075732184,5.655804950746894,12013,237.22832900719965,12.700000000000001,0.7715581652066594,72030.50585766161,38936.98378811573,0.019088799619513246,0.019088799619513246
EJU5284_1390,292,3674.364,52.241719713057115,5.659249928466617,12055,237.22832900719965,12.700000000000001,0.7718625214179244,72029.73429949641,38950.85653996078,0.019006199865711063,0.019006199865711063
EJU5284_1390,293,3687.064,52.242038568388885,5.66269495572824,12096,237.22832900719965,12.700000000000001,0.7721608839071701,72028.962436975,38964.45659215054,0.018924017466580477,0.018924017466580477
EJU5284_1390,294,3699.764,52.242357323314216,5.666140032517527,12138,237.22832900719965,12.700000000000001,0.7724683838735842,72028.19027609109,38978.47346454355,0.018842250809317194,0.018842250809317194
EJU5284_1390,295,3712.464,52.242675977830174,5.669585158820244,12180,237.22832900719965,12.700000000000001,0.7727774775030607,72027.41780770721,38992.56340735924,0.01876089828203812,0.01876089828203812
EJU5284_1390,296,3725.164,52.24299453193382,5.673030334622152,12221,237.22832900719965,12.700000000000001,0.7730804683468415,72026.64503022972,39006.37567150743,0.018679958273781737,0.018679958273781737
EJU5284_1390,297,3737.864,52.243312985622204,5.676475559909014,12263,237.22832900719965,12.700000000000001,0.7733927162838719,72025.87194976136,39020.61026358068,0.01859942917450792,0.01859942917450792
EJU5284_1390,298,3750.564,52.2436313388924,5.679920834666591,12304,237.22832900719965,12.700000000000001,0.7736987888194298,72025.09855704509,39034.56386135433,0.018519309375097968,0.018519309375097968
EJU5284_1390,299,3763.264,52.24394959174146,5.6833661588806414,12346,237.22832900719965,12.700000000000001,0.7740141981025439,72024.32485825627,39048.94345601637,0.018439597267355,0.018439597267355
EJU5284_1390,300,3775.964,52.24426774416644,5.6868115325369235,12388,237.22832900719965,12.700000000000001,0.7743312099762214,72023.55084405816,39063.39656926537,0.018360291244004054,0.018360291244004054
EJU5284_1390,301,3788.664,52.24458579616441,5.6902569556211935,12430,237.22832900719965,12.700000000000001,0.7746498262531782,72022.77651284818,39077.92329231517,0.01828138969869173,0.01828138969869173
EJU5284_1390,302,3801.364,52.2449037477324,5.693702428119208,12471,237.22832900719965,12.700000000000001,0.7749621205265103,72022.00186302193,39092.16232583098,0.01820289102598703,0.01820289102598703
EJU5284_1390,303,3814.064,52.24522159886749,5.697147950016721,12513,237.22832900719965,12.700000000000001,0.775283912389719,72021.2269009014,39106.83476801305,0.01812479362138059,0.01812479362138059
EJU5284_1390,304,3826.764,52.24553934956671,5.700593521299485,12555,237.22832900719965,12.700000000000001,0.7756073140702004,72020.45161698901,39121.58109285637,0.01804709588128568,0.01804709588128568
EJU5284_1390,305,3839.464,52.245856999827126,5.7040391419532535,12596,237.22832900719965,12.700000000000001,0.7759242835882592,72019.67600967493,39136.03469603094,0.017969796203037677,0.017969796203037677
EJU5284_1390,306,3852.164,52.24617454964578,5.707484811963776,12638,237.22832900719965,12.700000000000001,0.7762508715808938,72018.90008539135,39150.927281232616,0.017892892984894354,0.017892892984894354
EJU5284_1390,307,3864.864,52.246491999019725,5.710930531316803,12680,237.22832900719965,12.700000000000001,0.7765790748339112,72018.12383451976,39165.89402409097,0.01781638462603597,0.01781638462603597
EJU5284_1390,308,3877.564,52.24680934794601,5.714376299998083,12721,237.22832900719965,12.700000000000001,0.7769007353961155,72017.34725544493,39180.56299515596,0.01774026952656536,0.01774026952656536
EJU5284_1390,309,3890.264,52.24712659642168,5.717822117993363,12763,237.22832900719965,12.700000000000001,0.7772321357446046,72016.57035470953,39195.67654383239,0.017664941894705532,0.017664941894705532
EJU5284_1390,310,3902.964,52.24744374444378,5.721267985288388,12805,237.22832900719965,12.700000000000001,0.7775651568255886,72015.79312257378,39210.86452731158,0.017590209361152218,0.017590209361152218
EJU5284_1390,311,3915.664,52.24776079200935,5.724713901868904,12846,237.22832900719965,12.700000000000001,0.7778915243155011,72015.01555741696,39225.74967074001,0.017515838937194352,0.017515838937194352
EJU5284_1390,312,3928.364,52.248077739115445,5.728159867720655,12888,237.22832900719965,12.700000000000001,0.7782277533324578,72014.23766589265,39241.085009761744,0.017441829228510036,0.017441829228510036
EJU5284_1390,313,3941.064,52.248394585759094,5.731605882829383,12929,237.22832900719965,12.700000000000001,0.7785572549168687,72013.45943813933,39256.11413345422,0.017368178841578253,0.017368178841578253
EJU5284_1390,314,3953.764,52.248711331937336,5.735051947180829,12971,237.22832900719965,12.700000000000001,0.7788966990990214,72012.6808808844,39271.597195388225,0.01729488638367886,0.01729488638367886
EJU5284_1390,315,3966.464,52.249027977647216,5.738498060760734,13013,237.22832900719965,12.700000000000001,0.7792377731830449,72011.90198418532,39287.15515809637,0.017221950462892547,0.017221950462892547
EJU5284_1390,316,3979.164,52.24934452288577,5.741944223554837,13055,237.22832900719965,12.700000000000001,0.7795804790303054,72011.12274641213,39302.788116415024,0.017149369688101154,0.017149369688101154
EJU5284_1390,317,3991.864,52.24966096765004,5.745390435548876,13096,237.22832900719965,12.700000000000001,0.7799163083612595,72010.3431659331,39318.10804319253,0.017077142668987674,0.017077142668987674
EJU5284_1390,318,4004.564,52.249977311937045,5.748836696728586,13138,237.22832900719965,12.700000000000001,0.7802622439960374,72009.56324962474,39333.889469422844,0.01700526801603647,0.01700526801603647
EJU5284_1390,319,4017.264,52.25029355574382,5.752283007079704,13180,237.22832900719965,12.700000000000001,0.7806098169524132,72008.78298738075,39349.74617495734,0.016933744340533154,0.016933744340533154
EJU5284_1390,320,4029.964,52.25060969906741,5.755729366587965,13221,237.22832900719965,12.700000000000001,0.7809504013629598,72008.0023775638,39365.28472542675,0.016928258666941143,0.016928258666941143
EJU5284_1390,321,4042.664,52.25092574190484,5.759175775239101,13263,237.22832900719965,12.700000000000001,0.7813012151173524,72007.22142716244,39381.29046158118,0.016923137892487283,0.016923137892487283
EJU5284_1390,322,4055.364,52.251241684253124,5.7626222330188455,13305,237.22832900719965,12.700000000000001,0.7816536717801723,72006.44012594732,39397.37176294831,0.016917926257089832,0.016917926257089832
EJU5284_1390,323,4068.064,52.25155752610931,5.766068739912928,13346,237.22832900719965,12.700000000000001,0.7819990274866713,72005.65847227554,39413.129767011254,0.016912623310317555,0.016912623310317555
EJU5284_1390,324,4080.764,52.25187326747041,5.7695152959070795,13388,237.22832900719965,12.700000000000001,0.7823547360141023,72004.87647324805,39429.360666098575,0.016907228601992515,0.016907228601992515
EJU5284_1390,325,4093.464,52.25218890833345,5.772961900987028,13430,237.22832900719965,12.700000000000001,0.7827120930651044,72004.09411851203,39445.66741853829,0.01690174168218953,0.01690174168218953
EJU5284_1390,326,4106.164,52.252504448695454,5.776408555138501,13471,237.22832900719965,12.700000000000001,0.7830622363660542,72003.31140641897,39461.64571257139,0.016896162101236685,0.016896162101236685
EJU5284_1390,327,4118.864,52.25281988855345,5.779855258347227,13513,237.22832900719965,12.700000000000001,0.783422856404044,72002.5283441826,39478.102634256094,0.016890489409714875,0.016890489409714875
EJU5284_1390,328,4131.564,52.25313522790444,5.783302010598929,13555,237.22832900719965,12.700000000000001,0.783785130608901,72001.7449213262,39494.6356996806,0.01688472315845843,0.01688472315845843
EJU5284_1390,329,4144.264,52.25345046674545,5.786748811879332,13596,237.22832900719965,12.700000000000001,0.784140077884464,72000.96113619559,39510.83512658326,0.01687886289855454,0.01687886289855454
EJU5284_1390,330,4156.964,52.2537656050735,5.79019566217416,13638,237.22832900719965,12.700000000000001,0.7845056262541366,72000.1769961177,39527.518937234774,0.016872908181343665,0.016872908181343665
EJU5284_1390,331,4169.664,52.2540806428856,5.793642561469134,13679,237.22832900719965,12.700000000000001,0.7848637723323644,71999.39249049145,39543.865659328054,0.01686685855841941,0.01686685855841941
EJU5284_1390,332,4182.364,52.25439558017876,5.797089509749975,13721,237.22832900719965,12.700000000000001,0.7852326023190497,71998.60762671911,39560.700600117685,0.016860713581628686,0.016860713581628686
EJU5284_1390,333,4195.064,52.25471041694999,5.800536507002405,13763,237.22832900719965,12.700000000000001,0.785603095924799,71997.8223941168,39577.61217286896,0.01685447280307164,0.01685447280307164
EJU5284_1390,334,4207.764,52.25502515319631,5.803983553212141,13805,237.22832900719965,12.700000000000001,0.7859752550677674,71997.03679102087,39594.60047694482,0.016848135775101535,0.016848135775101535
EJU5284_1390,335,4220.464,52.25533978891471,5.8074306483649005,13846,237.22832900719965,12.700000000000001,0.7863398597573665,71996.2508157658,39611.2447246268,0.01684170205032514,0.01684170205032514
EJU5284_1390,336,4233.164,52.25565432410221,5.810877792446401,13888,237.22832900719965,12.700000000000001,0.786715315585754,71995.46447590605,39628.384939398056,0.016835171181602413,0.016835171181602413
EJU5284_1390,337,4245.864,52.255968758755806,5.814324985442357,13929,237.22832900719965,12.700000000000001,0.787083141079687,71994.67776059046,39645.177622023264,0.01682903591950988,0.01682903591950988
EJU5284_1390,338,4258.564,52.2562830928725,5.817772227338485,13971,237.22832900719965,12.700000000000001,0.78746190111821,71993.89067744938,39662.47013842286,0.01682290812804114,0.01682290812804114
EJU5284_1390,339,4271.264,52.256597326449295,5.821219518120497,14013,237.22832900719965,12.700000000000001,0.7878423362381373,71993.10321554827,39679.83988200747,0.01681669917382768,0.01681669917382768
EJU5284_1390,340,4283.964,52.25691145948319,5.824666857774106,14055,237.22832900719965,12.700000000000001,0.7882244483760643,71992.31537321203,39697.28695369405,0.016810408659528545,0.016810408659528545
EJU5284_1390,341,4296.664,52.25722549197118,5.828114246285023,14096,237.22832900719965,12.700000000000001,0.788598776967361,71991.52714876365,39714.37947324317,0.01680403618802648,0.01680403618802648
EJU5284_1390,342,4309.364,52.25753942391025,5.8315616836389585,14138,237.22832900719965,12.700000000000001,0.7889842085287067,71990.73854998668,39731.979639322715,0.016797581362427483,0.016797581362427483
EJU5284_1390,343,4322.064,52.257853255297405,5.835009169821622,14180,237.22832900719965,12.700000000000001,0.7893713228893517,71989.94956577815,39749.65743538297,0.01679104378606127,0.01679104378606127
EJU5284_1390,344,4334.764,52.25816698612963,5.8384567048187215,14221,237.22832900719965,12.700000000000001,0.7897505385626584,71989.16019445527,39766.97540184687,0.016784423062481006,0.016784423062481006
EJU5284_1390,345,4347.464,52.258480616403915,5.8419042886159644,14263,237.22832900719965,12.700000000000001,0.7901409837962261,71988.3704439167,39784.8068910698,0.01677771879546351,0.01677771879546351
EJU5284_1390,346,4360.164,52.258794146117246,5.8453519211990566,14304,237.22832900719965,12.700000000000001,0.7905234536717467,71987.58030293291,39802.27503560352,0.016770930589009202,0.016770930589009202
EJU5284_1390,347,4372.864,52.259107575266604,5.8487996025537035,14346,237.22832900719965,12.700000000000001,0.7909172374097138,71986.78977947924,39820.26061812403,0.01676405804734221,0.01676405804734221
EJU5284_1390,348,4385.564,52.25942090384898,5.852247332665609,14388,237.22832900719965,12.700000000000001,0.7913127136265796,71985.99886224183,39838.324338157945,0.016757100774910168,0.016757100774910168
EJU5284_1390,349,4398.264,52.259734131861336,5.855695111520477,14430,237.22832900719965,12.700000000000001,0.7917098842860637,71985.2075495282,39856.46629899695,0.01675005837638462,0.01675005837638462
EJU5284_1390,350,4410.964,52.26004725930066,5.859142939104009,14471,237.22832900719965,12.700000000000001,0.7920989247774057,71984.41583964392,39874.23781536638,0.01674293045666066,0.01674293045666066
EJU5284_1390,351,4423.664,52.26036028616394,5.862590815401907,14513,237.22832900719965,12.700000000000001,0.7924994493676216,71983.62374071914,39892.5346809217,0.016735716620857117,0.016735716620857117
EJU5284_1390,352,4436.364,52.26067321244813,5.86603874039987,14554,237.22832900719965,12.700000000000001,0.7928917665851258,71982.83124126977,39910.457560167015,0.016728416474316627,0.016728416474316627
EJU5284_1390,353,4449.064,52.260986038150214,5.869486714083598,14596,237.22832900719965,12.700000000000001,0.7932956528072213,71982.03834950319,39928.90973682306,0.016721029622605715,0.016721029622605715
EJU5284_1390,354,4461.764,52.261298763267156,5.872934736438788,14638,237.22832900719965,12.700000000000001,0.7937012432399091,71981.24505385038,39947.44066974428,0.016713555671514578,0.016713555671514578
EJU5284_1390,355,4474.464,52.261611387795924,5.876382807451138,14679,237.22832900719965,12.700000000000001,0.7940985096861641,71980.45135260714,39965.59226509313,0.01670599422705731,0.01670599422705731
EJU5284_1390,356,4487.164,52.26192391173348,5.879830927106346,14721,237.22832900719965,12.700000000000001,0.794507473392438,71979.65725409746,39984.27912512875,0.016698344895471853,0.016698344895471853
EJU5284_1390,357,4499.864,52.2622363350768,5.883279095390104,14763,237.22832900719965,12.700000000000001,0.794918147214422,71978.86274662407,40003.045054418624,0.01669060728322001,0.01669060728322001
EJU5284_1390,358,4512.564,52.262548657822826,5.886727312288108,14805,237.22832900719965,12.700000000000001,0.7953305331422247,71978.06782847685,40021.8901586828,0.016682780996987657,0.016682780996987657
EJU5284_1390,359,4525.264,52.26286087996852,5.890175577786052,14846,237.22832900719965,12.700000000000001,0.7957344386487151,71977.2724979437,40040.3487439016,0.016674865643684478,0.016674865643684478
EJU5284_1390,360,4537.964,52.26317300151084,5.893623891869628,14888,237.22832900719965,12.700000000000001,0.7961502134837226,71976.47676350505,40059.35060577405,0.01666686083044409,0.01666686083044409
EJU5284_1390,361,4550.664,52.263485022446744,5.897072254524526,14929,237.22832900719965,12.700000000000001,0.796557429880977,71975.68061329157,40077.962365843276,0.016658766164624167,0.016658766164624167
EJU5284_1390,362,4563.364,52.263796942773176,5.9005206657364395,14971,237.22832900719965,12.700000000000001,0.7969766014263233,71974.88405586168,40097.121401259246,0.016650581253806373,0.016650581253806373
EJU5284_1390,363,4576.064,52.26410876248708,5.903969125491056,15013,237.22832900719965,12.700000000000001,0.7973974949748197,71974.08707926025,40116.360139224416,0.016642305705796452,0.016642305705796452
EJU5284_1390,364,4588.764,52.26442048158542,5.907417633774064,15055,237.22832900719965,12.700000000000001,0.7978201125337134,71973.28968176528,40135.678687108244,0.016633980091458563,0.016633980091458563
EJU5284_1390,365,4601.464,52.26473210006512,5.910866190571153,15096,237.22832900719965,12.700000000000001,0.7982340141219817,71972.49186165274,40154.59989617524,0.0166262510519191,0.0166262510519191
EJU5284_1390,366,4614.164,52.26504361792312,5.914314795868009,15138,237.22832900719965,12.700000000000001,0.7986600441594442,71971.69362763863,40174.07646105263,0.01661844596535615,0.01661844596535615
EJU5284_1390,367,4626.864,52.26535503515637,5.917763449650318,15179,237.22832900719965,12.700000000000001,0.799077279661262,71970.89496759446,40193.152076536855,0.016610564480998374,0.016610564480998374
EJU5284_1390,368,4639.564,52.265666351761794,5.921212151903765,15221,237.22832900719965,12.700000000000001,0.7995067300465626,71970.0958903148,40212.78708083019,0.016602606248273484,0.016602606248273484
EJU5284_1390,369,4652.264,52.265977567736336,5.924660902614034,15263,237.22832900719965,12.700000000000001,0.7999379144234804,71969.29638358475,40232.50243084581,0.016594570916808018,0.016594570916808018
EJU5284_1390,370,4664.964,52.266288683076915,5.92810970176681,15304,237.22832900719965,12.700000000000001,0.8003601855928537,71968.49644567033,40251.811376002486,0.016586458136427604,0.016586458136427604
EJU5284_1390,371,4677.664,52.266599697780464,5.931558549347773,15346,237.22832900719965,12.700000000000001,0.8007948022101643,71967.69608548474,40271.68580575296,0.016578267557156724,0.016578267557156724
EJU5284_1390,372,4690.364,52.266910611843905,5.935007445342607,15388,237.22832900719965,12.700000000000001,0.8012311588504486,71966.89529068253,40291.64090656305,0.016569998829218932,0.016569998829218932
EJU5284_1390,373,4703.064,52.267221425264154,5.938456389736991,15430,237.22832900719965,12.700000000000001,0.801669257545899,71966.09405952368,40311.67678832304,0.016561651603036846,0.016561651603036846
EJU5284_1390,374,4715.764,52.267532138038135,5.941905382516605,15471,237.22832900719965,12.700000000000001,0.8020982838319684,71965.29239026613,40331.29894324881,0.016553225529232017,0.016553225529232017
EJU5284_1390,375,4728.464,52.267842750162764,5.94535442366713,15513,237.22832900719965,12.700000000000001,0.8025398307319853,71964.49029198229,40351.4947679953,0.016545000752653888,0.016545000752653888
EJU5284_1390,376,4741.164,52.26815326163496,5.9488035131742425,15554,237.22832900719965,12.700000000000001,0.8029722258238623,71963.68775215156,40371.27321277702,0.016539922441468072,0.016539922441468072
EJU5284_1390,377,4753.864,52.26846367245162,5.9522526510236204,15596,237.22832900719965,12.700000000000001,0.8034172288938317,71962.88477992573,40391.62941284719,0.016534694152798905,0.016534694152798905
EJU5284_1390,378,4766.564,52.26877398260965,5.955701837200941,15638,237.22832900719965,12.700000000000001,0.8038639841221054,71962.08136269684,40412.066942247606,0.016529315573891305,0.016529315573891305
EJU5284_1390,379,4779.264,52.269084192105964,5.959151071691879,15680,237.22832900719965,12.700000000000001,0.804312493556951,71961.27749871272,40432.58591258091,0.016523786392157593,0.016523786392157593
EJU5284_1390,380,4791.964,52.26939430093746,5.9626003544821105,15721,237.22832900719965,12.700000000000001,0.8047516908546843,71960.47318621917,40452.680123213104,0.016518106295177387,0.016518106295177387
EJU5284_1390,381,4804.664,52.26970430910104,5.966049685557309,15763,237.22832900719965,12.700000000000001,0.8052036725499292,71959.66843452831,40473.36034557263,0.016512274970697894,0.016512274970697894
EJU5284_1390,382,4817.364,52.27001421659358,5.969499064903148,15804,237.22832900719965,12.700000000000001,0.805646262146309,71958.86323085576,40493.6121261703,0.016506292106633652,0.016506292106633652
EJU5284_1390,383,4830.064,52.27032402341199,5.972948492505299,15846,237.22832900719965,12.700000000000001,0.8061017241291706,71958.05758459361,40514.454039628385,0.01650015739106656,0.01650015739106656
EJU5284_1390,384,4842.764,52.27063372955315,5.976397968349437,15888,237.22832900719965,12.700000000000001,0.8065589505001729,71957.25148286948,40535.37795094307,0.016493870512246076,0.016493870512246076
EJU5284_1390,385,4855.464,52.270943335013946,5.97984749242123,15929,237.22832900719965,12.700000000000001,0.8070066639877884,71956.44492391899,40555.867856661156,0.01648743115858906,0.01648743115858906
EJU5284_1390,386,4868.164,52.27125283979126,5.983297064706351,15971,237.22832900719965,12.700000000000001,0.8074673827739967,71955.637917255,40576.95412462704,0.016480839018680006,0.016480839018680006
EJU5284_1390,387,4880.864,52.27156224388197,5.986746685190467,16013,237.22832900719965,12.700000000000001,0.8079298720977852,71954.83044987221,40598.12272860719,0.01647409378127079,0.01647409378127079
EJU5284_1390,388,4893.564,52.27187154728295,5.990196353859249,16055,237.22832900719965,12.700000000000001,0.808394134030616,71954.02252000012,40619.37378282157,0.016467195135280804,0.016467195135280804
EJU5284_1390,389,4906.264,52.27218074999107,5.993646070698364,16096,237.22832900719965,12.700000000000001,0.8088487210389426,71953.21412586608,40640.18336334738,0.01646014276979709,0.01646014276979709
EJU5284_1390,390,4918.964,52.272489852003204,5.99709583569348,16138,237.22832900719965,12.700000000000001,0.8093164916596252,71952.40527714505,40661.59767147538,0.016452936374074228,0.016452936374074228
EJU5284_1390,391,4931.664,52.27279885331621,6.000545648830264,16179,237.22832900719965,12.700000000000001,0.8097745065389708,71951.59596065339,40682.56677960058,0.016445575637534342,0.016445575637534342
EJU5284_1390,392,4944.364,52.27310775392695,6.003995510094382,16221,237.22832900719965,12.700000000000001,0.8102457939637575,71950.78618614684,40704.144791009436,0.016438338776945827,0.016438338776945827
EJU5284_1390,393,4957.064,52.27341655383228,6.007445419471499,16263,237.22832900719965,12.700000000000001,0.8107188642920886,71949.97594035287,40725.80582263517,0.01643173433022339,0.01643173433022339
EJU5284_1390,394,4969.764,52.27372525302905,6.01089537694728,16305,237.22832900719965,12.700000000000001,0.8111937196102266,71949.16522148858,40747.5499904759,0.016425012735840565,0.016425012735840565
EJU5284_1390,395,4982.464,52.27403385151411,6.014345382507389,16346,237.22832900719965,12.700000000000001,0.8116586559903958,71948.35402776898,40768.84143015527,0.0164181736661507,0.0164181736661507
EJU5284_1390,396,4995.164,52.27434234928432,6.017795436137489,16388,237.22832900719965,12.700000000000001,0.812137044501527,71947.54236911298,40790.75021250673,0.016411216793685755,0.016411216793685755
EJU5284_1390,397,5007.864,52.274650746336505,6.021245537823244,16429,237.22832900719965,12.700000000000001,0.8126054326808503,71946.73023206848,40812.20251029795,0.016404141791156533,0.016404141791156533
EJU5284_1390,398,5020.564,52.27495904266751,6.024695687550315,16471,237.22832900719965,12.700000000000001,0.8130873625578958,71945.9176266358,40834.276363521436,0.016396948331452575,0.016396948331452575
EJU5284_1390,399,5033.264,52.275267238274175,6.0281458853043635,16513,237.22832900719965,12.700000000000001,0.8135710877911304,71945.10453927323,40856.433931814376,0.01638963608764216,0.01638963608764216
EJU5284_1390,400,5045.964,52.27557533315332,6.03159613107105,16555,237.22832900719965,12.700000000000001,0.8140566104810394,71944.29096818544,40878.675332980165,0.01638220473297247,0.01638220473297247
EJU5284_1390,401,5058.664,52.27588332730178,6.035046424836037,16596,237.22832900719965,12.700000000000001,0.8145319684759083,71943.47691157495,40900.452660413706,0.016374653940869406,0.016374653940869406
EJU5284_1390,402,5071.364,52.27619122071637,6.038496766584982,16638,237.22832900719965,12.700000000000001,0.8150210490323369,71942.66237960648,40922.86005786181,0.016366983384937722,0.016366983384937722
EJU5284_1390,403,5084.064,52.27649901339392,6.041947156303545,16680,237.22832900719965,12.700000000000001,0.815511933310056,71941.84735855745,40945.351640566405,0.01635919273896108,0.01635919273896108
EJU5284_1390,404,5096.764,52.276806705331225,6.045397593977384,16721,237.22832900719965,12.700000000000001,0.8159925293552213,71941.03184662414,40967.37344214395,0.01635128167690204,0.01635128167690204
EJU5284_1390,405,5109.464,52.27711429652511,6.048848079592157,16763,237.22832900719965,12.700000000000001,0.8164869838971438,71940.21585409479,40990.031720057894,0.01634324987290195,0.01634324987290195
EJU5284_1390,406,5122.164,52.277421786972376,6.052298613133522,16805,237.22832900719965,12.700000000000001,0.8169832484451431,71939.39936711089,41012.77453834262,0.016335097001281225,0.016335097001281225
EJU5284_1390,407,5134.864,52.27772917666982,6.055749194587135,16846,237.22832900719965,12.700000000000001,0.8174691007810533,71938.58238386245,41035.04184479102,0.016326822736539064,0.016326822736539064
EJU5284_1390,408,5147.564,52.27803646561425,6.059199823938654,16888,237.22832900719965,12.700000000000001,0.817968948030309,71937.76491476166,41057.95206262747,0.016318426753353692,0.016318426753353692
EJU5284_1390,409,5160.264,52.27834365380245,6.062650501173733,16930,237.22832900719965,12.700000000000001,0.8184706115901113,71936.94694581363,41080.94717870046,0.016309908726582292,0.016309908726582292
EJU5284_1390,410,5172.964,52.27865074123121,6.066101226278029,16971,237.22832900719965,12.700000000000001,0.8189617385142653,71936.12847520204,41103.46102873049,0.016301268331261096,0.016301268331261096
EJU5284_1390,411,5185.664,52.278957727897314,6.069551999237196,17013,237.22832900719965,12.700000000000001,0.8194669972507744,71935.30951346352,41126.62425415427,0.01629250524260526,0.01629250524260526
EJU5284_1390,412,5198.364,52.27926461379754,6.073002820036888,17054,237.22832900719965,12.700000000000001,0.819961636491567,71934.49004646628,41149.302379834626,0.01628361913600905,0.01628361913600905
EJU5284_1390,413,5211.064,52.27957139892866,6.07645368866276,17096,237.22832900719965,12.700000000000001,0.8204704987088391,71933.67008482979,41172.63418892674,0.016274609687045676,0.016274609687045676
EJU5284_1390,414,5223.764,52.27987808328744,6.079904605100464,17138,237.22832900719965,12.700000000000001,0.8209811877693796,71932.84961433108,41196.051497887274,0.016265476571467555,0.016265476571467555
EJU5284_1390,415,5236.464,52.28018466687066,6.083355569335654,17180,237.22832900719965,12.700000000000001,0.821493705806442,71932.0286331433,41219.55442915447,0.01625621946520605,0.01625621946520605
EJU5284_1390,416,5249.164,52.280491149675065,6.086806581353983,17221,237.22832900719965,12.700000000000001,0.8219954370207425,71931.2071394375,41242.56451473467,0.01624683804437174,0.01624683804437174
EJU5284_1390,417,5261.864,52.28079753169742,6.090257641141103,17263,237.22832900719965,12.700000000000001,0.8225115752965473,71930.38514400048,41266.236991487945,0.01623733198525424,0.01623733198525424
EJU5284_1390,418,5274.564,52.28110381293446,6.0937087486826655,17305,237.22832900719965,12.700000000000001,0.8230295489093278,71929.56263242518,41289.9954567948,0.01622770096432238,0.01622770096432238
EJU5284_1390,419,5287.264,52.281409993382944,6.0971599039643225,17346,237.22832900719965,12.700000000000001,0.823536609931893,71928.73960287627,41313.255250604816,0.016217944658224123,0.016217944658224123
EJU5284_1390,420,5299.964,52.281716073039604,6.100611106971725,17388,237.22832900719965,12.700000000000001,0.8240582163678929,71927.91606626635,41337.18398781836,0.016208700494107647,0.016208700494107647
EJU5284_1390,421,5312.664,52.28202205190118,6.104062357690522,17430,237.22832900719965,12.700000000000001,0.8245816645189046,71927.09200804998,41361.19908266899,0.0162000498590854,0.0162000498590854
EJU5284_1390,422,5325.364,52.282327929964396,6.1075136561063665,17471,237.22832900719965,12.700000000000001,0.8250940738604142,71926.26742638546,41384.70965597016,0.016191303697212278,0.016191303697212278
EJU5284_1390,423,5338.064,52.282633707225976,6.110965002204907,17513,237.22832900719965,12.700000000000001,0.8256211674533,71925.44233231159,41408.89575477376,0.016182461677136762,0.016182461677136762
EJU5284_1390,424,5350.764,52.28293938368264,6.114416395971793,17555,237.22832900719965,12.700000000000001,0.8261501091562495,71924.61671114413,41433.168583156315,0.0161735234676921,0.0161735234676921
EJU5284_1390,425,5363.464,52.2832449593311,6.117867837392676,17596,237.22832900719965,12.700000000000001,0.8266678853766762,71923.79056103497,41456.93101550401,0.016164488737896266,0.016164488737896266
EJU5284_1390,426,5376.164,52.28355043416806,6.121319326453203,17638,237.22832900719965,12.700000000000001,0.827200485173192,71922.96389314959,41481.37558555458,0.016155357156952103,0.016155357156952103
EJU5284_1390,427,5388.864,52.28385580819023,6.124770863139023,17679,237.22832900719965,12.700000000000001,0.8277218351282671,71922.13669266441,41505.305845490206,0.016146128394247224,0.016146128394247224
EJU5284_1390,428,5401.564,52.2841610813943,6.128222447435786,17721,237.22832900719965,12.700000000000001,0.8282581014363868,71921.30897082928,41529.92265017971,0.01613680211935408,0.01613680211935408
EJU5284_1390,429,5414.264,52.28446625377697,6.13167407932914,17763,237.22832900719965,12.700000000000001,0.8287962265318718,71920.48071272785,41554.62680974172,0.016127378002029954,0.016127378002029954
EJU5284_1390,430,5426.964,52.28477132533491,6.135125758804733,17805,237.22832900719965,12.700000000000001,0.8293362125762058,71919.65191650132,41579.41845142954,0.01611785571221707,0.01611785571221707
EJU5284_1390,431,5439.664,52.2850762960648,6.138577485848214,17846,237.22832900719965,12.700000000000001,0.829864778423296,71918.82258028875,41603.68787404595,0.016095459790274734,0.016095459790274734
EJU5284_1390,432,5452.364,52.28538116596332,6.14202926044523,17888,237.22832900719965,12.700000000000001,0.8304084479589546,71917.99271551032,41628.652750012865,0.016024822603557212,0.016024822603557212
EJU5284_1390,433,5465.064,52.28568593502714,6.145481082581428,17930,237.22832900719965,12.700000000000001,0.8309539848859702,71917.16230706236,41653.70548875504,0.015954460077095743,0.015954460077095743
EJU5284_1390,434,5477.764,52.285990603252905,6.148932952242457,17971,237.22832900719965,12.700000000000001,0.8314879735703733,71916.33135307748,41678.23005948776,0.0158843725237654,0.0158843725237654
EJU5284_1390,435,5490.464,52.28629517063728,6.152384869413964,18013,237.22832900719965,12.700000000000001,0.832037206732317,71915.4998651039,41703.45678749326,0.01581456025625081,0.01581456025625081
EJU5284_1390,436,5503.164,52.286599637176906,6.155836834081596,18055,237.22832900719965,12.700000000000001,0.832588313742685,71914.66782789717,41728.77176187078,0.015745023587046294,0.015745023587046294
EJU5284_1390,437,5515.864,52.286904002868425,6.159288846231,18096,237.22832900719965,12.700000000000001,0.8331277440039906,71913.83523958342,41753.55259409354,0.01567576282845568,0.01567576282845568
EJU5284_1390,438,5528.564,52.28720826770848,6.162740905847824,18138,237.22832900719965,12.700000000000001,0.8336825600210047,71913.00211183942,41779.04231856397,0.01560677829259235,0.01560677829259235
EJU5284_1390,439,5541.264,52.287512431693685,6.166193012917715,18180,237.22832900719965,12.700000000000001,0.8342392563574095,71912.1684292794,41804.62067597324,0.015538070291379298,0.015538070291379298
EJU5284_1390,440,5553.964,52.28781649482067,6.169645167426319,18221,237.22832900719965,12.700000000000001,0.8347841469754502,71911.33419002303,41829.65889167781,0.015469639136548988,0.015469639136548988
EJU5284_1390,441,5566.664,52.288120457086045,6.173097369359285,18263,237.22832900719965,12.700000000000001,0.8353445651170055,71910.49940587605,41855.412765899964,0.015401485139643352,0.015401485139643352
EJU5284_1390,442,5579.364,52.28842431848642,6.176549618702259,18304,237.22832900719965,12.700000000000001,0.8358930916516816,71909.66406131093,41880.62250076005,0.015333608612013858,0.015333608612013858
EJU5284_1390,443,5592.064,52.28872807901839,6.180001915440888,18346,237.22832900719965,12.700000000000001,0.8364572401103638,71908.82816821928,41906.55240414766,0.015266009864821429,0.015266009864821429
EJU5284_1390,444,5604.764,52.28903173867855,6.18345425956082,18388,237.22832900719965,12.700000000000001,0.8370232796848966,71907.99171097917,41932.57159035337,0.015198689209036387,0.015198689209036387
EJU5284_1390,445,5617.464,52.289335297463495,6.1869066510477015,18430,237.22832900719965,12.700000000000001,0.8375912125597049,71907.15468769948,41958.68019163376,0.01513164695543846,0.01513164695543846
EJU5284_1390,446,5630.164,52.28963875536979,6.19035908988718,18471,237.22832900719965,12.700000000000001,0.8381470803820439,71906.31709648692,41984.23657509841,0.015064883414616809,0.015064883414616809
EJU5284_1390,447,5642.864,52.289942112394016,6.1938115760649035,18513,237.22832900719965,12.700000000000001,0.8387187607338709,71905.47894940653,42010.522244485444,0.014998398896969977,0.014998398896969977
EJU5284_1390,448,5655.564,52.29024536853273,6.197264109566519,18555,237.22832900719965,12.700000000000001,0.8392923408944679,71904.6402306458,42036.89772456264,0.014932879097756143,0.014932879097756143
EJU5284_1390,449,5668.264,52.29054852378249,6.200716690377675,18596,237.22832900719965,12.700000000000001,0.8398537256344036,71903.8009383049,42062.71490986093,0.014867921173772726,0.014867921173772726
EJU5284_1390,450,5680.964,52.29085157813984,6.204169318484019,18638,237.22832900719965,12.700000000000001,0.8404310661425278,71902.96108457928,42089.26824271073,0.014803210044350363,0.014803210044350363
EJU5284_1390,451,5693.664,52.29115453160133,6.207621993871199,18680,237.22832900719965,12.700000000000001,0.8410103129789677,71902.12065351314,42115.91178492921,0.01473874599287511,0.01473874599287511
EJU5284_1390,452,5706.364,52.29145738416348,6.211074716524864,18721,237.22832900719965,12.700000000000001,0.8415772335569132,71901.27964320016,42141.99092919626,0.014674529302558807,0.014674529302558807
EJU5284_1390,453,5719.064,52.29176013582281,6.214527486430662,18763,237.22832900719965,12.700000000000001,0.8421602536324659,71900.4380659666,42168.81311492825,0.014610560256439113,0.014610560256439113
EJU5284_1390,454,5731.764,52.292062786575855,6.217980303574243,18805,237.22832900719965,12.700000000000001,0.8427451865661657,71899.59590571298,42195.72591179426,0.014546839137379329,0.014546839137379329
EJU5284_1390,455,5744.464,52.29236533641911,6.221433167941255,18846,237.22832900719965,12.700000000000001,0.8433176619322793,71898.75316052641,42222.06818112183,0.014483366228068584,0.014483366228068584
EJU5284_1390,456,5757.164,52.292667785349074,6.224886079517348,18888,237.22832900719965,12.700000000000001,0.8439063810162217,71897.90984286448,42249.16041836431,0.014420141811021709,0.014420141811021709
EJU5284_1390,457,5769.864,52.29297013336224,6.228339038288173,18929,237.22832900719965,12.700000000000001,0.8444825550859836,71897.06593648346,42275.67804351099,0.014357166168579214,0.014357166168579214
EJU5284_1390,458,5782.564,52.293272380455086,6.231792044239379,18971,237.22832900719965,12.700000000000001,0.8450750689028252,71896.22145392837,42302.950253625364,0.014294439582907291,0.014294439582907291
EJU5284_1390,459,5795.264,52.293574526624084,6.235245097356618,19013,237.22832900719965,12.700000000000001,0.8456695064639306,71895.37637885947,42330.31375030439,0.014231962335997807,0.014231962335997807
EJU5284_1390,460,5807.964,52.2938765718657,6.23869819762554,19055,237.22832900719965,12.700000000000001,0.8462658699705332,71894.530709353,42357.76867100475,0.014169734709668237,0.014169734709668237
EJU5284_1390,461,5820.664,52.294178516176395,6.242151345031798,19096,237.22832900719965,12.700000000000001,0.8468495118712818,71893.68444348303,42384.640724920595,0.014107756985561687,0.014107756985561687
EJU5284_1390,462,5833.364,52.2944803595526,6.245604539561042,19138,237.22832900719965,12.700000000000001,0.8474496874026625,71892.83759397116,42412.276698280395,0.014046029445146907,0.014046029445146907
EJU5284_1390,463,5846.064,52.29478210199076,6.249057781198927,19180,237.22832900719965,12.700000000000001,0.8480517954354161,71891.99014428376,42440.00450683208,0.013984552369718154,0.013984552369718154
EJU5284_1390,464,5858.764,52.295083743487304,6.2525110699311055,19221,237.22832900719965,12.700000000000001,0.8486410491300838,71891.14209248833,42467.14323852235,0.013923326040395308,0.013923326040395308
EJU5284_1390,465,5871.464,52.29538528403864,6.2559644057432315,19263,237.22832900719965,12.700000000000001,0.84924698214773,71890.2934514392,42495.052915249864,0.013862350738123782,0.013862350738123782
EJU5284_1390,466,5884.164,52.295686723641175,6.259417788620959,19305,237.22832900719965,12.700000000000001,0.8498548542296243,71889.44420445705,42523.054841523815,0.013801626743674494,0.013801626743674494
EJU5284_1390,467,5896.864,52.295988062291315,6.262871218549943,19346,237.22832900719965,12.700000000000001,0.8504497387638206,71888.59434960282,42550.4614536086,0.013741154337643866,0.013741154337643866
EJU5284_1390,468,5909.564,52.29628929998544,6.2663246955158405,19388,237.22832900719965,12.700000000000001,0.8510614488036807,71887.74389986406,42578.64606988973,0.013680933800453838,0.013680933800453838
EJU5284_1390,469,5922.264,52.296590436719924,6.269778219504308,19430,237.22832900719965,12.700000000000001,0.8516751044767847,71886.89283841525,42606.92335328077,0.013620965412351806,0.013620965412351806
EJU5284_1390,470,5934.964,52.29689147249113,6.2732317905010015,19471,237.22832900719965,12.700000000000001,0.85227563891376,71886.04116331077,42634.59905769084,0.01356124945341064,0.01356124945341064
EJU5284_1390,471,5947.664,52.29719240729542,6.27668540849158,19513,237.22832900719965,12.700000000000001,0.8528931455291002,71885.18888767186,42663.05985928474,0.013501786203528623,0.013501786203528623
EJU5284_1390,472,5960.364,52.29749324112913,6.280139073461702,19554,237.22832900719965,12.700000000000001,0.8534974418778651,71884.33599452634,42690.91490698722,0.013442575942429407,0.013442575942429407
EJU5284_1390,473,5973.064,52.297793973988604,6.283592785397027,19596,237.22832900719965,12.700000000000001,0.8541188080619422,71883.48249708446,42719.5597802181,0.013383618949662075,0.013383618949662075
EJU5284_1390,474,5985.764,52.298094605870155,6.287046544283217,19638,237.22832900719965,12.700000000000001,0.8547421308209924,71882.62837827641,42748.29802255039,0.01332491550460109,0.01332491550460109
EJU5284_1390,475,5998.464,52.2983951367701,6.2905003501059324,19680,237.22832900719965,12.700000000000001,0.8553674123659887,71881.77363614559,42777.12977684666,0.013266465886446255,0.013266465886446255
EJU5284_1390,476,6011.164,52.29869556668473,6.293954202850836,19721,237.22832900719965,12.700000000000001,0.8559793038559889,71880.91826873322,42805.347339324864,0.012787727867555868,0.012787727867555868
EJU5284_1390,477,6023.864,52.29899589561034,6.297408102503591,19763,237.22832900719965,12.700000000000001,0.8566084623380448,71880.06228942936,42834.36428750763,0.012265166626262286,0.012265166626262286
EJU5284_1390,478,6036.564,52.2992961235432,6.300862049049863,19805,237.22832900719965,12.700000000000001,0.8572395861878686,71879.20568096702,42863.47517499579,0.011746227496687127,0.011746227496687127
EJU5284_1390,479,6049.264,52.29959625047958,6.3043160424753175,19846,237.22832900719965,12.700000000000001,0.8578571848495975,71878.34844138083,42891.965522186285,0.011230911641306993,0.011230911641306993
EJU5284_1390,480,6061.964,52.29989627641572,6.307770082765621,19888,237.22832900719965,12.700000000000001,0.8584921986432592,71877.49058419598,42921.262451149814,0.010719220221818083,0.010719220221818083
EJU5284_1390,481,6074.664,52.30019620134787,6.311224169906441,19930,237.22832900719965,12.700000000000001,0.8591291843888549,71876.63209199734,42950.65375007063,0.010211154399136016,0.010211154399136016
EJU5284_1390,482,6087.364,52.30049602527225,6.314678303883447,19971,237.22832900719965,12.700000000000001,0.8597525093291054,71875.77296281295,42979.41813188076,0.00970671533339591,0.00970671533339591
EJU5284_1390,483,6100.064,52.300795748185074,6.318132484682311,20013,237.22832900719965,12.700000000000001,0.8603933980289553,71874.91321030361,43008.99632643178,0.009205904183952094,0.009205904183952094
EJU5284_1390,484,6112.764,52.30109537008254,6.321586712288703,20055,237.22832900719965,12.700000000000001,0.8610362652662449,71874.05281690558,43038.66932492857,0.008708722109378194,0.008708722109378194
EJU5284_1390,485,6125.464,52.301394890960836,6.325040986688296,20096,237.22832900719965,12.700000000000001,0.861665335595563,71873.1917806403,43067.70900094657,0.008215170267466891,0.008215170267466891
EJU5284_1390,486,6138.164,52.30169431081613,6.328495307866765,20138,237.22832900719965,12.700000000000001,0.862312118799142,71872.3301153047,43097.56975584598,0.007725249815229829,0.007725249815229829
EJU5284_1390,487,6150.864,52.30199362964459,6.331949675809787,20179,237.22832900719965,12.700000000000001,0.8629450144578739,71871.46780318591,43126.79291941353,0.0072482073198295435,0.0072482073198295435
EJU5284_1390,488,6163.564,52.30229284744236,6.3354040905030375,20221,237.22832900719965,12.700000000000001,0.8635957222672681,71870.60485817146,43156.8420059205,0.00678768114444286,0.00678768114444286
EJU5284_1390,489,6176.264,52.30259196420556,6.338858551932197,20263,237.22832900719965,12.700000000000001,0.864248419572359,71869.74126244918,43186.986625981575,0.006327757229176603,0.006327757229176603
EJU5284_1390,490,6188.964,52.30289097993032,6.342313060082946,20305,237.22832900719965,12.700000000000001,0.8649031085857424,71868.87701402961,43217.22692808017,0.00586843290905857,0.00586843290905857
EJU5284_1390,491,6201.664,52.30318989461273,6.345767614940965,20346,237.22832900719965,12.700000000000001,0.8655437270251005,71868.01211092103,43246.82101040284,0.0054097055207912035,0.0054097055207912035
EJU5284_1390,492,6214.364,52.303488708248885,6.34922221649194,20388,237.22832900719965,12.700000000000001,0.8662023580253488,71867.14656719401,43277.25081051033,0.004951572402751703,0.004951572402751703
EJU5284_1390,493,6227.064,52.30378742083485,6.3526768647215555,20430,237.22832900719965,12.700000000000001,0.866862987317081,71866.28036483598,43307.77673681172,0.004494030894992243,0.004494030894992243
EJU5284_1390,494,6239.764,52.30408603236669,6.356131559615499,20471,237.22832900719965,12.700000000000001,0.867509408469163,71865.41350184867,43337.64995095669,0.0040370783392402135,0.0040370783392402135
EJU5284_1390,495,6252.464,52.30438454284044,6.359586301159461,20513,237.22832900719965,12.700000000000001,0.8681739927519816,71864.5459924402,43368.36625620625,0.003580712078898292,0.003580712078898292
EJU5284_1390,496,6265.164,52.304682952252115,6.363041089339132,20554,237.22832900719965,12.700000000000001,0.8688242772851171,71863.67781844744,43398.42552229886,0.0031249294590447196,0.0031249294590447196
EJU5284_1390,497,6277.864,52.304981260597735,6.366495924140204,20596,237.22832900719965,12.700000000000001,0.8694928251897518,71862.80899417015,43429.33279517934,0.002669727826433457,0.002669727826433457
EJU5284_1390,498,6290.564,52.305279467873284,6.369950805548373,20638,237.22832900719965,12.700000000000001,0.8701633823329715,71861.93950134495,43460.336940959016,0.002215104529494374,0.002215104529494374
EJU5284_1390,499,6303.264,52.30557757407474,6.373405733549337,20680,237.22832900719965,12.700000000000001,0.8708359509239796,71861.06933796262,43491.43811160125,0.0017610569183335446,0.0017610569183335446
EJU5284_1390,500,6315.964,52.30587557919806,6.3768607081287945,20721,237.22832900719965,12.700000000000001,0.8714940347737341,71860.1985020117,43521.87349671799,0.0013075823447332552,0.0013075823447332552
EJU5284_1390,501,6328.664,52.30617348323918,6.380315729272448,20763,237.22832900719965,12.700000000000001,0.8721705843409207,71859.32700797693,43553.16682872687,0.0008546781621523293,0.0008546781621523293
EJU5284_1390,502,6341.364,52.30647128619402,6.383770796966002,20804,237.22832900719965,12.700000000000001,0.8728325569047253,71858.4548373926,43583.790008682714,0.0004023417257262794,0.0004023417257262794
EJU5284_1390,503,6354.064,52.30676898805849,6.387225911195161,20846,237.22832900719965,12.700000000000001,0.8735130960654027,71857.58200483568,43615.27609990444,0.0,0.0
EJU5284_1390,504,6366.764,52.30706658882847,6.390681071945635,20888,237.22832900719965,12.700000000000001,0.874195657603954,71856.70849173961,43646.85997431823,0.0,0.0
EJU5284_1390,505,6379.464,52.307364088499824,6.394136279203135,20930,237.22832900719965,12.700000000000001,0.8748802437253367,71855.83429608202,43678.5417862535,0.0,0.0
EJU5284_1390,506,6392.164,52.30766148706841,6.397591532953375,20971,237.22832900719965,12.700000000000001,0.8755500665371756,71854.9594158383,43709.54461960547,0.0,0.0
EJU5284_1390,507,6404.864,52.307958784530044,6.401046833182071,21013,237.22832900719965,12.700000000000001,0.8762386595730243,71854.08386577175,43741.42040307436,0.0,0.0
EJU5284_1390,508,6417.564,52.30825598088053,6.404502179874942,21055,237.22832900719965,12.700000000000001,0.8769292837482006,71853.20762711218,43773.39458570991,0.0,0.0
EJU5284_1390,509,6430.264,52.308553076115665,6.407957573017712,21096,237.22832900719965,12.700000000000001,0.8776050045900614,71852.33069782842,43804.683147763855,0.0,0.0
EJU5284_1390,510,6442.964,52.308850070231216,6.411413012596104,21138,237.22832900719965,12.700000000000001,0.8782996486251937,71851.45309282384,43836.85221755994,0.0,0.0
EJU5284_1390,511,6455.664,52.30914696322292,6.414868498595846,21179,237.22832900719965,12.700000000000001,0.8789792960824858,71850.57479317521,43868.331239789295,0.0,0.0
EJU5284_1390,512,6468.364,52.309443755086505,6.418324031002669,21221,237.22832900719965,12.700000000000001,0.8796779685626308,71849.69581387912,43900.69580861158,0.0,0.0
EJU5284_1390,513,6481.064,52.309740445817674,6.421779609802307,21263,237.22832900719965,12.700000000000001,0.8803786830712739,71848.81613591056,43933.15955271404,0.0,0.0
EJU5284_1390,514,6493.764,52.31003703541211,6.425235234980498,21305,237.22832900719965,12.700000000000001,0.8810814418038118,71847.93575722749,43965.72263004608,0.0,0.0
EJU5284_1390,515,6506.464,52.31033352386546,6.428690906522981,21346,237.22832900719965,12.700000000000001,0.8817690156724771,71847.05467578568,43997.5867106712,0.0,0.0
EJU5284_1390,516,6519.164,52.310629911173365,6.4321466244155,21388,237.22832900719965,12.700000000000001,0.8824758200958729,71846.17290677,44030.34652778431,0.0,0.0
EJU5284_1390,517,6531.864,52.31092619733143,6.435602388643804,21429,237.22832900719965,12.700000000000001,0.8831673457535605,71845.29043094991,44062.4028801078,0.0,0.0
EJU5284_1390,518,6544.564,52.31122238233525,6.439058199193642,21471,237.22832900719965,12.700000000000001,0.8838782044227824,71844.40726360415,44095.36005840056,0.0,0.0
EJU5284_1390,519,6557.264,52.31151846618039,6.44251405605077,21513,237.22832900719965,12.700000000000001,0.8845911181669015,71843.52338539973,44128.41735812918,0.0,0.0
EJU5284_1390,520,6569.964,52.31181444886237,6.445969959200947,21555,237.22832900719965,12.700000000000001,0.8853060891726874,71842.63879428156,44161.574939704704,0.0,0.0
EJU5284_1390,521,6582.664,52.31211033037671,6.449425908629934,21596,237.22832900719965,12.700000000000001,0.8860055918024468,71841.7534881924,44194.02002400317,0.0,0.0
EJU5284_1390,522,6595.364,52.3124061107189,6.4528819043234975,21638,237.22832900719965,12.700000000000001,0.886724634232098,71840.86748260059,44227.37622684828,0.0,0.0
EJU5284_1390,523,6608.064,52.312701789884386,6.456337946267408,21680,237.22832900719965,12.700000000000001,0.8874457404212917,71839.98075796636,44260.83319137948,0.0,0.0
EJU5284_1390,524,6620.764,52.31299736786861,6.459794034447441,21721,237.22832900719965,12.700000000000001,0.8881512357339305,71839.09331222594,44293.5708610721,0.0,0.0
EJU5284_1390,525,6633.464,52.313292844666975,6.463250168849374,21763,237.22832900719965,12.700000000000001,0.8888764261698539,71838.20516099021,44327.227398586736,0.0,0.0
EJU5284_1390,526,6646.164,52.31358822027486,6.466706349458992,21804,237.22832900719965,12.700000000000001,0.8895859108386951,71837.31628456405,44360.160110319826,0.0,0.0
EJU5284_1390,527,6658.864,52.3138834946876,6.470162576262082,21846,237.22832900719965,12.700000000000001,0.8903151940174101,71836.4266986532,44394.01685680273,0.0,0.0
EJU5284_1390,528,6671.564,52.31417866790053,6.473618849244437,21888,237.22832900719965,12.700000000000001,0.8910465517319522,71835.53638345918,44427.97517168121,0.0,0.0
EJU5284_1390,529,6684.264,52.31447373990892,6.477075168391854,21930,237.22832900719965,12.700000000000001,0.8917799861525305,71834.64533690746,44462.035219132806,0.0,0.0
EJU5284_1390,530,6696.964,52.31476871070804,6.4805315336901375,21971,237.22832900719965,12.700000000000001,0.8924975232044609,71833.7535569213,44495.36228083226,0.0,0.0
EJU5284_1390,531,6709.664,52.315063580293106,6.483987945125093,22013,237.22832900719965,12.700000000000001,0.8932350674157506,71832.8610593981,44529.62382692734,0.0,0.0
EJU5284_1390,532,6722.364,52.315358348659316,6.487444402682534,22054,237.22832900719965,12.700000000000001,0.8939566187074478,71831.96782433068,44563.14781359613,0.0,0.0
EJU5284_1390,533,6735.064,52.315653015801836,6.49090090634828,22096,237.22832900719965,12.700000000000001,0.894698281156514,71831.07386771198,44597.61150423917,0.0,0.0
EJU5284_1390,534,6747.764,52.31594758171579,6.494357456108153,22138,237.22832900719965,12.700000000000001,0.8954420310257478,71830.17916943082,44632.17774674816,0.0,0.0
EJU5284_1390,535,6760.464,52.31624204639627,6.497814051947983,22180,237.22832900719965,12.700000000000001,0.8961878704717636,71829.28372739979,44666.84670786223,0.0,0.0
EJU5284_1390,536,6773.164,52.316536409838335,6.501270693853606,22221,237.22832900719965,12.700000000000001,0.8969175240670045,71828.38753952931,44700.768862918594,0.0,0.0
EJU5284_1390,537,6785.864,52.31683067203701,6.504727381810862,22263,237.22832900719965,12.700000000000001,0.897667498691905,71827.49062200525,44735.64127837623,0.0,0.0
EJU5284_1390,538,6798.564,52.317124832987275,6.5081841158056,22305,237.22832900719965,12.700000000000001,0.8984195692966378,71826.59295450656,44770.616911210316,0.0,0.0
EJU5284_1390,539,6811.264,52.31741889268409,6.511640895823673,22346,237.22832900719965,12.700000000000001,0.8991553090628048,71825.69453493727,44804.83877867777,0.0,0.0
EJU5284_1390,540,6823.964,52.31771285112236,6.515097721850942,22388,237.22832900719965,12.700000000000001,0.8999115274742403,71824.79537962821,44840.01885512129,0.0,0.0
EJU5284_1390,541,6836.664,52.31800670829696,6.518554593873272,22429,237.22832900719965,12.700000000000001,0.9006513185045716,71823.89546810073,44874.44052716427,0.0,0.0
EJU5284_1390,542,6849.364,52.31830046420273,6.522011511876539,22471,237.22832900719965,12.700000000000001,0.9014116930806931,71822.99481678223,44909.82570830136,0.0,0.0
EJU5284_1390,543,6862.064,52.318594118834454,6.525468475846624,22513,237.22832900719965,12.700000000000001,0.9021741742377868,71822.09340508915,44945.314945363956,0.0,0.0
EJU5284_1390,544,6874.764,52.31888767218688,6.528925485769415,22555,237.22832900719965,12.700000000000001,0.9029387641079876,71821.19123091492,44980.90840901125,0.0,0.0
EJU5284_1390,545,6887.464,52.319181124254726,6.532382541630807,22596,237.22832900719965,12.700000000000001,0.9036867316703057,71820.28829215081,45015.734089073885,0.0,0.0
EJU5284_1390,546,6900.164,52.31947447503265,6.535839643416704,22638,237.22832900719965,12.700000000000001,0.9044554944539589,71819.38460541914,45051.533998001076,0.0,0.0
EJU5284_1390,547,6912.864,52.31976772451527,6.539296791113018,22679,237.22832900719965,12.700000000000001,0.9052075377260932,71818.48014992468,45086.561439879006,0.0,0.0
EJU5284_1390,548,6925.564,52.32006087269717,6.5427539847056675,22721,237.22832900719965,12.700000000000001,0.9059804817108049,71817.57494238696,45122.568465494725,0.0,0.0
EJU5284_1390,549,6938.264,52.320353919572874,6.546211224180581,22763,237.22832900719965,12.700000000000001,0.9067555449204932,71816.66896190525,45158.68056934132,0.0,0.0
EJU5284_1390,550,6950.964,52.32064686513686,6.549668509523695,22805,237.22832900719965,12.700000000000001,0.9075327294680865,71815.76220636033,45194.89792474415,0.0,0.0
EJU5284_1390,551,6963.664,52.32093970938355,6.553125840720954,22846,237.22832900719965,12.700000000000001,0.9082929982474555,71814.85467363086,45230.33334380543,0.0,0.0
EJU5284_1390,552,6976.364,52.321232452307335,6.556583217758313,22888,237.22832900719965,12.700000000000001,0.9090743805939902,71813.94638063261,45266.759177426,0.0,0.0
EJU5284_1390,553,6989.064,52.321525093902544,6.560040640621737,22930,237.22832900719965,12.700000000000001,0.9098578905457296,71813.03730625201,45303.290781079544,0.0,0.0
EJU5284_1390,554,7001.764,52.321817634163445,6.563498109297197,22971,237.22832900719965,12.700000000000001,0.9106243372529913,71812.12744836147,45339.03332090114,0.0,0.0
EJU5284_1390,555,7014.464,52.32211007308427,6.566955623770678,23013,237.22832900719965,12.700000000000001,0.911412057354601,71811.21682402422,45375.77443112457,0.0,0.0
EJU5284_1390,556,7027.164,52.32240241065917,6.5704131840281725,23054,237.22832900719965,12.700000000000001,0.9121826160175026,71810.30541196687,45411.72172609129,0.0,0.0
EJU5284_1390,557,7039.864,52.32269464688227,6.573870790055685,23096,237.22832900719965,12.700000000000001,0.9129745544334475,71809.39322935086,45448.673030094666,0.0,0.0
EJU5284_1390,558,7052.564,52.32298678174761,6.577328441839231,23138,237.22832900719965,12.700000000000001,0.9137686308102684,71808.48025479642,45485.73097582212,0.0,0.0
EJU5284_1390,559,7065.264,52.32327881524919,6.580786139364835,23180,237.22832900719965,12.700000000000001,0.9145648472274761,71807.56648616561,45522.89574067984,0.0,0.0
EJU5284_1390,560,7077.964,52.323570747380934,6.584243882618535,23221,237.22832900719965,12.700000000000001,0.9153437039573805,71806.65192131838,45559.25708316093,0.0,0.0
EJU5284_1390,561,7090.664,52.323862578136705,6.587701671586381,23263,237.22832900719965,12.700000000000001,0.9161441550242613,71805.73657761441,45596.633435381176,0.0,0.0
EJU5284_1390,562,7103.364,52.32415430751031,6.591159506254434,23304,237.22832900719965,12.700000000000001,0.9169271475506071,71804.82043345939,45633.20156760076,0.0,0.0
EJU5284_1390,563,7116.064,52.32444593549548,6.594617386608768,23346,237.22832900719965,12.700000000000001,0.9177318413371479,71803.90350631184,45670.790205142206,0.0,0.0
EJU5284_1390,564,7128.764,52.324737462085885,6.598075312635468,23388,237.22832900719965,12.700000000000001,0.9185386853999071,71802.9857744705,45708.48654714038,0.0,0.0
EJU5284_1390,565,7141.464,52.325028887275124,6.601533284320637,23430,237.22832900719965,12.700000000000001,0.9193476817928704,71802.0672357851,45746.2907737775,0.0,0.0
EJU5284_1390,566,7154.164,52.32532021105671,6.604991301650387,23471,237.22832900719965,12.700000000000001,0.9201390200722078,71801.14788810331,45783.27707959853,0.0,0.0
EJU5284_1390,567,7166.864,52.32561143342411,6.608449364610847,23513,237.22832900719965,12.700000000000001,0.920952275319629,71800.22774908323,45821.29500694389,0.0,0.0
EJU5284_1390,568,7179.564,52.32590255437068,6.611907473188158,23555,237.22832900719965,12.700000000000001,0.921767688982676,71799.30679680791,45859.42135792025,0.0,0.0
EJU5284_1390,569,7192.264,52.326193573889725,6.6153656273684796,23596,237.22832900719965,12.700000000000001,0.9225652945768367,71798.38502911893,45896.72248571354,0.0,0.0
EJU5284_1390,570,7204.964,52.326484491974455,6.618823827137984,23638,237.22832900719965,12.700000000000001,0.9233849790761577,71797.46246382435,45935.06360644406,0.0,0.0
EJU5284_1390,571,7217.664,52.32677530861801,6.62228207248286,23679,237.22832900719965,12.700000000000001,0.9241867556682213,71796.53907884528,45972.574635701254,0.0,0.0
EJU5284_1390,572,7230.364,52.32706602381343,6.625740363389314,23721,237.22832900719965,12.700000000000001,0.9250107189123193,71795.61489208961,46011.13124059754,0.0,0.0
EJU5284_1390,573,7243.064,52.32735663755367,6.629198699843568,23763,237.22832900719965,12.700000000000001,0.9258368506030336,71794.6898813707,46049.79717532251,0.0,0.0
EJU5284_1390,574,7255.764,52.327647149831606,6.632657081831862,23805,237.22832900719965,12.700000000000001,0.9266651527508776,71793.7640445201,46088.572624307686,0.0,0.0
EJU5284_1390,575,7268.464,52.32793756064001,6.636115509340455,23846,237.22832900719965,12.700000000000001,0.927475345439392,71792.83737936734,46126.50813768677,0.0,0.0
EJU5284_1390,576,7281.164,52.328227869971556,6.639573982355624,23888,237.22832900719965,12.700000000000001,0.9283079421252811,71791.9099040219,46165.50051960131,0.0,0.0
EJU5284_1390,577,7293.864,52.32851807781883,6.643032500863665,23929,237.22832900719965,12.700000000000001,0.9291223288597358,71790.98159607977,46203.648049579635,0.0,0.0
EJU5284_1390,578,7306.564,52.32880818417431,6.6464910648508955,23971,237.22832900719965,12.700000000000001,0.9299592278706028,71790.05247375091,46242.85809002834,0.0,0.0
EJU5284_1390,579,7319.264,52.32909818903036,6.649949674303652,24013,237.22832900719965,12.700000000000001,0.9307983072153823,71789.12251452304,46282.17856513429,0.0,0.0
EJU5284_1390,580,7331.964,52.329388092379254,6.653408329208294,24055,237.22832900719965,12.700000000000001,0.9316395688719608,71788.19171621582,46321.609662220035,0.0,0.0
EJU5284_1390,581,7344.664,52.32967789421314,6.6568670295512025,24096,237.22832900719965,12.700000000000001,0.9324624177125188,71787.26007664695,46360.18596580776,0.0,0.0
EJU5284_1390,582,7357.364,52.32996759452406,6.66032577531878,24138,237.22832900719965,12.700000000000001,0.9333079972310097,71786.32761422925,46399.83619289884,0.0,0.0
EJU5284_1390,583,7370.064,52.330257193303915,6.663784566497455,24180,237.22832900719965,12.700000000000001,0.9341557649129877,71785.39430623202,46439.59760232589,0.0,0.0
EJU5284_1390,584,7382.764,52.33054669054451,6.667243403073679,24221,237.22832900719965,12.700000000000001,0.9349849673662889,71784.4601504671,46478.496734043256,0.0,0.0
EJU5284_1390,585,7395.464,52.33083608623751,6.67070228503393,24263,237.22832900719965,12.700000000000001,0.9358370644192419,71783.52516549974,46518.47838490006,0.0,0.0
EJU5284_1390,586,7408.164,52.33112538037445,6.674161212364711,24304,237.22832900719965,12.700000000000001,0.9366704947767995,71782.58932843532,46557.592768233975,0.0,0.0
EJU5284_1390,587,7420.864,52.331414572946734,6.677620185052554,24346,237.22832900719965,12.700000000000001,0.9375269287831245,71781.65265794055,46597.79540326098,0.0,0.0
EJU5284_1390,588,7433.564,52.33170366394561,6.681079203084017,24388,237.22832900719965,12.700000000000001,0.9383855605702719,71780.71513101176,46638.11016275863,0.0,0.0
EJU5284_1390,589,7446.264,52.3319926533622,6.6845382664456885,24430,237.22832900719965,12.700000000000001,0.9392463920613706,71779.77674545119,46678.53723847538,0.0,0.0
EJU5284_1390,590,7458.964,52.33228154118746,6.687997375124188,24471,237.22832900719965,12.700000000000001,0.9400883520368922,71778.83749905913,46718.08695607591,0.0,0.0
EJU5284_1390,591,7471.664,52.3325703274122,6.691456529106165,24513,237.22832900719965,12.700000000000001,0.9409535355881357,71777.89741070708,46758.73652219766,0.0,0.0
EJU5284_1390,592,7484.364,52.33285901202706,6.6949157283783025,24554,237.22832900719965,12.700000000000001,0.941799745512224,71776.95645717149,46798.503690434234,0.0,0.0
EJU5284_1390,593,7497.064,52.33314759502251,6.6983749729273185,24596,237.22832900719965,12.700000000000001,0.9426692885540618,71776.01465742597,46839.37650136081,0.0,0.0
EJU5284_1390,594,7509.764,52.333436076388864,6.701834262739965,24638,237.22832900719965,12.700000000000001,0.943541040724444,71775.07198813741,46880.36258543186,0.0,0.0
EJU5284_1390,595,7522.464,52.333724456116244,6.7052935978030295,24680,237.22832900719965,12.700000000000001,0.9444150039059119,71774.12844709668,46921.462137407376,0.0,0.0
EJU5284_1390,596,7535.164,52.33401273419458,6.70875297810334,24721,237.22832900719965,12.700000000000001,0.9452697873469492,71773.18403209277,46961.66909958851,0.0,0.0
EJU5284_1390,597,7547.864,52.334300910613614,6.712212403627763,24763,237.22832900719965,12.700000000000001,0.9461481248069248,71772.23876230542,47002.993426258196,0.0,0.0
EJU5284_1390,598,7560.564,52.334588985362885,6.715671874363206,24805,237.22832900719965,12.700000000000001,0.9470286788378048,71771.29261418062,47044.43180344263,0.0,0.0
EJU5284_1390,599,7573.264,52.33487695843173,6.71913139029662,24846,237.22832900719965,12.700000000000001,0.9478898982936245,71770.34558550178,47084.96991752253,0.0,0.0
EJU5284_1390,600,7585.964,52.33516482980925,6.722590951414999,24888,237.22832900719965,12.700000000000001,0.9487748375231546,71769.39769560349,47126.6342249705,0.0,0.0
EJU5284_1390,601,7598.664,52.33545259948434,6.726050557705385,24929,237.22832900719965,12.700000000000001,0.9496403391077184,71768.44892076596,47167.39315312936,0.0,0.0
EJU5284_1390,602,7611.364,52.33574026744565,6.729510209154868,24971,237.22832900719965,12.700000000000001,0.9505296707136016,71767.49928042685,47209.2841630922,0.0,0.0
EJU5284_1390,603,7624.064,52.336027833681584,6.732969905750589,25013,237.22832900719965,12.700000000000001,0.9514212279943819,71766.54875075615,47251.29020314128,0.0,0.0
EJU5284_1390,604,7636.764,52.33631529818029,6.736429647479741,25055,237.22832900719965,12.700000000000001,0.9523150127652158,71765.59732952816,47293.41147264776,0.0,0.0
EJU5284_1390,605,7649.464,52.33660266092965,6.739889434329573,25096,237.22832900719965,12.700000000000001,0.9531891518574847,71764.6450145154,47334.61701597549,0.0,0.0
EJU5284_1390,606,7662.164,52.33688992191727,6.743349266287391,25138,237.22832900719965,12.700000000000001,0.9540873432632213,71763.69182536354,47376.966554104554,0.0,0.0
EJU5284_1390,607,7674.864,52.337177081130456,6.746809143340559,25179,237.22832900719965,12.700000000000001,0.9549657852885883,71762.73773802028,47418.39519791974,0.0,0.0
EJU5284_1390,608,7687.564,52.33746413855623,6.750269065476507,25221,237.22832900719965,12.700000000000001,0.9558683903210087,71761.78277223499,47460.97378907103,0.0,0.0
EJU5284_1390,609,7700.264,52.33775109418128,6.75372903268273,25263,237.22832900719965,12.700000000000001,0.9567732317116355,71760.82690384467,47503.66860466217,0.0,0.0
EJU5284_1390,610,7712.964,52.338037947991964,6.75718904494679,25305,237.22832900719965,12.700000000000001,0.9576803112261383,71759.87013061297,47546.47984720232,0.0,0.0
EJU5284_1390,611,7725.664,52.33832469997431,6.760649102256322,25346,237.22832900719965,12.700000000000001,0.9585674320614269,71758.91245030174,47588.35974317597,0.0,0.0
EJU5284_1390,612,7738.364,52.338611350113965,6.7641092045990385,25388,237.22832900719965,12.700000000000001,0.9594789390724083,71757.95388286968,47631.40162949382,0.0,0.0
EJU5284_1390,613,7751.064,52.338897898396205,6.767569351962727,25430,237.22832900719965,12.700000000000001,0.9603926894102006,71756.99440393061,47674.56054855858,0.0,0.0
EJU5284_1390,614,7763.764,52.3391843448059,6.771029544335263,25471,237.22832900719965,12.700000000000001,0.961286323863252,71756.03401124121,47716.780251095566,0.0,0.0
EJU5284_1390,615,7776.464,52.33947068932751,6.774489781704604,25513,237.22832900719965,12.700000000000001,0.9622045118988708,71755.07272491735,47760.17101550519,0.0,0.0
EJU5284_1390,616,7789.164,52.33975693194506,6.777950064058805,25554,237.22832900719965,12.700000000000001,0.963102479412423,71754.11052040545,47802.61731578286,0.0,0.0
EJU5284_1390,617,7801.864,52.340043072642096,6.781410391386014,25596,237.22832900719965,12.700000000000001,0.9640251118310564,71753.14741792604,47846.24072853979,0.0,0.0
EJU5284_1390,618,7814.564,52.340329111401694,6.7848707636744825,25638,237.22832900719965,12.700000000000001,0.9649499960557449,71752.18339281422,47889.98219262522,0.0,0.0
EJU5284_1390,619,7827.264,52.340615048206416,6.788331180912567,25680,237.22832900719965,12.700000000000001,0.9658771337706754,71751.21844281816,47933.841915353805,0.0,0.0
EJU5284_1390,620,7839.964,52.34090088303828,6.791791643088739,25721,237.22832900719965,12.700000000000001,0.9667838397930888,71750.2525656844,47976.74656052253,0.0,0.0
EJU5284_1390,621,7852.664,52.34118661587874,6.795252150191589,25763,237.22832900719965,12.700000000000001,0.967715435120711,71749.2857818446,48020.84056009845,0.0,0.0
EJU5284_1390,622,7865.364,52.341472246708655,6.798712702209833,25804,237.22832900719965,12.700000000000001,0.9686264935041744,71748.31806640948,48063.97418048248,0.0,0.0
EJU5284_1390,623,7878.064,52.341757775508235,6.802173299132321,25846,237.22832900719965,12.700000000000001,0.9695625529058539,71747.34943991598,48108.30327256949,0.0,0.0
EJU5284_1390,624,7890.764,52.34204320225704,6.805633940948046,25888,237.22832900719965,12.700000000000001,0.9705008739930979,71746.37987736307,48152.75165794299,0.0,0.0
EJU5284_1390,625,7903.464,52.3423285269339,6.8090946276461475,25930,237.22832900719965,12.700000000000001,0.9714414583906856,71745.40937648907,48197.31954718848,0.0,0.0
EJU5284_1390,626,7916.164,52.34261374951691,6.812555359215925,25971,237.22832900719965,12.700000000000001,0.9723612934457915,71744.43793503068,48240.91633423667,0.0,0.0
EJU5284_1390,627,7928.864,52.34289886998335,6.816016135646849,26013,237.22832900719965,12.700000000000001,0.9733063546804238,71743.46557373724,48285.72097018337,0.0,0.0
EJU5284_1390,628,7941.564,52.343183888309675,6.819476956928566,26055,237.22832900719965,12.700000000000001,0.9742536839989316,71742.49226738256,48330.64573996721,0.0,0.0
EJU5284_1390,629,7954.264,52.343468804471414,6.822937823050915,26096,237.22832900719965,12.700000000000001,0.9751801044672891,71741.51801369856,48374.59133307593,0.0,0.0
EJU5284_1390,630,7966.964,52.34375361844314,6.8263987340039405,26138,237.22832900719965,12.700000000000001,0.9761319199605575,71740.5428335941,48419.75409907028,0.0,0.0
EJU5284_1390,631,7979.664,52.3440383301984,6.829859689777901,26179,237.22832900719965,12.700000000000001,0.9770627204466793,71739.56670167414,48463.93230410831,0.0,0.0
EJU5284_1390,632,7992.364,52.34432293970966,6.833320690363292,26221,237.22832900719965,12.700000000000001,0.9780190282094838,71738.5896389537,48509.33390136819,0.0,0.0
EJU5284_1390,633,8005.064,52.344607446948196,6.836781735750855,26263,237.22832900719965,12.700000000000001,0.97897761178647,71737.61161992549,48554.8566917079,0.0,0.0
EJU5284_1390,634,8017.764,52.34489185188402,6.840242825931599,26305,237.22832900719965,12.700000000000001,0.9799384727052316,71736.6326423137,48600.5008907224,0.0,0.0
EJU5284_1390,635,8030.464,52.34517615448581,6.843703960896819,26346,237.22832900719965,12.700000000000001,0.9808781044108007,71735.652703841,48645.149638147785,0.0,0.0
EJU5284_1390,636,8043.164,52.3454603547208,6.84716514063812,26388,237.22832900719965,12.700000000000001,0.981843469598633,71734.67182573659,48691.034361964514,0.0,0.0
EJU5284_1390,637,8055.864,52.345744452554634,6.850626365147441,26429,237.22832900719965,12.700000000000001,0.9827874988247455,71733.689982267,48735.918193719335,0.0,0.0
EJU5284_1390,638,8068.564,52.3460284479513,6.854087634417077,26471,237.22832900719965,12.700000000000001,0.9837573741104224,71732.70719476817,48782.04429059311,0.0,0.0
EJU5284_1390,639,8081.264,52.34631234087294,6.857548948439713,26513,237.22832900719965,12.700000000000001,0.9847295341307574,71731.72343739406,48828.29287212945,0.0,0.0
EJU5284_1390,640,8093.964,52.34659613127974,6.861010307208455,26555,237.22832900719965,12.700000000000001,0.9857039803429007,71730.73870785993,48874.66415733341,0.0,0.0
EJU5284_1390,641,8106.664,52.346879819129725,6.8644717107168685,26596,237.22832900719965,12.700000000000001,0.9866568752075101,71729.75300387958,48920.02354587525,0.0,0.0
EJU5284_1390,642,8119.364,52.3471634043786,6.867933158959015,26638,237.22832900719965,12.700000000000001,0.9876358429636619,71728.76634700438,48966.6379244575,0.0,0.0
EJU5284_1390,643,8132.064,52.34744688697951,6.8713946519295,26680,237.22832900719965,12.700000000000001,0.9886171011750567,71727.77871116142,49013.3756618681,0.0,0.0
EJU5284_1390,644,8144.764,52.34773026688283,6.874856189623528,26721,237.22832900719965,12.700000000000001,0.989576646317792,71726.79009406024,49059.09321542961,0.0,0.0
EJU5284_1390,645,8157.464,52.34801354403585,6.878317772036954,26763,237.22832900719965,12.700000000000001,0.9905624343861673,71725.80051741393,49106.0753457113,0.0,0.0
EJU5284_1390,646,8170.164,52.34829671838252,6.881779399166355,26804,237.22832900719965,12.700000000000001,0.9915264017704523,71724.80995497954,49152.03176570922,0.0,0.0
EJU5284_1390,647,8182.864,52.348579789863074,6.8852410710091005,26846,237.22832900719965,12.700000000000001,0.9925167250913107,71723.81842857777,49199.25915733579,0.0,0.0
EJU5284_1390,648,8195.564,52.34886275841364,6.888702787563443,26888,237.22832900719965,12.700000000000001,0.9935093457106942,71722.82591185268,49246.61100942826,0.0,0.0
EJU5284_1390,649,8208.264,52.34914562396576,6.892164548828614,26929,237.22832900719965,12.700000000000001,0.9944799832116828,71721.83240250696,49292.92879138636,0.0,0.0
EJU5284_1390,650,8220.964,52.349428386445894,6.895626354804937,26971,237.22832900719965,12.700000000000001,0.9954771470167642,71720.83792252374,49340.527221420976,0.0,0.0
EJU5284_1390,651,8233.664,52.34971104577479,6.8990882054939595,27013,237.22832900719965,12.700000000000001,0.9964766120760531,71719.84244537672,49388.250780943854,0.0,0.0
EJU5284_1390,652,8246.364,52.349993601866764,6.902550100898612,27054,237.22832900719965,12.700000000000001,0.9974539311603261,71718.84596876464,49434.93186635279,0.0,0.0
EJU5284_1390,653,8259.064,52.35027605462887,6.9060120410233825,27096,237.22832900719965,12.700000000000001,0.9984579471004962,71717.84851483347,49482.903330810244,0.0,0.0
EJU5284_1390,654,8271.764,52.35055840395991,6.909474025874536,27138,237.22832900719965,12.700000000000001,0.9994642681281852,71716.85005688637,49531.00059906258,0.0,0.0
EJU5284_1390,655,8284.464,52.35084064974922,6.912936055460365,27180,237.22832900719965,12.700000000000001,1.0004728955032296,71715.85059261824,49579.22389889502,0.0,0.0
EJU5284_1390,656,8297.164,52.3511227918753,6.916398129791502,27221,237.22832900719965,12.700000000000001,1.0014591586710588,71714.85011972273,49626.39342712364,0.0,0.0
EJU5284_1390,657,8309.864,52.351404830204025,6.9198602488812835,27263,237.22832900719965,12.700000000000001,1.0024723468231587,71713.84866056406,49674.866421174884,0.0,0.0
EJU5284_1390,658,8322.564,52.35168676458662,6.923322412746211,27305,237.22832900719965,12.700000000000001,1.0034878449863935,71712.84618821724,49723.466128242675,0.0,0.0
EJU5284_1390,659,8335.264,52.35196859485698,6.92678462140651,27346,237.22832900719965,12.700000000000001,1.0044808151189062,71711.84270037226,49771.003555275325,0.0,0.0
EJU5284_1390,660,8347.964,52.352250320828475,6.93024687488683,27388,237.22832900719965,12.700000000000001,1.0055008811686568,71710.83821955715,49819.85430818231,0.0,0.0
EJU5284_1390,661,8360.664,52.35253194228978,6.933709173217142,27430,237.22832900719965,12.700000000000001,1.006523260761812,71709.83271867599,49868.83246093171,0.0,0.0
EJU5284_1390,662,8373.364,52.35281345899959,6.937171516433881,27471,237.22832900719965,12.700000000000001,1.0075229480957488,71708.82619541523,49916.73977991035,0.0,0.0
EJU5284_1390,663,8386.064,52.35309487067965,6.940633904581449,27513,237.22832900719965,12.700000000000001,1.0085499024210711,71707.81867246712,49965.97034081159,0.0,0.0
EJU5284_1390,664,8398.764,52.353376177005465,6.944096337714224,27554,237.22832900719965,12.700000000000001,1.0095540552239204,71706.8101225647,50014.12436337088,0.0,0.0
EJU5284_1390,665,8411.464,52.35365737759364,6.947558815899298,27596,237.22832900719965,12.700000000000001,1.0105855886773127,71705.80056850947,50063.608242901406,0.0,0.0
EJU5284_1390,666,8424.164,52.35393847198407,6.951021339220326,27638,237.22832900719965,12.700000000000001,1.0116194412493906,71704.78998292079,50113.22067719748,0.0,0.0
EJU5284_1390,667,8436.864,52.35421945961419,6.954483907783091,27679,237.22832900719965,12.700000000000001,1.012630327409239,71703.77836347953,50161.74794323481,0.0,0.0
EJU5284_1390,668,8449.564,52.354500339780266,6.957946521723879,27721,237.22832900719965,12.700000000000001,1.0136687654981178,71702.76573315212,50211.61507646667,0.0,0.0
EJU5284_1390,669,8462.264,52.354781111576294,6.961409181222692,27763,237.22832900719965,12.700000000000001,1.0147095258676693,71701.75206438662,50261.6114658725,0.0,0.0
EJU5284_1390,670,8474.964,52.355061773791824,6.964871886525362,27805,237.22832900719965,12.700000000000001,1.0157526095475458,71700.73735486074,50311.73734839663,0.0,0.0
EJU5284_1390,671,8487.664,52.35534232472688,6.968334637983599,27846,237.22832900719965,12.700000000000001,1.0167725059103732,71699.7216022512,50360.76646051349,0.0,0.0
EJU5284_1390,672,8500.364,52.35562276181885,6.971797436135753,27888,237.22832900719965,12.700000000000001,1.017820183195035,71698.70482974529,50411.14890319615,0.0,0.0
EJU5284_1390,673,8513.064,52.35590308076103,6.97526028189765,27930,237.22832900719965,12.700000000000001,1.018870186755008,71697.68700956208,50461.66154784423,0.0,0.0
EJU5284_1390,674,8525.764,52.35618327279985,6.978723177147841,27971,237.22832900719965,12.700000000000001,1.0198968372082202,71696.66813937532,50511.06868351558,0.0,0.0
EJU5284_1390,675,8538.464,52.356463310480386,6.982186127814619,28013,237.22832900719965,12.700000000000001,1.0209514400810904,71695.64824253811,50561.839294323334,0.0,0.0
EZS39RG_1538,0,1.524,52.31419332775843,4.779268643716739,5,229.49979982624342,1.524,0.6419828544232402,63606.039218477,33388.6196845811,0.08726411179883538,0.08726411179883538
EZS39RG_1538,1,4.572,52.31216137321042,4.778877810768457,15,227.49979982624342,3.048,0.6411587041633229,63605.39723562258,33309.62552697982,0.08677112947256672,0.08677112947256672
EZS39RG_1538,2,9.144,52.3101428936081,4.778557311615036,30,225.49979982624342,4.572,0.6405599657858143,63604.75607691841,33240.1112687028,0.08627564704459297,0.08627564704459297
EZS39RG_1538,3,15.24,52.30813876164034,4.778306678913042,50,223.49979982624342,6.096,0.6401983671603568,63604.115516952625,33180.589225619886,0.08577717905387515,0.08577717905387515
EZS39RG_1538,4,22.86,52.306149851871396,4.778125411966494,75,221.49979982624342,7.62,0.6400860371176744,63603.475318585464,33131.58901711656,0.08527525984740875,0.08527525984740875
EZS39RG_1538,5,32.004,52.30415458731536,4.778010929987316,104,221.99979982624342,9.144,0.6411916686667971,63602.83523254835,33139.89246382494,0.08476436262343207,0.08476436262343207
EZS39RG_1538,6,42.672,52.30215380939674,4.77796342681394,139,222.49979982624342,10.668,0.6422925997283064,63602.19404087968,33148.17020562506,0.08424409143806733,0.08424409143806733
EZS39RG_1538,7,54.864,52.30014835998219,4.77798306752949,179,222.99979982624342,12.192,0.6433891383155741,63601.551748279955,33156.43502110182,0.0837140540080832,0.0837140540080832
EZS39RG_1538,8,67.564,52.298139081019634,4.778069988591719,221,223.49979982624342,12.700000000000001,0.6438676226402071,63600.90835914164,33164.87721685661,0.08318073671792882,0.08318073671792882
EZS39RG_1538,9,80.264,52.2961268141815,4.778224297974165,263,223.99979982624342,12.700000000000001,0.6440436654178221,63600.264491519,33173.64190595835,0.08264726609538459,0.08264726609538459
EZS39RG_1538,10,92.964,52.29411240051193,4.778446075318277,305,224.49979982624342,12.700000000000001,0.6442268264690534,63599.62044785359,33182.72572366857,0.08211335339125839,0.08211335339125839
EZS39RG_1538,11,105.664,52.29209668007826,4.778735372096238,346,224.99979982624342,12.700000000000001,0.6444190243228216,63598.97622102712,33192.21565207879,0.08157871089148741,0.08157871089148741
EZS39RG_1538,12,118.364,52.29008049162671,4.779092211784262,388,225.49979982624342,12.700000000000001,0.6446162855409379,63598.3318020028,33201.93160348202,0.08104305289142776,0.08104305289142776
EZS39RG_1538,13,131.064,52.288064672242506,4.779516590046077,429,225.99979982624342,12.700000000000001,0.6448225874743398,63597.68718571726,33212.05388062669,0.08050609666041958,0.08050609666041958
EZS39RG_1538,14,143.764,52.286050057014414,4.780008474926383,471,226.49979982624342,12.700000000000001,0.6450336779294641,63597.04236312978,33222.3897616822,0.07996756339485295,0.07996756339485295
EZS39RG_1538,15,156.464,52.28403747870385,4.78056780705399,513,226.99979982624342,12.700000000000001,0.6452515484412025,63596.39732945185,33233.029536640104,0.0794271791580468,0.0794271791580468
EZS39RG_1538,16,169.164,52.282027767418576,4.781194499854417,554,227.49979982624342,12.700000000000001,0.6454784690644648,63595.75207790341,33244.07611795639,0.07888467580527544,0.07888467580527544
EZS39RG_1538,17,181.864,52.280021750291105,4.781888439771676,596,227.99979982624342,12.700000000000001,0.6457097723774965,63595.106599434344,33255.317964951064,0.0783397918923483,0.0783397918923483
EZS39RG_1538,18,194.564,52.27802025116189,4.78264948649901,638,228.49979982624342,12.700000000000001,0.6459476606307157,63594.46088966197,33266.854916871845,0.07779227356618353,0.07779227356618353
EZS39RG_1538,19,207.264,52.27602409026731,4.783477473218314,680,228.99979982624342,12.700000000000001,0.6461920700827954,63593.814942001336,33278.68410256417,0.07724187543587473,0.07724187543587473
EZS39RG_1538,20,219.964,52.27403408393259,4.784372206848004,721,229.49979982624342,12.700000000000001,0.6464455487307377,63593.168749931254,33290.9210296699,0.0766883614228153,0.0766883614228153
EZS39RG_1538,21,232.664,52.27205104426965,4.785333468299082,763,229.99979982624342,12.700000000000001,0.6467028800965688,63592.522304382524,33303.32927462251,0.07613150558849141,0.07613150558849141
EZS39RG_1538,22,245.364,52.270075778879985,4.786361012739141,805,230.49979982624342,12.700000000000001,0.646966544915913,63591.87560150243,33316.021296716346,0.07557109293860761,0.07557109293860761
EZS39RG_1538,23,258.064,52.268109090562604,4.787454569864072,846,230.99979982624342,12.700000000000001,0.6472392981576749,63591.22863495751,33329.12198239359,0.07500692020229682,0.07500692020229682
EZS39RG_1538,24,270.764,52.266151777027105,4.788613844177225,888,231.49979982624342,12.700000000000001,0.6475155142891726,63590.58139565935,33342.37637093573,0.0744259828776144,0.0744259828776144
EZS39RG_1538,25,283.464,52.2642046306119,4.789838515275779,930,231.99979982624342,12.700000000000001,0.6477978814150318,63589.93388014506,33355.90631861261,0.07377252003586168,0.07377252003586168
EZS39RG_1538,26,296.164,52.26226843800765,4.791128238144079,971,232.49979982624342,12.700000000000001,0.6480893601094875,63589.28608226364,33369.8460284809,0.07311990965296222,0.07311990965296222
EZS39RG_1538,27,308.864,52.26034397998596,4.792482643453696,1013,232.99979982624342,12.700000000000001,0.6483839183285773,63588.63799290353,33383.92211872372,0.0724686335692123,0.0724686335692123
EZS39RG_1538,28,321.564,52.25843203113335,4.79390133786998,1055,233.49979982624342,12.700000000000001,0.6486844501710007,63587.989608985205,33398.26578001343,0.07181916378884577,0.07181916378884577
EZS39RG_1538,29,334.264,52.256533359590556,4.795383904364855,1096,233.99979982624342,12.700000000000001,0.6489941204828289,63587.340924535034,33413.0204713486,0.07117196191957519,0.07117196191957519
EZS39RG_1538,30,346.964,52.25464872679716,4.796929902535635,1138,234.49979982624342,12.700000000000001,0.6493064931945236,63586.69193041455,33427.89450320945,0.07052747863463654,0.07052747863463654
EZS39RG_1538,31,359.664,52.25277966408856,4.798538231719248,1180,234.90315703432435,12.700000000000001,0.649534343748772,63586.042623921356,33438.79765304724,0.06984760225146643,0.06984760225146643
EZS39RG_1538,32,372.364,52.250929120956485,4.800206479800933,1221,235.02887845368525,12.700000000000001,0.6495081366845648,63585.39308957761,33437.79140533212,0.06913938071255367,0.06913938071255367
EZS39RG_1538,33,385.064,52.249097807549624,4.8019340434101005,1263,235.15468132246738,12.700000000000001,0.649478584027916,63584.743581440925,33436.633445162806,0.0684379897227048,0.0684379897227048
EZS39RG_1538,34,397.764,52.2472864263803,4.803720297268686,1305,235.28056568194992,12.700000000000001,0.6494490253611942,63584.0941028569,33435.47513288046,0.0677438089992107,0.0677438089992107
EZS39RG_1538,35,410.464,52.24549567207148,4.805564594466476,1346,235.40653157338375,12.700000000000001,0.6494227906985319,63583.44465383154,33434.46739547345,0.06705720193297118,0.06705720193297118
EZS39RG_1538,36,423.164,52.243726231107445,4.807466266743655,1388,235.53257903799442,12.700000000000001,0.6493932175576747,63582.795231040844,33433.30826782023,0.06637851532086175,0.06637851532086175
EZS39RG_1538,37,435.864,52.24197878158822,4.809424624780449,1429,235.6587081169777,12.700000000000001,0.6493669640090309,63582.145837823286,33432.29951521577,0.06570807912616229,0.06570807912616229
EZS39RG_1538,38,448.564,52.24025399298782,4.811438958493709,1471,235.78491885150225,12.700000000000001,0.6493373765486077,63581.496470859274,33431.139579177325,0.06504620626715374,0.06504620626715374
EZS39RG_1538,39,461.264,52.23855252591639,4.81350853734031,1513,235.91121128270603,12.700000000000001,0.6493077832906442,63580.847133482726,33429.97930063358,0.0643931924339509,0.0643931924339509
EZS39RG_1538,40,473.964,52.23687503188637,4.815632610627192,1555,236.03758545170282,12.700000000000001,0.6492781842809914,63580.19782569943,33428.818681657685,0.06374931593357436,0.06374931593357436
EZS39RG_1538,41,486.664,52.23522215308268,4.817810407827927,1596,236.16404139957453,12.700000000000001,0.6492518953508823,63579.54854751515,33427.80800685976,0.06311483756325732,0.06311483756325732
EZS39RG_1538,42,499.364,52.23359452213704,4.820041138905635,1638,236.29057916737565,12.700000000000001,0.6492222823490408,63578.8992956198,33426.64659429673,0.06249000051189359,0.06249000051189359
EZS39RG_1538,43,512.064,52.2319927619065,4.822323994642126,1679,236.41719879613123,12.700000000000001,0.6491959749414151,63578.25007333745,33425.634922755315,0.0618750302895317,0.0618750302895317
EZS39RG_1538,44,524.764,52.230417485256204,4.824658146973093,1721,236.54390032683827,12.700000000000001,0.6491663481073164,63577.60087736251,33424.472723833955,0.06127013468474229,0.06127013468474229
EZS39RG_1538,45,537.464,52.22886929484656,4.8270427493292205,1763,236.67068380046356,12.700000000000001,0.6491367157409957,63576.9517110144,33423.31019440267,0.060675503749679345,0.060675503749679345
EZS39RG_1538,46,550.164,52.22734878292471,4.829476936983048,1804,236.79754925794646,12.700000000000001,0.6491103818859529,63576.30257429866,33422.29708517575,0.06009130981257247,0.06009130981257247
EZS39RG_1538,47,562.864,52.22585653112052,4.831959827401433,1846,236.92449674019338,12.700000000000001,0.6490807359371837,63575.65346391677,33421.13378067877,0.059517707517390286,0.059517707517390286
EZS39RG_1538,48,575.564,52.224393110247114,4.834490520603465,1888,237.05152628808528,12.700000000000001,0.6490510845920361,63575.004383180836,33419.97015181396,0.05895483389034131,0.05895483389034131
EZS39RG_1538,49,588.264,52.22295908010591,4.837068099523666,1930,237.17863794247134,12.700000000000001,0.6490214278985209,63574.355332096246,33418.80620075241,0.05840280843285394,0.05840280843285394
EZS39RG_1538,50,600.964,52.2215554579794,4.839690788002305,1971,237.22832900719965,12.700000000000001,0.6489250558542128,63573.70631066835,33414.51071504968,0.05786186152434782,0.05786186152434782
EZS39RG_1538,51,613.664,52.220183065852815,4.842357070592644,2013,237.22832900719965,12.700000000000001,0.6487813654830032,63573.0573856125,33408.001505088,0.05733215069206722,0.05733215069206722
EZS39RG_1538,52,626.364,52.21884241366503,4.845065955859591,2055,237.22832900719965,12.700000000000001,0.6486387663018134,63572.408604247015,33401.54173484159,0.056813731581817864,0.056813731581817864
EZS39RG_1538,53,639.064,52.217533999561326,4.847816436720699,2096,237.22832900719965,12.700000000000001,0.6485004610091851,63571.75996548071,33395.27656351833,0.05630664310246359,0.05630664310246359
EZS39RG_1538,54,651.764,52.2162583097083,4.850607490818744,2138,237.22832900719965,12.700000000000001,0.6483600201717459,63571.111465019705,33388.91458438147,0.05581090766429715,0.05581090766429715
EZS39RG_1538,55,664.464,52.21501581811322,4.853438080899728,2180,237.22832900719965,12.700000000000001,0.6482206726858086,63570.46310499954,33382.602143647266,0.055326531440547805,0.055326531440547805
EZS39RG_1538,56,677.164,52.2138069864479,4.856307155196136,2221,237.22832900719965,12.700000000000001,0.6480855432954833,63569.81488432685,33376.48086839597,0.054853504651434085,0.054853504651434085
EZS39RG_1538,57,689.864,52.21263226387715,4.8592136478153325,2263,237.22832900719965,12.700000000000001,0.647948358443875,63569.16679878355,33370.266414693244,0.05439180187013401,0.05439180187013401
EZS39RG_1538,58,702.564,52.21149208689188,4.8621564791329535,2304,237.22832900719965,12.700000000000001,0.6478153412861793,63568.51885042511,33364.24084324999,0.05394138235001415,0.05394138235001415
EZS39RG_1538,59,715.264,52.210386879146945,4.865134556191139,2346,237.22832900719965,12.700000000000001,0.6476803219396714,63567.87103508383,33358.12450769383,0.05351350922447215,0.05351350922447215
EZS39RG_1538,60,727.964,52.20931705130367,4.868146773101478,2388,237.22832900719965,12.700000000000001,0.6475463995859065,63567.22335476189,33352.05787684407,0.0531017734966593,0.0531017734966593
EZS39RG_1538,61,740.664,52.208283000877316,4.871192011452513,2430,237.22832900719965,12.700000000000001,0.6474135749670857,63566.5758083623,33346.04098460584,0.052702249162473555,0.052702249162473555
EZS39RG_1538,62,753.364,52.20728511208934,4.874269140721654,2471,237.22832900719965,12.700000000000001,0.6472848164402178,63565.928394787334,33340.20837196507,0.05231479535948747,0.05231479535948747
EZS39RG_1538,63,766.064,52.20632375572464,4.877377018691364,2513,237.22832900719965,12.700000000000001,0.6471541631569862,63565.28110997089,33334.28986422056,0.051939257804826576,0.051939257804826576
EZS39RG_1538,64,778.764,52.205399288993796,4.880514491869462,2555,237.22832900719965,12.700000000000001,0.6470246098310695,63564.63395580774,33328.421196621646,0.05157546931588298,0.05157546931588298
EZS39RG_1538,65,791.464,52.20451205540032,4.883680395913393,2596,237.22832900719965,12.700000000000001,0.6468990463838298,63563.986931197906,33322.733356048986,0.05122325034506174,0.05122325034506174
EZS39RG_1538,66,804.164,52.20366238461304,4.886873556058309,2638,237.22832900719965,12.700000000000001,0.646771668804998,63563.34003215152,33316.96327450916,0.05088240952755501,0.05088240952755501
EZS39RG_1538,67,816.864,52.20285059234358,4.890092787548825,2680,237.22832900719965,12.700000000000001,0.6466453934265624,63562.693260482716,33311.243135610595,0.05055274424112354,0.05055274424112354
EZS39RG_1538,68,829.564,52.20207698022909,4.8933368960742785,2721,237.22832900719965,12.700000000000001,0.6465230315708281,63562.04661508929,33305.70036466341,0.050234041176857785,0.050234041176857785
EZS39RG_1538,69,842.264,52.201341835720115,4.896604678207343,2763,237.22832900719965,12.700000000000001,0.646398936392095,63561.40009205772,33300.079015295625,0.04992607691986959,0.04992607691986959
EZS39RG_1538,70,854.964,52.20064543197385,4.899894921845848,2805,237.22832900719965,12.700000000000001,0.6462759456777545,63560.753693121325,33294.507712032835,0.04962861853887754,0.04962861853887754
EZS39RG_1538,71,867.664,52.19998802775258,4.903206406657645,2846,237.22832900719965,12.700000000000001,0.6461567919861215,63560.10741717565,33289.11031107884,0.04934142418361543,0.04934142418361543
EZS39RG_1538,72,880.364,52.19936986732758,4.906537904528352,2888,237.22832900719965,12.700000000000001,0.6460359859656317,63559.461260383665,33283.63800273763,0.04906424368901171,0.04906424368901171
EZS39RG_1538,73,893.064,52.198791180388326,4.909888180011834,2929,237.22832900719965,12.700000000000001,0.6459189660930997,63558.8152243977,33278.337291925105,0.0487968191850749,0.0487968191850749
EZS39RG_1538,74,905.764,52.19825218195715,4.913255990783259,2971,237.22832900719965,12.700000000000001,0.6458003477735244,63558.169305431606,33272.96411594265,0.04853888571141451,0.04853888571141451
EZS39RG_1538,75,918.464,52.19775307230937,4.916640088094552,3013,237.22832900719965,12.700000000000001,0.6456828377324506,63557.52350508383,33267.64116038748,0.04829017183533502,0.04829017183533502
EZS39RG_1538,76,931.164,52.197294036898825,4.9200392172321115,3055,237.22832900719965,12.700000000000001,0.6455664367473353,63556.8778222461,33262.36846079477,0.048050400272436324,0.048050400272436324
EZS39RG_1538,77,943.864,52.19687524628902,4.923452117976611,3096,237.22832900719965,12.700000000000001,0.6454537193475285,63556.23225580935,33257.26271226429,0.047819288508666055,0.047819288508666055
EZS39RG_1538,78,956.564,52.19649685608971,4.926877525064731,3138,237.22832900719965,12.700000000000001,0.6453395121707874,63555.58680209,33252.089424183636,0.04759654942276334,0.04759654942276334
EZS39RG_1538,79,969.264,52.1961590068991,4.930314168652658,3180,237.22832900719965,12.700000000000001,0.6452264163779897,63554.94146257783,33246.96649847236,0.047381891908048396,0.047381891908048396
EZS39RG_1538,80,981.964,52.19586182425161,4.933760774781184,3221,237.22832900719965,12.700000000000001,0.6451169272303794,63554.296236161455,33242.00703808902,0.04717502149252156,0.04717502149252156
EZS39RG_1538,81,994.664,52.1956054185712,4.937216065842253,3263,237.22832900719965,12.700000000000001,0.6450060298671478,63553.65111923422,33236.98373511549,0.04697564095623854,0.04697564095623854
EZS39RG_1538,82,1007.364,52.19538988513036,4.940678761046784,3305,237.22832900719965,12.700000000000001,0.6448962462375878,63553.006113204356,33232.01090191251,0.04678345094494904,0.04678345094494904
EZS39RG_1538,83,1020.064,52.195215304014724,4.944147576893605,3346,237.22832900719965,12.700000000000001,0.644789992163646,63552.36121695812,33227.19804147499,0.04659815057899732,0.04659815057899732
EZS39RG_1538,84,1032.764,52.19508174009328,4.94762122763934,3388,237.22832900719965,12.700000000000001,0.6446824116280125,63551.716426965955,33222.325044206635,0.04641943805649113,0.04641943805649113
EZS39RG_1538,85,1045.464,52.19498924299429,4.951098425769085,3429,237.22832900719965,12.700000000000001,0.644578309378764,63551.07174455433,33217.60969690511,0.04624701124977445,0.04624701124977445
EZS39RG_1538,86,1058.164,52.19493784708684,4.954577882467698,3471,237.22832900719965,12.700000000000001,0.64447293505804,63550.42716624495,33212.83667822054,0.04608056829424664,0.04608056829424664
EZS39RG_1538,87,1070.864,52.194927571468085,4.958058308091552,3513,237.22832900719965,12.700000000000001,0.6443686784295881,63549.78269330989,33208.11431023941,0.04593782807667855,0.04593782807667855
EZS39RG_1538,88,1083.564,52.19495841995612,4.96153841264058,3555,237.22832900719965,12.700000000000001,0.6442655403003232,63549.138324631465,33203.44262984082,0.04580112673591092,0.04580112673591092
EZS39RG_1538,89,1096.264,52.1950303810886,4.965016906230446,3596,237.22832900719965,12.700000000000001,0.6441657770935989,63548.494059091165,33198.92391633282,0.04566923056101446,0.04566923056101446
EZS39RG_1538,90,1108.964,52.19514342812696,4.968492499564673,3638,237.22832900719965,12.700000000000001,0.6440648515181169,63547.84989331407,33194.352504229224,0.04554183237318402,0.04554183237318402
EZS39RG_1538,91,1121.664,52.19529751906639,4.971963904406578,3680,237.22832900719965,12.700000000000001,0.6439650468580247,63547.20582846255,33189.83189013254,0.04541862885996732,0.04541862885996732
EZS39RG_1538,92,1134.364,52.19549259665143,4.975429834050833,3721,237.22832900719965,12.700000000000001,0.6438685395741295,63546.56186341569,33185.46072948025,0.04529932110271213,0.04529932110271213
EZS39RG_1538,93,1147.064,52.1957285883972,4.978889003794495,3763,237.22832900719965,12.700000000000001,0.6437709522641388,63545.917994876116,33181.040602869,0.0451836150885536,0.0451836150885536
EZS39RG_1538,94,1159.764,52.19600540661642,4.98234013140734,3804,237.22832900719965,12.700000000000001,0.6436766107554737,63545.27422392385,33176.767592926415,0.04508758521548033,0.04508758521548033
EZS39RG_1538,95,1172.464,52.196322948451915,4.985781937601332,3846,237.22832900719965,12.700000000000001,0.6435812440048636,63544.63054731309,33172.44810045168,0.04502684088191433,0.04502684088191433
EZS39RG_1538,96,1185.164,52.19668109591486,4.989213146499072,3888,237.22832900719965,12.700000000000001,0.6434870022402344,63543.98696606909,33168.179591992506,0.044967021288985824,0.044967021288985824
EZS39RG_1538,97,1197.864,52.19707971592864,4.992632486101054,3930,237.22832900719965,12.700000000000001,0.6433938862913258,63543.34347906685,33163.96210545993,0.04490781294041725,0.04490781294041725
EZS39RG_1538,98,1210.564,52.19751866037826,4.996038688751566,3971,237.22832900719965,12.700000000000001,0.6433039121591189,63542.70008518056,33159.88702412405,0.044848909702448224,0.044848909702448224
EZS39RG_1538,99,1223.264,52.19799776616541,4.999430491603081,4013,237.22832900719965,12.700000000000001,0.6432130232877735,63542.056781268395,33155.77046954606,0.04479001329120474,0.04479001329120474
EZS39RG_1538,100,1235.964,52.19851685526906,5.00280663707896,4054,237.22832900719965,12.700000000000001,0.6431252244496948,63541.41356824511,33151.793973845946,0.044730833742691704,0.044730833742691704
EZS39RG_1538,101,1248.664,52.19907573481161,5.006165873334321,4096,237.22832900719965,12.700000000000001,0.6430365659254178,63540.77044302066,33147.77850058689,0.044671089864749866,0.044671089864749866
EZS39RG_1538,102,1261.364,52.19967419713053,5.009506954714899,4138,237.22832900719965,12.700000000000001,0.6429490373638398,63540.12740645473,33143.81423870439,0.04461050967035914,0.04461050967035914
EZS39RG_1538,103,1274.064,52.20027786003519,5.012845589998358,4180,237.22832900719965,12.700000000000001,0.6428626396102646,63539.48445741737,33139.901226809125,0.044546827980013075,0.044546827980013075
EZS39RG_1538,104,1286.764,52.200881428131076,5.016184316254895,4221,237.22832900719965,12.700000000000001,0.6427792274817081,63538.84159477776,33136.123542933354,0.04447973458772153,0.04447973458772153
EZS39RG_1538,105,1299.464,52.20148490140527,5.019523133478646,4263,237.22832900719965,12.700000000000001,0.6426950667156619,63538.19881555028,33132.311915671526,0.04440925399178957,0.04440925399178957
EZS39RG_1538,106,1312.164,52.202088279844645,5.022862041663856,4305,237.22832900719965,12.700000000000001,0.6426120392887613,63537.55612048356,33128.55165399769,0.04433541068448067,0.04433541068448067
EZS39RG_1538,107,1324.864,52.20269156343581,5.026201040804881,4346,237.22832900719965,12.700000000000001,0.6425319191502437,63536.913508444275,33124.92317073349,0.0442582291520168,0.0442582291520168
EZS39RG_1538,108,1337.564,52.203294752165135,5.029540130896193,4388,237.22832900719965,12.700000000000001,0.642451133735318,63536.27097652513,33121.264523146,0.04417773387457764,0.04417773387457764
EZS39RG_1538,109,1350.264,52.20389784601872,5.032879311932389,4429,237.22832900719965,12.700000000000001,0.6423732035050835,63535.628525391396,33117.73529299088,0.044093949326301875,0.044093949326301875
EZS39RG_1538,110,1362.964,52.204500844982384,5.03621858390819,4471,237.22832900719965,12.700000000000001,0.6422946634640163,63534.98615218789,33114.17841299329,0.04400689997528578,0.04400689997528578
EZS39RG_1538,111,1375.664,52.20510374904167,5.039557946818454,4513,237.22832900719965,12.700000000000001,0.6422172610262422,63534.34385752443,33110.67309328366,0.04391661028358444,0.04391661028358444
EZS39RG_1538,112,1388.364,52.2057065581818,5.042897400658178,4555,237.22832900719965,12.700000000000001,0.642140997060936,63533.7016402634,33107.21937354002,0.043823104707211194,0.043823104707211194
EZS39RG_1538,113,1401.064,52.2063092723877,5.046236945422504,4596,237.22832900719965,12.700000000000001,0.6420674832215776,63533.05949926634,33103.89031059447,0.043726407696138336,0.043726407696138336
EZS39RG_1538,114,1413.764,52.20691189164395,5.049576581106732,4638,237.22832900719965,12.700000000000001,0.6419934714581146,63532.41743178312,33100.538670140624,0.04362869212245668,0.04362869212245668
EZS39RG_1538,115,1426.464,52.20751441593478,5.052916307706319,4680,237.22832900719965,12.700000000000001,0.6419206007697149,63531.77543831166,33097.23874844447,0.043539005371209694,0.043539005371209694
EZS39RG_1538,116,1439.164,52.20811684524407,5.056256125216895,4721,237.22832900719965,12.700000000000001,0.6418504013783857,63531.13351771089,33094.05991140348,0.04344631643569271,0.04344631643569271
EZS39RG_1538,117,1451.864,52.2087191795553,5.059596033634266,4763,237.22832900719965,12.700000000000001,0.6417797880580709,63530.491667309514,33090.86230477629,0.043350651776993425,0.043350651776993425
EZS39RG_1538,118,1464.564,52.209321418851566,5.062936032954426,4805,237.22832900719965,12.700000000000001,0.6417103184396467,63529.84988752146,33087.716536776614,0.04325203784963471,0.04325203784963471
EZS39RG_1538,119,1477.264,52.209923563115524,5.066276123173568,4846,237.22832900719965,12.700000000000001,0.6416434411222336,63529.208177203014,33084.688273636195,0.04315050110157531,0.04315050110157531
EZS39RG_1538,120,1489.964,52.210525612329384,5.069616304288089,4888,237.22832900719965,12.700000000000001,0.6415762340862206,63528.56653376189,33081.645058622235,0.043046067974210844,0.043046067974210844
EZS39RG_1538,121,1502.664,52.2111275664749,5.072956576294608,4930,237.22832900719965,12.700000000000001,0.6415101734033664,63527.92495752781,33078.653803191155,0.04293876490237539,0.04293876490237539
EZS39RG_1538,122,1515.364,52.21172942553333,5.076296939189975,4971,237.22832900719965,12.700000000000001,0.6414466258567026,63527.283447354406,33075.77646509858,0.042828618314342544,0.042828618314342544
EZS39RG_1538,123,1528.064,52.21233118948539,5.079637392971283,5013,237.22832900719965,12.700000000000001,0.6413828330190787,63526.64200072855,33072.8880027221,0.04271565463182703,0.04271565463182703
EZS39RG_1538,124,1540.764,52.21293285831126,5.082977937635884,5054,237.22832900719965,12.700000000000001,0.6413215006597641,63526.00061789553,33070.11107133867,0.04259990026998669,0.04259990026998669
EZS39RG_1538,125,1553.464,52.21353443199054,5.086318573181403,5096,237.22832900719965,12.700000000000001,0.6412599791886588,63525.35929639487,33067.32556260908,0.04248138163742447,0.04248138163742447
EZS39RG_1538,126,1566.164,52.21413591050219,5.089659299605755,5138,237.22832900719965,12.700000000000001,0.6411996085370422,63524.71803641568,33064.59221715332,0.04236012513619086,0.04236012513619086
EZS39RG_1538,127,1578.864,52.21473729382455,5.0930001169071595,5180,237.22832900719965,12.700000000000001,0.6411403896152652,63524.076836807144,33061.91107647742,0.04223615716178638,0.04223615716178638
EZS39RG_1538,128,1591.564,52.21533858193522,5.096341025084166,5221,237.22832900719965,12.700000000000001,0.6410835249873783,63523.43569641753,33059.33665463446,0.04210950410316465,0.04210950410316465
EZS39RG_1538,129,1604.264,52.2159397748111,5.099682024135667,5263,237.22832900719965,12.700000000000001,0.641026584583587,63522.79461289255,33056.75879366634,0.0419801923427357,0.0419801923427357
EZS39RG_1538,130,1616.964,52.216540872428276,5.103023114060927,5304,237.22832900719965,12.700000000000001,0.6409719455867426,63522.15358630796,33054.28525470281,0.041848248256369666,0.041848248256369666
EZS39RG_1538,131,1629.664,52.217141874762014,5.106364294859602,5346,237.22832900719965,12.700000000000001,0.6409172872878883,63521.51261436238,33051.810836938545,0.04171369821340094,0.04171369821340094
EZS39RG_1538,132,1642.364,52.217742781786676,5.109705566531766,5388,237.22832900719965,12.700000000000001,0.6408637852684882,63520.87169707509,33049.3888313281,0.0415765685766329,0.0415765685766329
EZS39RG_1538,133,1655.064,52.21834359347568,5.113046929077945,5430,237.22832900719965,12.700000000000001,0.6408114404558498,63520.230833289825,33047.01928012635,0.04143688570234277,0.04143688570234277
EZS39RG_1538,134,1667.764,52.218944309801415,5.116388382499142,5471,237.22832900719965,12.700000000000001,0.6407612904004623,63519.59002184937,33044.74921747876,0.041294675940287746,0.041294675940287746
EZS39RG_1538,135,1680.464,52.219544930735175,5.119729926796876,5513,237.22832900719965,12.700000000000001,0.6407112349774431,63518.94926055897,33042.48344142462,0.04114996563371125,0.04114996563371125
EZS39RG_1538,136,1693.164,52.22014545624709,5.123071561973216,5555,237.22832900719965,12.700000000000001,0.6406623395377555,63518.30854932399,33040.2702462746,0.041002781119349976,0.041002781119349976
EZS39RG_1538,137,1705.864,52.22074588630602,5.126413288030827,5596,237.22832900719965,12.700000000000001,0.6406155588225164,63517.667886984455,33038.15291243958,0.04085314872744195,0.04085314872744195
EZS39RG_1538,138,1718.564,52.22134622087947,5.129755104973014,5638,237.22832900719965,12.700000000000001,0.640568958283863,63517.027271425635,33036.04374348981,0.04070109478173559,0.04070109478173559
EZS39RG_1538,139,1731.264,52.22194645993348,5.13309701280377,5679,237.22832900719965,12.700000000000001,0.6405244192309549,63516.38670246735,33034.02802293451,0.040546645599499324,0.040546645599499324
EZS39RG_1538,140,1743.964,52.2225466034325,5.136439011527837,5721,237.22832900719965,12.700000000000001,0.6404801172808141,63515.746178048124,33032.02304811184,0.0403898274915331,0.0403898274915331
EZS39RG_1538,141,1756.664,52.22314665133927,5.139781101150765,5763,237.22832900719965,12.700000000000001,0.64043697999112,63515.10569793084,33030.07086718701,0.0402306667621805,0.0402306667621805
EZS39RG_1538,142,1769.364,52.223746603614664,5.143123281678984,5805,237.22832900719965,12.700000000000001,0.6403950083151375,63514.46526095085,33028.171523557554,0.040073170301925955,0.040073170301925955
EZS39RG_1538,143,1782.064,52.22434646021753,5.146465553119881,5846,237.22832900719965,12.700000000000001,0.6403549907607,63513.82486594253,33026.36076219136,0.03992012438217439,0.03992012438217439
EZS39RG_1538,144,1794.764,52.22494622110452,5.149807915481883,5888,237.22832900719965,12.700000000000001,0.6403153251618181,63513.18451095177,33024.56595360945,0.03976487077759194,0.03976487077759194
EZS39RG_1538,145,1807.464,52.22554588622983,5.153150368774565,5929,237.22832900719965,12.700000000000001,0.6402775602057058,63512.54419562661,33022.85730339297,0.03960743520036376,0.03960743520036376
EZS39RG_1538,146,1820.164,52.226145455545044,5.156492913008749,5971,237.22832900719965,12.700000000000001,0.6402402044397701,63511.903918066404,33021.16720079035,0.039447843356462,0.039447843356462
EZS39RG_1538,147,1832.864,52.2267449289988,5.159835548196639,6013,237.22832900719965,12.700000000000001,0.6402040190513778,63511.26367786196,33019.530152288076,0.03928612094567235,0.03928612094567235
EZS39RG_1538,148,1845.564,52.22734430653653,5.16317827435196,6055,237.22832900719965,12.700000000000001,0.6401690050114426,63510.62347384291,33017.94620205864,0.039122293661622946,0.039122293661622946
EZS39RG_1538,149,1858.264,52.22794358810011,5.166521091490119,6096,237.22832900719965,12.700000000000001,0.6401357837624424,63509.9833048379,33016.4435217714,0.03895638719181895,0.03895638719181895
EZS39RG_1538,150,1870.964,52.22854277362745,5.169863999628396,6138,237.22832900719965,12.700000000000001,0.6401030871826945,63509.34316905414,33014.964624529646,0.03878842721768129,0.03878842721768129
EZS39RG_1538,151,1883.664,52.22914186305205,5.173206998786161,6180,237.22832900719965,12.700000000000001,0.6400715648584268,63508.703065966954,33013.538957789075,0.0386184394145918,0.0386184394145918
EZS39RG_1538,152,1896.364,52.22974085630246,5.1765500889851195,6221,237.22832900719965,12.700000000000001,0.6400417543826045,63508.0629944021,33012.190892162944,0.03840480491832425,0.03840480491832425
EZS39RG_1538,153,1909.064,52.23033975330169,5.179893270249609,6263,237.22832900719965,12.700000000000001,0.6400125552887139,63507.422952647714,33010.8705408292,0.038179536697958705,0.038179536697958705
EZS39RG_1538,154,1921.764,52.230899069893375,5.1832547202604005,6304,237.22832900719965,12.700000000000001,0.6399850141958368,63506.782940092424,33009.62534986537,0.03795683158056145,0.03795683158056145
EZS39RG_1538,155,1934.464,52.2314185982526,5.186633187422535,6346,237.22832900719965,12.700000000000001,0.6399581421927414,63506.14295507823,33008.410489455644,0.037736682738187054,0.037736682738187054
EZS39RG_1538,156,1947.164,52.23189814533855,5.190027413728032,6388,237.22832900719965,12.700000000000001,0.6399324493415917,63505.50299693603,33007.24908216811,0.037519082282131036,0.037519082282131036
EZS39RG_1538,157,1959.864,52.232337532966206,5.193436135229712,6430,237.22832900719965,12.700000000000001,0.6399079366402931,63504.86306448669,33006.141173357886,0.037304021373275834,0.037304021373275834
EZS39RG_1538,158,1972.564,52.2327365978726,5.196858082517349,6471,237.22832900719965,12.700000000000001,0.6398849733393654,63504.223156550055,33005.10350228505,0.03709149033133981,0.03709149033133981
EZS39RG_1538,159,1985.264,52.23309519177744,5.200291981195971,6513,237.22832900719965,12.700000000000001,0.6398627955681386,63503.58327157672,33004.10144069773,0.03688147874281402,0.03688147874281402
EZS39RG_1538,160,1997.964,52.2334131814382,5.203736552366117,6554,237.22832900719965,12.700000000000001,0.6398421130982612,63502.943408781146,33003.167164614286,0.0366739755673733,0.0366739755673733
EZS39RG_1538,161,2010.664,52.23369044869968,5.207190513105869,6596,237.22832900719965,12.700000000000001,0.6398222741885808,63502.303566668044,33002.27112887719,0.03646896924255873,0.03646896924255873
EZS39RG_1538,162,2023.364,52.23392689053786,5.210652576954451,6638,237.22832900719965,12.700000000000001,0.6398036204153408,63501.66374439385,33001.42881818309,0.036266447786529515,0.036266447786529515
EZS39RG_1538,163,2036.064,52.234122419098185,5.214121454397236,6680,237.22832900719965,12.700000000000001,0.639786152794783,63501.02394077344,33000.64027868921,0.03606639889868848,0.03606639889868848
EZS39RG_1538,164,2048.764,52.23427696172824,5.217595853351936,6721,237.22832900719965,12.700000000000001,0.6397700713639163,63500.384154620646,32999.914578737975,0.035868810057992195,0.035868810057992195
EZS39RG_1538,165,2061.464,52.234390461004715,5.221074479655811,6763,237.22832900719965,12.700000000000001,0.6397549505882332,63499.74438454928,32999.23242769458,0.0356736686187637,0.0356736686187637
EZS39RG_1538,166,2074.164,52.234462874754755,5.22455603755369,6805,237.22832900719965,12.700000000000001,0.6397410190078308,63499.104629598696,32998.60418601354,0.03548096190382805,0.03548096190382805
EZS39RG_1538,167,2086.864,52.234494176071635,5.228039230186615,6846,237.22832900719965,12.700000000000001,0.6397283917213139,63498.464888579685,32998.0350715232,0.035290677294804534,0.035290677294804534
EZS39RG_1538,168,2099.564,52.23448435332474,5.2315227600809235,6888,237.22832900719965,12.700000000000001,0.6397168130248578,63497.82516018796,32997.51349247662,0.03510280231939083,0.03510280231939083
EZS39RG_1538,169,2112.264,52.2344334101639,5.235005329637559,6930,237.22832900719965,12.700000000000001,0.6397064265940053,63497.18544337493,32997.045962166085,0.034917324735481786,0.034917324735481786
EZS39RG_1538,170,2124.964,52.23434136551804,5.238485641621439,6971,237.22832900719965,12.700000000000001,0.6396972623651669,63496.54573694834,32996.63383775127,0.03473834746430343,0.03473834746430343
EZS39RG_1538,171,2137.664,52.23420825358813,5.2419623996506735,7013,237.22832900719965,12.700000000000001,0.6396892349123138,63495.90603968598,32996.27324666136,0.03456461947635724,0.03456461947635724
EZS39RG_1538,172,2150.364,52.234034123834476,5.24543430868544,7055,237.22832900719965,12.700000000000001,0.6396824028233146,63495.266350451064,32995.966844901195,0.034393171186608285,0.034393171186608285
EZS39RG_1538,173,2163.064,52.233819040958366,5.248900075516337,7096,237.22832900719965,12.700000000000001,0.6396767106465544,63494.626668048244,32995.71211871805,0.03422399209114319,0.03422399209114319
EZS39RG_1538,174,2175.764,52.23356308487801,5.252358409252006,7138,237.22832900719965,12.700000000000001,0.6396722436849887,63493.986991337595,32995.512935183564,0.03405707212978634,0.03405707212978634
EZS39RG_1538,175,2188.464,52.233266350698834,5.25580802180584,7179,237.22832900719965,12.700000000000001,0.6396688618867072,63493.34731909391,32995.362945346475,0.0338924017508392,0.0338924017508392
EZS39RG_1538,176,2201.164,52.23292894867818,5.25924762838159,7221,237.22832900719965,12.700000000000001,0.639666764166354,63492.70765023203,32995.271166631086,0.03372997197235424,0.03372997197235424
EZS39RG_1538,177,2213.864,52.2325510041843,5.262675947957667,7263,237.22832900719965,12.700000000000001,0.6396658670276714,63492.06798346786,32995.23381391513,0.033569774439847974,0.033569774439847974
EZS39RG_1538,178,2226.564,52.23213265764979,5.266091703769963,7304,237.22832900719965,12.700000000000001,0.6396659724290792,63491.42831760083,32995.24190938236,0.03341180148036383,0.03341180148036383
EZS39RG_1538,179,2239.264,52.23167406451941,5.2694936237929895,7346,237.22832900719965,12.700000000000001,0.6396674507740778,63490.788651628405,32995.31224455298,0.0332560461528021,0.0332560461528021
EZS39RG_1538,180,2251.964,52.23117539519231,5.272880441219151,7388,237.22832900719965,12.700000000000001,0.6396701328743817,63490.148984177635,32995.43714960844,0.03310250229444637,0.03310250229444637
EZS39RG_1538,181,2264.664,52.23063683495874,5.276250894935964,7430,237.22832900719965,12.700000000000001,0.6396740198028767,63489.50931404476,32995.61667318004,0.03295116456361854,0.03295116456361854
EZS39RG_1538,182,2277.364,52.230058583931175,5.2796037300010354,7471,237.22832900719965,12.700000000000001,0.6396787985682579,63488.869640024954,32995.83662641482,0.03280202847840777,0.03280202847840777
EZS39RG_1538,183,2290.064,52.22944085696999,5.282937698114613,7513,237.22832900719965,12.700000000000001,0.6396850694087532,63488.22996122639,32996.124219909936,0.0326550904514229,0.0326550904514229
EZS39RG_1538,184,2302.764,52.22878388360359,5.2862515580895195,7555,237.22832900719965,12.700000000000001,0.6396925482894167,63487.59027615698,32996.46657748055,0.032510347820528175,0.032510347820528175
EZS39RG_1538,185,2315.464,52.22808790794316,5.289544076318298,7596,237.22832900719965,12.700000000000001,0.6397008359068959,63486.95058360869,32996.845597482534,0.03236779887553075,0.03236779887553075
EZS39RG_1538,186,2328.164,52.22735318859194,5.2928140272373705,7638,237.22832900719965,12.700000000000001,0.6397107050744923,63486.310882772785,32997.29631382725,0.03222744288079472,0.03222744288079472
EZS39RG_1538,187,2340.864,52.22657999854912,5.296060193788042,7680,237.22832900719965,12.700000000000001,0.639721785523166,63485.67117206771,32997.80194106998,0.03208928009376724,0.03208928009376724
EZS39RG_1538,188,2353.564,52.22576862510844,5.299281367874161,7721,237.22832900719965,12.700000000000001,0.6397335914012658,63485.031450282186,32998.34045407657,0.03195331177940732,0.03195331177940732
EZS39RG_1538,189,2366.264,52.224919369751404,5.302476350816263,7763,237.22832900719965,12.700000000000001,0.6397470685691686,63484.391716690785,32998.95473144853,0.0318195402205205,0.0318195402205205
EZS39RG_1538,190,2378.964,52.2240325480353,5.305643953802021,7804,237.22832900719965,12.700000000000001,0.6397612157366483,63483.751969622215,32999.59938170195,0.031687968724006574,0.031687968724006574
EZS39RG_1538,191,2391.664,52.22310848947589,5.308782998332829,7846,237.22832900719965,12.700000000000001,0.6397770939264642,63483.11220840648,33000.322504044365,0.03155860162303818,0.03155860162303818
EZS39RG_1538,192,2404.364,52.222147537425045,5.311892316666332,7888,237.22832900719965,12.700000000000001,0.6397941888547745,63482.47243131255,33001.100784415714,0.03143144427519493,0.03143144427519493
EZS39RG_1538,193,2417.064,52.221150048943095,5.314970752254755,7929,237.22832900719965,12.700000000000001,0.639811870126016,63481.83263712369,33001.9056451136,0.03130650305658747,0.03130650305658747
EZS39RG_1538,194,2429.764,52.220116394666206,5.31801716017884,7971,237.22832900719965,12.700000000000001,0.6398313726048572,63481.192825253565,33002.79306601702,0.031183785352010433,0.031183785352010433
EZS39RG_1538,195,2442.464,52.21904695866864,5.321030407577236,8013,237.22832900719965,12.700000000000001,0.639852095141147,63480.55299388096,33003.735795180284,0.03106329954117506,0.03106329954117506
EZS39RG_1538,196,2455.164,52.217942138320055,5.324009374071171,8055,237.22832900719965,12.700000000000001,0.6398740388568283,63479.91314178582,33004.73388337698,0.030945054981076678,0.030945054981076678
EZS39RG_1538,197,2467.864,52.21680234413784,5.32695295218424,8096,237.22832900719965,12.700000000000001,0.6398964568164782,63479.27326774697,33005.75346987655,0.030829061984561295,0.030829061984561295
EZS39RG_1538,198,2480.564,52.21562799963459,5.3298600477571645,8138,237.22832900719965,12.700000000000001,0.6399208168963775,63478.633371290154,33006.861097471345,0.030718844485703486,0.030718844485703486
EZS39RG_1538,199,2493.264,52.21441954116076,5.332729580357336,8180,237.22832900719965,12.700000000000001,0.6399464015142922,63477.99345047326,33008.02423606394,0.030611750860793062,0.030611750860793062
EZS39RG_1538,200,2505.964,52.213177417742486,5.335560483683014,8221,237.22832900719965,12.700000000000001,0.6399723762200633,63477.35350407175,33009.20505770189,0.030506872498189022,0.030506872498189022
EZS39RG_1538,201,2518.664,52.21191891255142,5.3383719694590726,8263,237.22832900719965,12.700000000000001,0.6400003838678623,63476.713531695525,33010.47803724281,0.03040295387654102,0.03040295387654102
EZS39RG_1538,202,2531.364,52.21066034028655,5.341183295617333,8305,237.22832900719965,12.700000000000001,0.6400296194422244,63476.07353131166,33011.80668105404,0.030298784039384834,0.030298784039384834
EZS39RG_1538,203,2544.064,52.20940170095139,5.343994462161598,8346,237.22832900719965,12.700000000000001,0.6400591607312105,63475.43350169222,33013.1491827908,0.03019437509570652,0.03019437509570652
EZS39RG_1538,204,2556.764,52.208142994549355,5.346805469095569,8388,237.22832900719965,12.700000000000001,0.6400908260604365,63474.79344253149,33014.5879716943,0.030089739154422902,0.030089739154422902
EZS39RG_1538,205,2569.464,52.20688422108379,5.349616316422845,8430,237.22832900719965,12.700000000000001,0.6401237227348917,63474.15335170543,33016.082579457965,0.02998488832438155,0.02998488832438155
EZS39RG_1538,206,2582.164,52.20562538055793,5.352427004146918,8471,237.22832900719965,12.700000000000001,0.6401568405316156,63473.513227982694,33017.58721007793,0.029879834714360985,0.029879834714360985
EZS39RG_1538,207,2594.864,52.20436647297493,5.355237532271166,8513,237.22832900719965,12.700000000000001,0.6401921737456153,63472.87307114216,33019.192269689775,0.029774590433070347,0.029774590433070347
EZS39RG_1538,208,2607.564,52.20310749833784,5.3580479007988515,8554,237.22832900719965,12.700000000000001,0.6402276717923043,63472.23287896841,33020.80480021351,0.02966916758914913,0.02966916758914913
EZS39RG_1538,209,2620.264,52.201848456649614,5.360858109733116,8596,237.22832900719965,12.700000000000001,0.6402654460837973,63471.59265129662,33022.52051680034,0.029563578291167514,0.029563578291167514
EZS39RG_1538,210,2632.964,52.20058934791308,5.363668159076976,8638,237.22832900719965,12.700000000000001,0.6403044574763328,63470.952385850534,33024.292312424135,0.029457834647626236,0.029457834647626236
EZS39RG_1538,211,2645.664,52.19933017213098,5.366478048833313,8680,237.22832900719965,12.700000000000001,0.640344707142561,63470.31208139306,33026.120240077034,0.029351948766956255,0.029351948766956255
EZS39RG_1538,212,2658.364,52.19807092930592,5.369287779004875,8721,237.22832900719965,12.700000000000001,0.6403850080808782,63469.671736685916,33027.95049024787,0.029270696564395352,0.029270696564395352
EZS39RG_1538,213,2671.064,52.19681161944041,5.372097349594263,8763,237.22832900719965,12.700000000000001,0.6404277080366536,63469.03135167783,33029.88949117067,0.029192629858555613,0.029192629858555613
EZS39RG_1538,214,2683.764,52.195552242536806,5.374906760603931,8805,237.22832900719965,12.700000000000001,0.6404716497763068,63468.3909239698,33031.88478272044,0.029115042587362177,0.029115042587362177
EZS39RG_1538,215,2696.464,52.194292798597345,5.377716012036177,8846,237.22832900719965,12.700000000000001,0.6405155575261385,63467.75045232002,33033.8785313417,0.029037927762547065,0.029037927762547065
EZS39RG_1538,216,2709.164,52.193033287624125,5.3805251038931345,8888,237.22832900719965,12.700000000000001,0.640561956521424,63467.10993676249,33035.98521086444,0.028961278395897884,0.028961278395897884
EZS39RG_1538,217,2721.864,52.191773709619106,5.383334036176767,8930,237.22832900719965,12.700000000000001,0.6406096008416668,63466.46937480597,33038.148340966975,0.028885087499257948,0.028885087499257948
EZS39RG_1538,218,2734.564,52.19051406458409,5.386142808888859,8971,237.22832900719965,12.700000000000001,0.6406571256828792,63465.82876520513,33040.30605239041,0.028809348084527207,0.028809348084527207
EZS39RG_1538,219,2747.264,52.18925435252073,5.388951422031009,9013,237.22832900719965,12.700000000000001,0.6407072342860678,63465.18810807945,33042.580887855554,0.028734053163662808,0.028734053163662808
EZS39RG_1538,220,2759.964,52.1879945734305,5.391759875604618,9055,237.22832900719965,12.700000000000001,0.6407585917863767,63464.547400845164,33044.91233521787,0.02865919574867905,0.02865919574867905
EZS39RG_1538,221,2772.664,52.18673472731472,5.394568169610882,9096,237.22832900719965,12.700000000000001,0.6408097440890692,63463.90664225338,33047.23447775612,0.02858476885164875,0.02858476885164875
EZS39RG_1538,222,2785.364,52.18547481417451,5.397376304050782,9138,237.22832900719965,12.700000000000001,0.6408635729612449,63463.26583250929,33049.67795057631,0.028510765484703684,0.028510765484703684
EZS39RG_1538,223,2798.064,52.18421483401082,5.400184278925072,9179,237.22832900719965,12.700000000000001,0.6409171395927484,63462.62496893633,33052.109532468385,0.02843717866003472,0.02843717866003472
EZS39RG_1538,224,2810.764,52.182954786824375,5.402992094234266,9221,237.22832900719965,12.700000000000001,0.6409734445777939,63461.98405179674,33054.66524478231,0.028364001389893145,0.028364001389893145
EZS39RG_1538,225,2823.464,52.18169467261571,5.40579974997863,9263,237.22832900719965,12.700000000000001,0.6410310044733221,63461.34307835216,33057.27784047027,0.02829123883639784,0.02829123883639784
EZS39RG_1538,226,2836.164,52.18043449138514,5.408607246158165,9305,237.22832900719965,12.700000000000001,0.6410898205043145,63460.70204734769,33059.94737482252,0.02822173407678663,0.02822173407678663
EZS39RG_1538,227,2848.864,52.179174243132735,5.4114145827725935,9346,237.22832900719965,12.700000000000001,0.6411482592039808,63460.06095752718,33062.59980051337,0.028152596409183776,0.028152596409183776
EZS39RG_1538,228,2861.564,52.17791392785831,5.414221759821346,9388,237.22832900719965,12.700000000000001,0.641209560971002,63459.41980926798,33065.38200870782,0.02808382009672845,0.02808382009672845
EZS39RG_1538,229,2874.264,52.17665354556145,5.417028777303541,9430,237.22832900719965,12.700000000000001,0.6412721225400448,63458.77859970701,33068.22132103587,0.028015399402614737,0.028015399402614737
EZS39RG_1538,230,2886.964,52.17539309624144,5.4198356352179715,9471,237.22832900719965,12.700000000000001,0.641334220358402,63458.13732758447,33071.03960682646,0.027947328590092854,0.027947328590092854
EZS39RG_1538,231,2899.664,52.1741325798973,5.4226423335630844,9513,237.22832900719965,12.700000000000001,0.6413992749394628,63457.49599336411,33073.99192132461,0.02787960192247025,0.02787960192247025
EZS39RG_1538,232,2912.364,52.172871996527704,5.4254488723369585,9555,237.22832900719965,12.700000000000001,0.6414655930209443,63456.85459408917,33077.00150682938,0.0278122136631128,0.0278122136631128
EZS39RG_1538,233,2925.064,52.17161134613104,5.428255251537284,9596,237.22832900719965,12.700000000000001,0.6415313606945257,63456.21312849615,33079.9861371588,0.027745158075445638,0.027745158075445638
EZS39RG_1538,234,2937.764,52.17035062870533,5.43106147116134,9638,237.22832900719965,12.700000000000001,0.6416001791271118,63455.57159713546,33083.10905594491,0.027678429422954474,0.027678429422954474
EZS39RG_1538,235,2950.464,52.169089844248234,5.433867531205964,9680,237.22832900719965,12.700000000000001,0.6416702647905463,63454.92999695633,33086.28941402439,0.02761202196918739,0.02761202196918739
EZS39RG_1538,236,2963.164,52.16782899275702,5.436673431667529,9721,237.22832900719965,12.700000000000001,0.6417397131488569,63454.28832669154,33089.44087743523,0.027501319190926566,0.027501319190926566
EZS39RG_1538,237,2975.864,52.16656807422855,5.43947917254191,9763,237.22832900719965,12.700000000000001,0.641812306565948,63453.646586978386,33092.73490271041,0.027390372038558274,0.027390372038558274
EZS39RG_1538,238,2988.564,52.16530708865922,5.442284753824451,9804,237.22832900719965,12.700000000000001,0.6418842048463826,63453.00477467182,33095.997411535485,0.02728053095302759,0.02728053095302759
EZS39RG_1538,239,3001.264,52.164046036044965,5.445090175509929,9846,237.22832900719965,12.700000000000001,0.6419593109674022,63452.362890466975,33099.405327272034,0.027171789729931915,0.027171789729931915
EZS39RG_1538,240,3013.964,52.16278491638123,5.447895437592515,9888,237.22832900719965,12.700000000000001,0.6420356905980575,63451.72093115601,33102.87096548578,0.027064142164921264,0.027064142164921264
EZS39RG_1538,241,3026.664,52.16152372966288,5.450700540065729,9930,237.22832900719965,12.700000000000001,0.642113345017242,63451.07889546541,33106.39438384785,0.026957582053699594,0.026957582053699594
EZS39RG_1538,242,3039.364,52.16026247588423,5.453505482922395,9971,237.22832900719965,12.700000000000001,0.6421901876081226,63450.43678212039,33109.88099561126,0.026852103192026307,0.026852103192026307
EZS39RG_1538,243,3052.064,52.15900115503895,5.456310266154585,10013,237.22832900719965,12.700000000000001,0.6422703647779286,63449.79459193278,33113.51875748738,0.026747699375717908,0.026747699375717908
EZS39RG_1538,244,3064.764,52.15773976712004,5.459114889753562,10055,237.22832900719965,12.700000000000001,0.6423518205638858,63449.152321568006,33117.21447210046,0.026644364400649743,0.026644364400649743
EZS39RG_1538,245,3077.464,52.15647831211977,5.461919353709719,10096,237.22832900719965,12.700000000000001,0.6424323768911964,63448.50996974744,33120.869407487815,0.026542092062757837,0.026542092062757837
EZS39RG_1538,246,3090.164,52.155216790029634,5.464723658012506,10138,237.22832900719965,12.700000000000001,0.6425163630229094,63447.867537370556,33124.679808059365,0.02644087615804111,0.02644087615804111
EZS39RG_1538,247,3102.864,52.15395520084025,5.467527802650349,10180,237.22832900719965,12.700000000000001,0.6426016316311585,63447.22502100753,33128.54833541101,0.026340710482563652,0.026340710482563652
EZS39RG_1538,248,3115.564,52.15269354454133,5.470331787610567,10221,237.22832900719965,12.700000000000001,0.6426859129016351,63446.582419375896,33132.37209967376,0.026241588832457297,0.026241588832457297
EZS39RG_1538,249,3128.264,52.15143182112156,5.4731356128792665,10263,237.22832900719965,12.700000000000001,0.6427737195156902,63445.939733463,33136.35565831244,0.026143505003924525,0.026143505003924525
EZS39RG_1538,250,3140.964,52.15017003056855,5.475939278441241,10305,237.22832900719965,12.700000000000001,0.6428628124996103,63445.29695974348,33140.397519239246,0.026046452793241536,0.026046452793241536
EZS39RG_1538,251,3153.664,52.14890817286869,5.47874278427984,10346,237.22832900719965,12.700000000000001,0.6429508300156177,63444.65409693098,33144.39062188097,0.02595042599676188,0.02595042599676188
EZS39RG_1538,252,3166.364,52.147646248007035,5.481546130376831,10388,237.22832900719965,12.700000000000001,0.6430424687306646,63444.011146100966,33148.54786232811,0.025855418410920386,0.025855418410920386
EZS39RG_1538,253,3179.064,52.14638425596721,5.484349316712241,10429,237.22832900719965,12.700000000000001,0.6431329733215421,63443.36810363224,33152.65368545861,0.02576190850081731,0.02576190850081731
EZS39RG_1538,254,3191.764,52.14512219673124,5.487152343264178,10471,237.22832900719965,12.700000000000001,0.6432271629332862,63442.724970658914,33156.92653825567,0.025671175286019938,0.025671175286019938
EZS39RG_1538,255,3204.464,52.14386007027936,5.4899552100086195,10513,237.22832900719965,12.700000000000001,0.6433226454667633,63442.08174349598,33161.25798865548,0.025581439069490765,0.025581439069490765
EZS39RG_1538,256,3217.164,52.14259787658983,5.4927579169191825,10555,237.22832900719965,12.700000000000001,0.6434194222563154,63441.438420850514,33165.6480967964,0.025492694288261595,0.025492694288261595
EZS39RG_1538,257,3229.864,52.14133561563873,5.495560463966844,10596,237.22832900719965,12.700000000000001,0.6435149465556314,63440.79500142826,33169.98142186971,0.025404935379470396,0.025404935379470396
EZS39RG_1538,258,3242.564,52.14007328739965,5.498362851119626,10638,237.22832900719965,12.700000000000001,0.6436142847241735,63440.15148648171,33174.48761479531,0.025318156780370017,0.025318156780370017
EZS39RG_1538,259,3255.264,52.13881089184341,5.501165078342225,10680,237.22832900719965,12.700000000000001,0.6437149211420261,63439.507872196984,33179.05264542819,0.02523235292833844,0.02523235292833844
EZS39RG_1538,260,3267.964,52.13754842893771,5.5039671455955785,10721,237.22832900719965,12.700000000000001,0.643814216172927,63438.86415727584,33183.55686320988,0.025147518260890598,0.025147518260890598
EZS39RG_1538,261,3280.664,52.13628589864666,5.506769052836348,10763,237.22832900719965,12.700000000000001,0.6439174218930124,63438.22034305967,33188.238335700706,0.025063647215692604,0.025063647215692604
EZS39RG_1538,262,3293.364,52.13502330093031,5.509570800016308,10805,237.22832900719965,12.700000000000001,0.6440219298892988,63437.57642563778,33192.97882737241,0.024980734230578228,0.024980734230578228
EZS39RG_1538,263,3306.064,52.133760635744,5.512372387081612,10846,237.22832900719965,12.700000000000001,0.644125007341835,63436.93240370789,33197.654464681735,0.024898773743569018,0.024898773743569018
EZS39RG_1538,264,3318.764,52.13249790303765,5.515173813971899,10888,237.22832900719965,12.700000000000001,0.6442320926302647,63436.28827870055,33202.511758273715,0.024817760192898254,0.024817760192898254
EZS39RG_1538,265,3331.464,52.131235102754836,5.517975080619204,10930,237.22832900719965,12.700000000000001,0.6443404842556153,63435.64404660792,33207.42825403851,0.024737688017040464,0.024737688017040464
EZS39RG_1538,266,3344.164,52.129972234831655,5.520776186946615,10971,237.22832900719965,12.700000000000001,0.6444473559180302,63434.999706123665,33212.275842101655,0.024658551654747483,0.024658551654747483
EZS39RG_1538,267,3356.864,52.12870929919534,5.5235771328665875,11013,237.22832900719965,12.700000000000001,0.6445583328924462,63434.35525876775,33217.30950285971,0.024580345545093637,0.024580345545093637
EZS39RG_1538,268,3369.564,52.12744629576247,5.526377918278808,11054,237.22832900719965,12.700000000000001,0.64466773038548,63433.71070043486,33222.271558004715,0.024503064127532843,0.024503064127532843
EZS39RG_1538,269,3382.264,52.12618322443666,5.529178543067446,11096,237.22832900719965,12.700000000000001,0.6447812980956635,63433.066032704475,33227.42262649777,0.024426701841971814,0.024426701841971814
EZS39RG_1538,270,3394.964,52.1249200851056,5.5319790070975605,11138,237.22832900719965,12.700000000000001,0.6448961789751086,63432.42125140638,33232.633205050595,0.024351253128865612,0.024351253128865612
EZS39RG_1538,271,3407.664,52.123656877636996,5.5347793102102925,11180,237.22832900719965,12.700000000000001,0.6450123744150902,63431.776355227405,33237.90335635876,0.024276712429345176,0.024276712429345176
EZS39RG_1538,272,3420.364,52.12239360187314,5.537579452216311,11221,237.22832900719965,12.700000000000001,0.6451268702573179,63431.13134285299,33243.096457397245,0.024203074185390472,0.024203074185390472
EZS39RG_1538,273,3433.064,52.12113025762321,5.540379432886613,11263,237.22832900719965,12.700000000000001,0.6452456673625979,63430.48621598273,33248.4845089636,0.024130332840073265,0.024130332840073265
EZS39RG_1538,274,3445.764,52.119834010636445,5.543139152686586,11305,237.22832900719965,12.700000000000001,0.6453657831916502,63429.84097031537,33253.932320898064,0.024059472191340497,0.024059472191340497
EZS39RG_1538,275,3458.464,52.11850534255853,5.545857586584545,11346,237.22832900719965,12.700000000000001,0.6454841092026387,63429.19560453218,33259.29899312962,0.023990515269777184,0.023990515269777184
EZS39RG_1538,276,3471.164,52.11714474708181,5.548533725069777,11388,237.22832900719965,12.700000000000001,0.645606834956971,63428.55012042297,33264.86507755816,0.023923482360992326,0.023923482360992326
EZS39RG_1538,277,3483.864,52.11575272976189,5.551166574529137,11430,237.22832900719965,12.700000000000001,0.6457308836328224,63427.904513588015,33270.49111153021,0.02385839100434426,0.02385839100434426
EZS39RG_1538,278,3496.564,52.11432980782975,5.553755157617475,11471,237.22832900719965,12.700000000000001,0.645853051998555,63427.25878270438,33276.031904129006,0.023795255995787055,0.023795255995787055
EZS39RG_1538,279,3509.264,52.112876509999595,5.556298513621731,11513,237.22832900719965,12.700000000000001,0.6459797189280188,63426.61292965239,33281.77658592955,0.02373408939480859,0.02373408939480859
EZS39RG_1538,280,3521.964,52.111393376272375,5.558795698818583,11555,237.22832900719965,12.700000000000001,0.6461077130114246,63425.966949933456,33287.5814080229,0.023674900535425467,0.023674900535425467
EZS39RG_1538,281,3534.664,52.10988095773514,5.561245786825509,11596,237.22832900719965,12.700000000000001,0.646233736018538,63425.32084222045,33293.29687473147,0.023621826521783327,0.023621826521783327
EZS39RG_1538,282,3547.364,52.1083398163563,5.563647868945117,11638,237.22832900719965,12.700000000000001,0.6463643567525672,63424.67460848443,33299.220723108745,0.023573287939893398,0.023573287939893398
EZS39RG_1538,283,3560.064,52.106770524776756,5.566001054502641,11679,237.22832900719965,12.700000000000001,0.6464929459909938,63424.02824412767,33305.05247762049,0.02352675004708643,0.02352675004708643
EZS39RG_1538,284,3572.764,52.10517420649755,5.568305463870484,11721,237.22832900719965,12.700000000000001,0.6466261989890711,63423.38175118168,33311.0956052983,0.0234821853453695,0.0234821853453695
EZS39RG_1538,285,3585.464,52.10357784327991,5.570609708236122,11763,237.22832900719965,12.700000000000001,0.6467607862610014,63422.73512498269,33317.19919418859,0.023438566843163842,0.023438566843163842
EZS39RG_1538,286,3598.164,52.101981435129595,5.572913787616168,11805,237.22832900719965,12.700000000000001,0.646896709256408,63422.08836419643,33323.363309637796,0.023395889049297094,0.023395889049297094
EZS39RG_1538,287,3610.864,52.1003849820524,5.5752177020272295,11846,237.22832900719965,12.700000000000001,0.6470304788112433,63421.44146748717,33329.42980423519,0.02335414647307135,0.02335414647307135
EZS39RG_1538,288,3623.564,52.09878848405408,5.577521451485915,11888,237.22832900719965,12.700000000000001,0.6471690454586199,63420.794437008364,33335.71371233278,0.023313333624263504,0.023313333624263504
EZS39RG_1538,289,3636.264,52.09719194114043,5.579825036008833,11930,237.22832900719965,12.700000000000001,0.6473089521669078,63420.14726796291,33342.05834252914,0.023273445013124946,0.023273445013124946
EZS39RG_1538,290,3648.964,52.095595353317215,5.582128455612588,11971,237.22832900719965,12.700000000000001,0.6474466138316999,63419.49995901074,33348.301200206224,0.02323447515038167,0.02323447515038167
EZS39RG_1538,291,3661.664,52.09399872059021,5.584431710313785,12013,237.22832900719965,12.700000000000001,0.6475891727969294,63418.85251239691,33354.76601100582,0.023196418547234313,0.023196418547234313
EZS39RG_1538,292,3674.364,52.09240204296518,5.586734800129027,12055,237.22832900719965,12.700000000000001,0.6477330761958313,63418.20492322411,33361.29174106419,0.02315926971535804,0.02315926971535804
EZS39RG_1538,293,3687.064,52.09080532044791,5.589037725074916,12096,237.22832900719965,12.700000000000001,0.647874642664553,63417.55719014791,33367.7115341705,0.023123023166902637,0.023123023166902637
EZS39RG_1538,294,3699.764,52.089208553044166,5.591340485168052,12138,237.22832900719965,12.700000000000001,0.64802120699532,63416.90931550525,33374.35783599959,0.023087673414492464,0.023087673414492464
EZS39RG_1538,295,3712.464,52.08761174075971,5.593643080425036,12180,237.22832900719965,12.700000000000001,0.6481691201680007,63416.26129429825,33381.06525587931,0.023053214971226407,0.023053214971226407
EZS39RG_1538,296,3725.164,52.08601488360032,5.595945510862464,12221,237.22832900719965,12.700000000000001,0.6483146042376136,63415.61312517808,33387.662561500976,0.023019642350677917,0.023019642350677917
EZS39RG_1538,297,3737.864,52.08441798157176,5.598247776496933,12263,237.22832900719965,12.700000000000001,0.6484651870873448,63414.964810573845,33394.49094755493,0.022986950066894968,0.022986950066894968
EZS39RG_1538,298,3750.564,52.082821034679796,5.600549877345039,12304,237.22832900719965,12.700000000000001,0.6486132794739872,63414.31634538676,33401.206438549314,0.022955132634400112,0.022955132634400112
EZS39RG_1538,299,3763.264,52.081224042930195,5.602851813423377,12346,237.22832900719965,12.700000000000001,0.6487665378462386,63413.667732107286,33408.15605444726,0.022924184568190356,0.022924184568190356
EZS39RG_1538,300,3775.964,52.07962700632872,5.605153584748538,12388,237.22832900719965,12.700000000000001,0.6489211524746337,63413.01896556944,33415.16712282795,0.022894100383737303,0.022894100383737303
EZS39RG_1538,301,3788.664,52.07802992488114,5.607455191337114,12430,237.22832900719965,12.700000000000001,0.6490771248684939,63412.370044416966,33422.23971178637,0.02286487459698695,0.02286487459698695
EZS39RG_1538,302,3801.364,52.07643279859322,5.609756633205696,12471,237.22832900719965,12.700000000000001,0.6492304829450442,63411.720967292094,33429.193792819045,0.022836501724359935,0.022836501724359935
EZS39RG_1538,303,3814.064,52.07483562747071,5.612057910370871,12513,237.22832900719965,12.700000000000001,0.6493891427183238,63411.07173680915,33436.388146561294,0.022808976282751227,0.022808976282751227
EZS39RG_1538,304,3826.764,52.07323841151939,5.614359022849229,12555,237.22832900719965,12.700000000000001,0.6495491647726837,63410.422347666434,33443.64422464057,0.022782292789530333,0.022782292789530333
EZS39RG_1538,305,3839.464,52.07164115074501,5.616659970657354,12596,237.22832900719965,12.700000000000001,0.6497064794634226,63409.77279850166,33450.777578212605,0.022756445762541305,0.022756445762541305
EZS39RG_1538,306,3852.164,52.07004384515333,5.618960753811832,12638,237.22832900719965,12.700000000000001,0.6498691978549842,63409.1230920222,33458.15582532954,0.02273142972010257,0.02273142972010257
EZS39RG_1538,307,3864.864,52.06844649475011,5.621261372329247,12680,237.22832900719965,12.700000000000001,0.6500332830793334,63408.473222824345,33465.59600222287,0.022707239181006957,0.022707239181006957
EZS39RG_1538,308,3877.564,52.066849099541116,5.62356182622618,12721,237.22832900719965,12.700000000000001,0.6501945675976302,63407.82318954127,33472.909224714414,0.022683868664521854,0.022683868664521854
EZS39RG_1538,309,3890.264,52.065251659532095,5.6258621155192134,12763,237.22832900719965,12.700000000000001,0.6503613581884211,63407.17299497367,33480.47197823078,0.022662270497717973,0.022662270497717973
EZS39RG_1538,310,3902.964,52.06365417472881,5.628162240224926,12805,237.22832900719965,12.700000000000001,0.6505295201999461,63406.52263361548,33488.09686865523,0.0226420221938991,0.0226420221938991
EZS39RG_1538,311,3915.664,52.06205664513701,5.630462200359896,12846,237.22832900719965,12.700000000000001,0.650694787864355,63405.87210409528,33495.590561358345,0.022622568248881942,0.022622568248881942
EZS39RG_1538,312,3928.364,52.060459070762455,5.632761995940702,12888,237.22832900719965,12.700000000000001,0.6508656643433093,63405.221409307414,33503.338439347164,0.022603903646718198,0.022603903646718198
EZS39RG_1538,313,3941.064,52.0588614516109,5.635061626983918,12929,237.22832900719965,12.700000000000001,0.651033584133418,63404.57054364307,33510.95229467604,0.022586023371893433,0.022586023371893433
EZS39RG_1538,314,3953.764,52.0572637876881,5.63736109350612,12971,237.22832900719965,12.700000000000001,0.6512071811623279,63403.91951005894,33518.82343494643,0.02256892240932738,0.02256892240932738
EZS39RG_1538,315,3966.464,52.0556660789998,5.6396603955238795,13013,237.22832900719965,12.700000000000001,0.6513821573268759,63403.26830287778,33526.757060569595,0.022552595744373703,0.022552595744373703
EZS39RG_1538,316,3979.164,52.054068325551754,5.641959533053769,13055,237.22832900719965,12.700000000000001,0.651558514197351,63402.61692072046,33534.753242490995,0.022537038362819936,0.022537038362819936
EZS39RG_1538,317,3991.864,52.05247052734971,5.644258506112359,13096,237.22832900719965,12.700000000000001,0.651731788532558,63401.96536220626,33542.60969932477,0.022522245250887637,0.022522245250887637
EZS39RG_1538,318,4004.564,52.05087268439942,5.646557314716219,13138,237.22832900719965,12.700000000000001,0.6519108782888106,63401.31363041773,33550.72970085956,0.022508211395232278,0.022508211395232278
EZS39RG_1538,319,4017.264,52.049274796706634,5.648855958881916,13180,237.22832900719965,12.700000000000001,0.652091353448518,63400.66171953944,33558.91247097611,0.022494931782943258,0.022494931782943258
EZS39RG_1538,320,4029.964,52.0476768642771,5.651154438626018,13221,237.22832900719965,12.700000000000001,0.6522686515207825,63400.009628185995,33566.95123173037,0.02248240140154377,0.02248240140154377
EZS39RG_1538,321,4042.664,52.046078887116565,5.653452753965089,13263,237.22832900719965,12.700000000000001,0.6524518688841845,63399.35735953447,33575.258242617834,0.02247061523899113,0.02247061523899113
EZS39RG_1538,322,4055.364,52.04448086523077,5.655750904915693,13305,237.22832900719965,12.700000000000001,0.6526364763853763,63398.70490766559,33583.628236113145,0.022459568283676547,0.022459568283676547
EZS39RG_1538,323,4068.064,52.042882798625456,5.658048891494392,13346,237.22832900719965,12.700000000000001,0.6528178119381325,63398.052271189204,33591.84992209029,0.022449255524424998,0.022449255524424998
EZS39RG_1538,324,4080.764,52.04128468730638,5.660346713717749,13388,237.22832900719965,12.700000000000001,0.6530051710337939,63397.399453377264,33600.344580969584,0.02243967195049532,0.02243967195049532
EZS39RG_1538,325,4093.464,52.03968653127928,5.662644371602322,13430,237.22832900719965,12.700000000000001,0.6531939250385215,63396.74644820623,33608.90243823819,0.022430812551580335,0.022430812551580335
EZS39RG_1538,326,4106.164,52.0380883305499,5.66494186516467,13471,237.22832900719965,12.700000000000001,0.6533793119224274,63396.093254281186,33617.30767583544,0.022422672317806727,0.022422672317806727
EZS39RG_1538,327,4118.864,52.03649008512397,5.667239194421351,13513,237.22832900719965,12.700000000000001,0.6535708269855227,63395.43987496926,33625.9906265821,0.022415246239735016,0.022415246239735016
EZS39RG_1538,328,4131.564,52.03489179500725,5.669536359388921,13555,237.22832900719965,12.700000000000001,0.653763741766038,63394.786304142275,33634.736993267856,0.02240852930835957,0.02240852930835957
EZS39RG_1538,329,4144.264,52.03329346020546,5.671833360083934,13596,237.22832900719965,12.700000000000001,0.6539531939393586,63394.13254040051,33643.3264140147,0.022402516515108575,0.022402516515108575
EZS39RG_1538,330,4156.964,52.03169508072436,5.674130196522943,13638,237.22832900719965,12.700000000000001,0.6541488793155232,63393.47858720657,33652.19830577919,0.022397202851844027,0.022397202851844027
EZS39RG_1538,331,4169.664,52.030096656569675,5.6764268687225,13679,237.22832900719965,12.700000000000001,0.6543410385090349,63392.824438327254,33660.91037120879,0.02239258331086188,0.02239258331086188
EZS39RG_1538,332,4182.364,52.02849818774715,5.678723376699157,13721,237.22832900719965,12.700000000000001,0.654539500853955,63392.17009728875,33669.90807657034,0.02238865288489173,0.02238865288489173
EZS39RG_1538,333,4195.064,52.0268996742625,5.681019720469462,13763,237.22832900719965,12.700000000000001,0.6547393709997646,63391.5155577879,33678.96956382119,0.022385406567097265,0.022385406567097265
EZS39RG_1538,334,4207.764,52.02530111612148,5.683315900049963,13805,237.22832900719965,12.700000000000001,0.6549406505914501,63390.8608184169,33688.0949074679,0.022382839351075663,0.022382839351075663
EZS39RG_1538,335,4220.464,52.02370251332982,5.685611915457207,13846,237.22832900719965,12.700000000000001,0.6551382756508073,63390.205877766304,33697.05460982515,0.022380946230858022,0.022380946230858022
EZS39RG_1538,336,4233.164,52.02210386589326,5.687907766707738,13888,237.22832900719965,12.700000000000001,0.6553423451338771,63389.55073949065,33706.30635237557,0.022379722200909197,0.022379722200909197
EZS39RG_1538,337,4245.864,52.02050517381752,5.690203453818102,13929,237.22832900719965,12.700000000000001,0.6555426960841233,63388.89539714552,33715.38955413094,0.022380214158206985,0.022380214158206985
EZS39RG_1538,338,4258.564,52.01890643710834,5.692498976804839,13971,237.22832900719965,12.700000000000001,0.6557495619299154,63388.239854449435,33724.76798884056,0.022381555256455285,0.022381555256455285
EZS39RG_1538,339,4271.264,52.017307655771454,5.694794335684493,14013,237.22832900719965,12.700000000000001,0.6559578454296482,63387.58410488751,33734.21065190499,0.022383549772409687,0.022383549772409687
EZS39RG_1538,340,4283.964,52.01570882981258,5.697089530473601,14055,237.22832900719965,12.700000000000001,0.6561675482535512,63386.928147042076,33743.71761905314,0.02238619310028687,0.02238619310028687
EZS39RG_1538,341,4296.664,52.01410995923746,5.699384561188704,14096,237.22832900719965,12.700000000000001,0.6563734033326412,63386.271979493824,33753.05019167812,0.02238948063470229,0.02238948063470229
EZS39RG_1538,342,4309.364,52.01251104405181,5.701679427846337,14138,237.22832900719965,12.700000000000001,0.6565859156402021,63385.61560609049,33762.68444589471,0.02239340777067044,0.02239340777067044
EZS39RG_1538,343,4322.064,52.01091208426137,5.703974130463038,14180,237.22832900719965,12.700000000000001,0.6567998522675755,63384.95902017485,33772.38323078413,0.022397969903604768,0.022397969903604768
EZS39RG_1538,344,4334.764,52.00931307987186,5.7062686690553415,14221,237.22832900719965,12.700000000000001,0.6570098440545284,63384.302220322585,33781.90322252556,0.02240316242931756,0.02240316242931756
EZS39RG_1538,345,4347.464,52.007714030889,5.708563043639779,14263,237.22832900719965,12.700000000000001,0.6572266000734948,63383.64521047853,33791.72974400966,0.02240898074402021,0.02240898074402021
EZS39RG_1538,346,4360.164,52.00611493731852,5.710857254232883,14304,237.22832900719965,12.700000000000001,0.6574393466008273,63382.987983878455,33801.374543574944,0.022415420244322627,0.022415420244322627
EZS39RG_1538,347,4372.864,52.00451579916614,5.713151300851184,14346,237.22832900719965,12.700000000000001,0.6576589286312604,63382.330544531855,33811.32910214733,0.022422476327234087,0.022422476327234087
EZS39RG_1538,348,4385.564,52.002916616437595,5.7154451835112114,14388,237.22832900719965,12.700000000000001,0.6578799433779727,63381.67288560322,33821.34857253239,0.022430144390162266,0.022430144390162266
EZS39RG_1538,349,4398.264,52.00131738913859,5.717738902229493,14430,237.22832900719965,12.700000000000001,0.658102392549355,63381.01500565984,33831.43303232682,0.022438419830914155,0.022438419830914155
EZS39RG_1538,350,4410.964,51.99971811727486,5.720032457022555,14471,237.22832900719965,12.700000000000001,0.6583207016970405,63380.3569032673,33841.32985709595,0.022447298047695276,0.022447298047695276
EZS39RG_1538,351,4423.664,51.99811880085212,5.722325847906922,14513,237.22832900719965,12.700000000000001,0.6585459903006232,63379.6985825656,33851.54296356023,0.02245677443911015,0.02245677443911015
EZS39RG_1538,352,4436.364,51.99651943987609,5.724619074899119,14554,237.22832900719965,12.700000000000001,0.6587670737866147,63379.0400365753,33861.565486310625,0.02246684440416214,0.02246684440416214
EZS39RG_1538,353,4449.064,51.99492003435248,5.726912138015667,14596,237.22832900719965,12.700000000000001,0.6589952085420443,63378.381269501515,33871.90754485365,0.02247750334225356,0.02247750334225356
EZS39RG_1538,354,4461.764,51.99332058428703,5.729205037273088,14638,237.22832900719965,12.700000000000001,0.6592247862451612,63377.72227429297,33882.31498018063,0.022488746653185263,0.022488746653185263
EZS39RG_1538,355,4474.464,51.99172108968543,5.731497772687901,14679,237.22832900719965,12.700000000000001,0.6594500605136271,63377.06304950673,33892.52737821094,0.02250056973715735,0.02250056973715735
EZS39RG_1538,356,4487.164,51.990121550553404,5.733790344276625,14721,237.22832900719965,12.700000000000001,0.659682494551801,63376.40359944622,33903.06422870536,0.022512967994768405,0.022512967994768405
EZS39RG_1538,357,4499.864,51.98852196689668,5.7360827520557764,14763,237.22832900719965,12.700000000000001,0.6599163767106491,63375.743916951666,33913.66669131088,0.022525936827015813,0.022525936827015813
EZS39RG_1538,358,4512.564,51.98692233872096,5.738374996041871,14805,237.22832900719965,12.700000000000001,0.6601517087370599,63375.084000574956,33924.33484553389,0.022539471635295873,0.022539471635295873
EZS39RG_1538,359,4525.264,51.985322666031955,5.740667076251422,14846,237.22832900719965,12.700000000000001,0.6603826054443731,63374.423848866216,33934.80198848456,0.02255356782140386,0.02255356782140386
EZS39RG_1538,360,4537.964,51.983722948835386,5.7429589927009435,14888,237.22832900719965,12.700000000000001,0.6606208075289839,63373.763466260774,33945.60018245839,0.022568220787533445,0.022568220787533445
EZS39RG_1538,361,4550.664,51.982123187136956,5.745250745406946,14929,237.22832900719965,12.700000000000001,0.660854508523125,63373.10284545324,33956.194385971256,0.022583425936277393,0.022583425936277393
EZS39RG_1538,362,4563.364,51.98052338094238,5.747542334385941,14971,237.22832900719965,12.700000000000001,0.6610955875362821,63372.44199094472,33967.12293261584,0.022599178670627055,0.022599178670627055
EZS39RG_1538,363,4576.064,51.97892353025737,5.749833759654436,15013,237.22832900719965,12.700000000000001,0.661338125131165,63371.78089535718,33978.11756777966,0.0226154743939725,0.0226154743939725
EZS39RG_1538,364,4588.764,51.97732363508763,5.752125021228939,15055,237.22832900719965,12.700000000000001,0.661582123080497,63371.11955723205,33989.17837226607,0.02263237246666145,0.02263237246666145
EZS39RG_1538,365,4601.464,51.975723695438866,5.754416119125955,15096,237.22832900719965,12.700000000000001,0.6618214871351693,63370.45797510897,34000.029170891605,0.022633258796331247,0.022633258796331247
EZS39RG_1538,366,4614.164,51.974123711316786,5.75670705336199,15138,237.22832900719965,12.700000000000001,0.6620683759391364,63369.796153621835,34011.220962820604,0.02263225731271647,0.02263225731271647
EZS39RG_1538,367,4626.864,51.9725236827271,5.758997823953547,15179,237.22832900719965,12.700000000000001,0.6623105646163607,63369.134085245896,34022.19974894375,0.022630850524481414,0.022630850524481414
EZS39RG_1538,368,4639.564,51.97092360967551,5.761288430917127,15221,237.22832900719965,12.700000000000001,0.6625603512464218,63368.47177468128,34033.522846336535,0.022629042384767827,0.022629042384767827
EZS39RG_1538,369,4652.264,51.96932349216772,5.763578874269232,15263,237.22832900719965,12.700000000000001,0.6628116070733434,63367.80921433004,34044.91251642414,0.022626836846374784,0.022626836846374784
EZS39RG_1538,370,4664.964,51.96772333020943,5.76586915402636,15304,237.22832900719965,12.700000000000001,0.6630580627308493,63367.14640272297,34056.08464939373,0.022624237861758854,0.022624237861758854
EZS39RG_1538,371,4677.664,51.96612312380635,5.768159270205008,15346,237.22832900719965,12.700000000000001,0.6633122269471199,63366.483344660235,34067.606107146734,0.022621249383034316,0.022621249383034316
EZS39RG_1538,372,4690.364,51.964522872964174,5.770449222821674,15388,237.22832900719965,12.700000000000001,0.6635678657258282,63365.82003243329,34079.194382631555,0.022617875361972795,0.022617875361972795
EZS39RG_1538,373,4703.064,51.9629225776886,5.7727390118928525,15430,237.22832900719965,12.700000000000001,0.6638249808786818,63365.15646456756,34090.849558633585,0.02261411975000377,0.02261411975000377
EZS39RG_1538,374,4715.764,51.961322237985335,5.775028637435037,15471,237.22832900719965,12.700000000000001,0.6640771616507788,63364.49263958668,34102.28111868858,0.022574330647259437,0.022574330647259437
EZS39RG_1538,375,4728.464,51.959721853860074,5.777318099464719,15513,237.22832900719965,12.700000000000001,0.6643371994253193,63363.82856242503,34114.06873269788,0.022523289161665603,0.022523289161665603
EZS39RG_1538,376,4741.164,51.95812142531852,5.779607397998391,15554,237.22832900719965,12.700000000000001,0.6645922358822169,63363.1642252256,34125.62969903347,0.022472450975747682,0.022472450975747682
EZS39RG_1538,377,4753.864,51.95652095236636,5.781896533052541,15596,237.22832900719965,12.700000000000001,0.6648552034024431,63362.49963298972,34137.55007686704,0.02242181501898865,0.02242181501898865
EZS39RG_1538,378,4766.564,51.9549204350093,5.784185504643658,15638,237.22832900719965,12.700000000000001,0.6651196563327066,63361.83477778632,34149.53776847845,0.022371380220965062,0.022371380220965062
EZS39RG_1538,379,4779.264,51.95331987325303,5.786474312788229,15680,237.22832900719965,12.700000000000001,0.6653855965108473,63361.169658129984,34161.5928579994,0.02232114551134712,0.02232114551134712
EZS39RG_1538,380,4791.964,51.95171926710324,5.788762957502739,15721,237.22832900719965,12.700000000000001,0.6656464002033815,63360.50427253347,34173.41517785465,0.02227110981989861,0.02227110981989861
EZS39RG_1538,381,4804.664,51.95011861656564,5.79105143880367,15763,237.22832900719965,12.700000000000001,0.6659152845648189,63359.83862613327,34185.603692117125,0.022221272076476978,0.022221272076476978
EZS39RG_1538,382,4817.364,51.9485179216459,5.793339756707507,15804,237.22832900719965,12.700000000000001,0.6661789650246535,63359.1727108487,34197.556383360316,0.02217163121103318,0.02217163121103318
EZS39RG_1538,383,4830.064,51.94691718234973,5.7956279112307305,15846,237.22832900719965,12.700000000000001,0.666450800795606,63358.50653188368,34209.87865347645,0.022122186153611865,0.022122186153611865
EZS39RG_1538,384,4842.764,51.945316398682806,5.79791590238982,15888,237.22832900719965,12.700000000000001,0.6667241329799818,63357.84008108288,34222.26874147926,0.022072935834351208,0.022072935834351208
EZS39RG_1538,385,4855.464,51.943715570650824,5.800203730201254,15929,237.22832900719965,12.700000000000001,0.6669921594253798,63357.173356949905,34234.4183941596,0.02202387918348304,0.02202387918348304
EZS39RG_1538,386,4868.164,51.94211469825947,5.8024913946815095,15971,237.22832900719965,12.700000000000001,0.667268453966865,63356.50636479048,34246.942740056904,0.021975015131332782,0.021975015131332782
EZS39RG_1538,387,4880.864,51.94051378151444,5.804778895847062,16013,237.22832900719965,12.700000000000001,0.6675462504820677,63355.83909633652,34259.535158956816,0.021926342608319407,0.021926342608319407
EZS39RG_1538,388,4893.564,51.938912820421415,5.8070662337143855,16055,237.22832900719965,12.700000000000001,0.6678255508482098,63355.17155008604,34272.19573704854,0.021877860544955538,0.021877860544955538
EZS39RG_1538,389,4906.264,51.937311814986074,5.809353408299953,16096,237.22832900719965,12.700000000000001,0.6680994088444172,63354.50372453519,34284.60969173942,0.0218295678718473,0.0218295678718473
EZS39RG_1538,390,4918.964,51.93571076521411,5.811640419620235,16138,237.22832900719965,12.700000000000001,0.6683816863146481,63353.83562512635,34297.40520480587,0.021781463519694497,0.021781463519694497
EZS39RG_1538,391,4931.664,51.93410967111121,5.813927267691703,16179,237.22832900719965,12.700000000000001,0.6686584532662891,63353.16724344003,34309.95100800566,0.021733546419290477,0.021733546419290477
EZS39RG_1538,392,4944.364,51.93250853268305,5.816213952530824,16221,237.22832900719965,12.700000000000001,0.6689437152208417,63352.498584986766,34322.881795252,0.021686058084830664,0.021686058084830664
EZS39RG_1538,393,4957.064,51.93090734993532,5.8185004741540665,16263,237.22832900719965,12.700000000000001,0.6692304903872317,63351.82964127154,34335.8811719328,0.02163941363212277,0.02163941363212277
EZS39RG_1538,394,4969.764,51.92930612287369,5.8207868325778955,16305,237.22832900719965,12.700000000000001,0.6695187806690432,63351.16041078116,34348.94922563494,0.021592943969043966,0.021592943969043966
EZS39RG_1538,395,4982.464,51.92770485150385,5.823073027818776,16346,237.22832900719965,12.700000000000001,0.6698014228071163,63350.49089200049,34361.76133642393,0.021546648201190663,0.021546648201190663
EZS39RG_1538,396,4995.164,51.92610353583147,5.825359059893169,16388,237.22832900719965,12.700000000000001,0.670092712527321,63349.82109057768,34374.96535236547,0.02150052543423757,0.02150052543423757
EZS39RG_1538,397,5007.864,51.924502175862244,5.827644928817538,16429,237.22832900719965,12.700000000000001,0.6703782854572873,63349.15099786515,34387.91031639737,0.021454574773937675,0.021454574773937675
EZS39RG_1538,398,5020.564,51.92290077160184,5.829930634608342,16471,237.22832900719965,12.700000000000001,0.6706725820991863,63348.48061957969,34401.25063928104,0.021408795326122183,0.021408795326122183
EZS39RG_1538,399,5033.264,51.92129932305593,5.8322161772820404,16513,237.22832900719965,12.700000000000001,0.6709684033481376,63347.80994699759,34414.660076402026,0.0213631861967006,0.0213631861967006
EZS39RG_1538,400,5045.964,51.919697830230206,5.83450155685509,16555,237.22832900719965,12.700000000000001,0.6712657511341593,63347.138978594245,34428.13871676602,0.021317746491660697,0.021317746491660697
EZS39RG_1538,401,5058.664,51.918096293130326,5.836786773343947,16596,237.22832900719965,12.700000000000001,0.6715572434953945,63346.467712843114,34441.35202646453,0.021272475317068485,0.021272475317068485
EZS39RG_1538,402,5071.364,51.91649471176197,5.839071826765066,16638,237.22832900719965,12.700000000000001,0.6718576133648442,63345.796155599615,34454.96767297594,0.021227371779068235,0.021227371779068235
EZS39RG_1538,403,5084.064,51.91489308613081,5.841356717134899,16680,237.22832900719965,12.700000000000001,0.672159515541251,63345.12429798625,34468.65278902798,0.0211824349838825,0.0211824349838825
EZS39RG_1538,404,5096.764,51.91329141624252,5.843641444469899,16721,237.22832900719965,12.700000000000001,0.6724554580799875,63344.45213847071,34482.06785459795,0.021137664037812094,0.021137664037812094
EZS39RG_1538,405,5109.464,51.91168970210278,5.845926008786515,16763,237.22832900719965,12.700000000000001,0.6727603937790976,63343.77968301263,34495.890505071475,0.02109305804723606,0.02109305804723606
EZS39RG_1538,406,5122.164,51.91008794371724,5.8482104101011965,16805,237.22832900719965,12.700000000000001,0.673066867594484,63343.106922618856,34509.78289352927,0.02104861611861166,0.02104861611861166
EZS39RG_1538,407,5134.864,51.90848614109158,5.85049464843039,16846,237.22832900719965,12.700000000000001,0.6733672771739114,63342.43385575126,34523.400494205605,0.021004337358474495,0.021004337358474495
EZS39RG_1538,408,5147.564,51.906884294231475,5.852778723790541,16888,237.22832900719965,12.700000000000001,0.6736767960292211,63341.76048847409,34537.43094961486,0.02096022087343837,0.02096022087343837
EZS39RG_1538,409,5160.264,51.905282403142586,5.855062636198095,16930,237.22832900719965,12.700000000000001,0.6739878588495964,63341.086811678055,34551.53141361433,0.020916265770195293,0.020916265770195293
EZS39RG_1538,410,5172.964,51.903680467830576,5.857346385669495,16971,237.22832900719965,12.700000000000001,0.6742927524474367,63340.412823819206,34565.352334907046,0.02087247115551554,0.02087247115551554
EZS39RG_1538,411,5185.664,51.902078488301115,5.859629972221183,17013,237.22832900719965,12.700000000000001,0.674606871902969,63339.73853106676,34579.59140267623,0.020828836136247666,0.020828836136247666
EZS39RG_1538,412,5198.364,51.90047646455987,5.861913395869597,17054,237.22832900719965,12.700000000000001,0.6749147522115846,63339.06392419486,34593.54776077917,0.020785359819318467,0.020785359819318467
EZS39RG_1538,413,5211.064,51.898874396612506,5.864196656631178,17096,237.22832900719965,12.700000000000001,0.6752319360442722,63338.389009442646,34607.92579113294,0.0207420413117329,0.0207420413117329
EZS39RG_1538,414,5223.764,51.89727228446468,5.866479754522362,17138,237.22832900719965,12.700000000000001,0.6755506736617882,63337.7137775066,34622.37428519333,0.0206988797205742,0.0206988797205742
EZS39RG_1538,415,5236.464,51.89567012812205,5.868762689559585,17180,237.22832900719965,12.700000000000001,0.675870967060475,63337.03822683294,34636.893335608336,0.020655874153003864,0.020655874153003864
EZS39RG_1538,416,5249.164,51.894067927590285,5.871045461759281,17221,237.22832900719965,12.700000000000001,0.6761848800870454,63336.36235586588,34651.12328001019,0.02061302371626159,0.02061302371626159
EZS39RG_1538,417,5261.864,51.89246568287505,5.873328071137884,17263,237.22832900719965,12.700000000000001,0.676508253545619,63335.68617098579,34665.78202082676,0.020570327517665327,0.020570327517665327
EZS39RG_1538,418,5274.564,51.890863393981995,5.875610517711825,17305,237.22832900719965,12.700000000000001,0.6768331887527297,63335.00966273225,34680.51159518973,0.020527784664611207,0.020527784664611207
EZS39RG_1538,419,5287.264,51.88926106091678,5.877892801497534,17346,237.22832900719965,12.700000000000001,0.6771516374189148,63334.3328295435,34694.94725486676,0.020485394264573627,0.020485394264573627
EZS39RG_1538,420,5299.964,51.88765868368507,5.88017492251144,17388,237.22832900719965,12.700000000000001,0.6774796645154932,63333.65567790608,34709.81706951085,0.020443496763245406,0.020443496763245406
EZS39RG_1538,421,5312.664,51.886056262292506,5.882456880769969,17430,237.22832900719965,12.700000000000001,0.6778092593675391,63332.97819824156,34724.75799712187,0.02040211844253457,0.02040211844253457
EZS39RG_1538,422,5325.364,51.88445379674476,5.884738676289548,17471,237.22832900719965,12.700000000000001,0.6781322611099558,63332.30038898219,34739.400183164704,0.02036088406043801,0.02036088406043801
EZS39RG_1538,423,5338.064,51.88285128704747,5.8870203090866005,17513,237.22832900719965,12.700000000000001,0.6784649597592338,63331.62225672108,34754.481905356624,0.02031979287187225,0.02031979287187225
EZS39RG_1538,424,5350.764,51.881248733206306,5.889301779177549,17555,237.22832900719965,12.700000000000001,0.6787992322104874,63330.94379176132,34769.635022181814,0.020278844131819084,0.020278844131819084
EZS39RG_1538,425,5363.464,51.87964613522691,5.891583086578815,17596,237.22832900719965,12.700000000000001,0.6791268045805905,63330.264992529104,34784.48455219839,0.020238037095325626,0.020238037095325626
EZS39RG_1538,426,5376.164,51.878043493114944,5.893864231306819,17638,237.22832900719965,12.700000000000001,0.6794641928150384,63329.585865724526,34799.779022358205,0.020197371017504257,0.020197371017504257
EZS39RG_1538,427,5388.864,51.87644080687605,5.896145213377979,17679,237.22832900719965,12.700000000000001,0.679794809717988,63328.90640153171,34814.76667837723,0.020156845153532624,0.020156845153532624
EZS39RG_1538,428,5401.564,51.87483807651587,5.898426032808712,17721,237.22832900719965,12.700000000000001,0.6801353217371398,63328.226606722,34830.20287534327,0.020116458758653703,0.020116458758653703
EZS39RG_1538,429,5414.264,51.87323530204007,5.900706689615433,17763,237.22832900719965,12.700000000000001,0.680477417707197,63327.54647140026,34845.71094065026,0.020076211088175755,0.020076211088175755
EZS39RG_1538,430,5426.964,51.87163248345429,5.902987183814556,17805,237.22832900719965,12.700000000000001,0.6808210996909896,63326.86599398255,34861.29097072921,0.020036101397472278,0.020036101397472278
EZS39RG_1538,431,5439.664,51.87002962076418,5.905267515422494,17846,237.22832900719965,12.700000000000001,0.681157866430417,63326.18517288286,34876.55766784356,0.019996128941982078,0.019996128941982078
EZS39RG_1538,432,5452.364,51.86842671397538,5.9075476844556585,17888,237.22832900719965,12.700000000000001,0.6815046884039326,63325.504015016435,34892.28018226277,0.019956292977209255,0.019956292977209255
EZS39RG_1538,433,5465.064,51.86682376309354,5.909827690930459,17930,237.22832900719965,12.700000000000001,0.6818531025564285,63324.822510328035,34908.07494996107,0.01991659275872314,0.01991659275872314
EZS39RG_1538,434,5477.764,51.86522076812431,5.912107534863302,17971,237.22832900719965,12.700000000000001,0.6821944932669923,63324.14065722548,34923.55148347622,0.019877027542158397,0.019877027542158397
EZS39RG_1538,435,5490.464,51.86361772907332,5.914387216270596,18013,237.22832900719965,12.700000000000001,0.6825460596297503,63323.45846273221,34939.489307835545,0.01983759658321488,0.01983759658321488
EZS39RG_1538,436,5503.164,51.86201464594622,5.916666735168745,18055,237.22832900719965,12.700000000000001,0.6828992243762955,63322.77591667258,34955.49967629631,0.0197982991376578,0.0197982991376578
EZS39RG_1538,437,5515.864,51.86041151874865,5.918946091574153,18096,237.22832900719965,12.700000000000001,0.6832452570687737,63322.093017448206,34971.186890391,0.019759134461317607,0.019759134461317607
EZS39RG_1538,438,5528.564,51.85880834748625,5.921225285503222,18138,237.22832900719965,12.700000000000001,0.6836015863242668,63321.40977219114,34987.340892425345,0.019720101810090016,0.019720101810090016
EZS39RG_1538,439,5541.264,51.857205132164665,5.923504316972353,18180,237.22832900719965,12.700000000000001,0.683959520207897,63320.726170604816,35003.56773171648,0.019681200439935972,0.019681200439935972
EZS39RG_1538,440,5553.964,51.85560187278953,5.925783185997945,18221,237.22832900719965,12.700000000000001,0.6843102130078027,63320.042211084605,35019.46647733969,0.01964242960688175,0.01964242960688175
EZS39RG_1538,441,5566.664,51.853998569366475,5.928061892596396,18263,237.22832900719965,12.700000000000001,0.6846713237771704,63319.3579008716,35035.837531743964,0.01960378856701882,0.01960378856701882
EZS39RG_1538,442,5579.364,51.85239522190115,5.930340436784102,18304,237.22832900719965,12.700000000000001,0.6850251208378126,63318.67322954782,35051.87720227233,0.019565276576503976,0.019565276576503976
EZS39RG_1538,443,5592.064,51.85079183039918,5.932618818577458,18346,237.22832900719965,12.700000000000001,0.6853894167538441,63317.98820442698,35068.39286048675,0.01952689289155924,0.01952689289155924
EZS39RG_1538,444,5604.764,51.849188394866204,5.934897037992857,18388,237.22832900719965,12.700000000000001,0.6857553277759902,63317.30281501023,35084.98184897839,0.019488636768471852,0.019488636768471852
EZS39RG_1538,445,5617.464,51.847584915307856,5.937175095046691,18430,237.22832900719965,12.700000000000001,0.6861228560334951,63316.61705968246,35101.64426810825,0.019450507463594377,0.019450507463594377
EZS39RG_1538,446,5630.164,51.845981391729765,5.93945298975535,18471,237.22832900719965,12.700000000000001,0.6864829238835521,63315.93093682643,35117.96865698575,0.019412504233344587,0.019412504233344587
EZS39RG_1538,447,5642.864,51.844377824137574,5.9417307221352225,18513,237.22832900719965,12.700000000000001,0.6868536540144443,63315.244453902546,35134.77646833122,0.01937462633420556,0.01937462633420556
EZS39RG_1538,448,5655.564,51.8427742125369,5.944008292202696,18555,237.22832900719965,12.700000000000001,0.6872260077434984,63314.55760024853,35151.65801057728,0.019337273253326886,0.019337273253326886
EZS39RG_1538,449,5668.264,51.841170556933385,5.9462856999741565,18596,237.22832900719965,12.700000000000001,0.687590790765106,63313.87037424079,35168.196524973595,0.019296786292699413,0.019296786292699413
EZS39RG_1538,450,5680.964,51.83956685733265,5.948562945465988,18638,237.22832900719965,12.700000000000001,0.6879663589782561,63313.18278345002,35185.224055070146,0.01925343119800626,0.01925343119800626
EZS39RG_1538,451,5693.664,51.83796311374032,5.950840028694573,18680,237.22832900719965,12.700000000000001,0.6883435571917729,63312.49481709104,35202.32561873522,0.019210292518462322,0.019210292518462322
EZS39RG_1538,452,5706.364,51.83635932616203,5.953116949676294,18721,237.22832900719965,12.700000000000001,0.6887130739684568,63311.80647353385,35219.07913720434,0.019167370107895532,0.019167370107895532
EZS39RG_1538,453,5719.064,51.83475549460341,5.955393708427529,18763,237.22832900719965,12.700000000000001,0.6890934993545776,63311.11776045988,35236.327289125744,0.019124663820146257,0.019124663820146257
EZS39RG_1538,454,5731.764,51.83315161907007,5.957670304964657,18805,237.22832900719965,12.700000000000001,0.6894755611826204,63310.42866696052,35253.64977970767,0.019082173509067313,0.019082173509067313
EZS39RG_1538,455,5744.464,51.83154769956765,5.959946739304055,18846,237.22832900719965,12.700000000000001,0.6898498304120773,63309.73919139934,35270.6191878381,0.01903989902852393,0.01903989902852393
EZS39RG_1538,456,5757.164,51.82994373610177,5.962223011462097,18888,237.22832900719965,12.700000000000001,0.6902351321789204,63309.04934156893,35288.08887188995,0.0189978402323938,0.0189978402323938
EZS39RG_1538,457,5769.864,51.828339728678046,5.964499121455157,18929,237.22832900719965,12.700000000000001,0.6906125672983419,63308.35910643675,35305.20211780567,0.01895599697456703,0.01895599697456703
EZS39RG_1538,458,5782.564,51.8267356773021,5.966775069299608,18971,237.22832900719965,12.700000000000001,0.6910011175232051,63307.66849386945,35322.8193998439,0.018914369108946158,0.018914369108946158
EZS39RG_1538,459,5795.264,51.82513158197956,5.96905085501182,19013,237.22832900719965,12.700000000000001,0.6913913149955975,63306.97749275193,35340.511533629506,0.018872956489446167,0.018872956489446167
EZS39RG_1538,460,5807.964,51.823527442716035,5.9713264786081615,19055,237.22832900719965,12.700000000000001,0.6917831619108323,63306.286101436934,35358.278623606966,0.01883175896999447,0.01883175896999447
EZS39RG_1538,461,5820.664,51.82192325951715,5.9736019401050005,19096,237.22832900719965,12.700000000000001,0.6921669925949323,63305.59431827502,35375.68249624517,0.01879077640453096,0.01879077640453096
EZS39RG_1538,462,5833.364,51.82031903238852,5.975877239518703,19138,237.22832900719965,12.700000000000001,0.6925621052139115,63304.902151282426,35393.598004691776,0.018750008647007915,0.018750008647007915
EZS39RG_1538,463,5846.064,51.81871476133576,5.9781523768656335,19180,237.22832900719965,12.700000000000001,0.692958873834955,63304.20958917721,35411.58878180745,0.018709455551390072,0.018709455551390072
EZS39RG_1538,464,5858.764,51.817110446364495,5.980427352162154,19221,237.22832900719965,12.700000000000001,0.6933475137480989,63303.51663030338,35429.21124362456,0.018669116971654607,0.018669116971654607
EZS39RG_1538,465,5871.464,51.81550608748033,5.9827021654246275,19263,237.22832900719965,12.700000000000001,0.6937475610713382,63302.82328278963,35447.35105907013,0.018628992761791106,0.018628992761791106
EZS39RG_1538,466,5884.164,51.81390168468888,5.984976816669413,19305,237.22832900719965,12.700000000000001,0.6941492709949335,63302.12953522856,35465.566458161935,0.018589082775801614,0.018589082775801614
EZS39RG_1538,467,5896.864,51.81229723799576,5.987251305912868,19346,237.22832900719965,12.700000000000001,0.6945427392895447,63301.435385957564,35483.40842343184,0.018549386867700603,0.018549386867700603
EZS39RG_1538,468,5909.564,51.81069274740658,5.98952563317135,19388,237.22832900719965,12.700000000000001,0.6949477409908877,63300.74084321827,35501.77348567252,0.018509904891515005,0.018509904891515005
EZS39RG_1538,469,5922.264,51.80908821292695,5.991799798461213,19430,237.22832900719965,12.700000000000001,0.6953544119298531,63300.04589547728,35520.214449055784,0.01847063670128416,0.01847063670128416
EZS39RG_1538,470,5934.964,51.80748363456249,5.994073801798812,19471,237.22832900719965,12.700000000000001,0.6957527278714379,63299.350541065345,35538.27683936299,0.018431582151059847,0.018431582151059847
EZS39RG_1538,471,5947.664,51.80587901231879,5.996347643200499,19513,237.22832900719965,12.700000000000001,0.6961627037406164,63298.65478833747,35556.86809571076,0.018392741094906264,0.018392741094906264
EZS39RG_1538,472,5960.364,51.80427434620147,5.998621322682624,19554,237.22832900719965,12.700000000000001,0.6965642490902,63297.958625633735,35575.077355118374,0.018354113386900076,0.018354113386900076
EZS39RG_1538,473,5973.064,51.80266963621613,6.000894840261536,19596,237.22832900719965,12.700000000000001,0.6969775386648178,63297.262061384645,35593.81932538725,0.018315698881130382,0.018315698881130382
EZS39RG_1538,474,5985.764,51.80106488236839,6.003168195953582,19638,237.22832900719965,12.700000000000001,0.6973925086073907,63296.56508384598,35612.63773073922,0.018277497431698708,0.018277497431698708
EZS39RG_1538,475,5998.464,51.799460084663835,6.0054413897751076,19680,237.22832900719965,12.700000000000001,0.6978091611786537,63295.86769133737,35631.53267986278,0.018239508892718997,0.018239508892718997
EZS39RG_1538,476,6011.164,51.79785524310808,6.007714421742458,19721,237.22832900719965,12.700000000000001,0.6982172306618042,63295.16988217619,35650.03871453519,0.01762213614123603,0.01762213614123603
EZS39RG_1538,477,6023.864,51.79625035770673,6.009987291871975,19763,237.22832900719965,12.700000000000001,0.6986372146981183,63294.47166494553,35669.08523139979,0.01694160146660895,0.01694160146660895
EZS39RG_1538,478,6036.564,51.79464542846539,6.01226000018,19805,237.22832900719965,12.700000000000001,0.699058888116699,63293.77302773083,35688.20861720816,0.016263138753766372,0.016263138753766372
EZS39RG_1538,479,6049.264,51.793040455389644,6.014532546682873,19846,237.22832900719965,12.700000000000001,0.699471863718838,63293.07396884271,35706.93788610445,0.015586732946957692,0.015586732946957692
EZS39RG_1538,480,6061.964,51.7914354384851,6.016804931396931,19888,237.22832900719965,12.700000000000001,0.6998968819843889,63292.37449697899,35726.21348469339,0.014912368991759715,0.014912368991759715
EZS39RG_1538,481,6074.664,51.78983037775737,6.01907715433851,19930,237.22832900719965,12.700000000000001,0.7003235964243149,63291.67460009701,35745.566279996805,0.014240031835076836,0.014240031835076836
EZS39RG_1538,482,6087.364,51.788225273212035,6.021349215523946,19971,237.22832900719965,12.700000000000001,0.7007414978601572,63290.97427650059,35764.51973451584,0.01356970642514089,0.01356970642514089
EZS39RG_1538,483,6100.064,51.78662012485469,6.023621114969571,20013,237.22832900719965,12.700000000000001,0.7011715706049713,63290.27353500273,35784.02539279315,0.012901377711511121,0.012901377711511121
EZS39RG_1538,484,6112.764,51.78501493269095,6.025892852691717,20055,237.22832900719965,12.700000000000001,0.7016033463546696,63289.572363432126,35803.60857817438,0.01223503064507433,0.01223503064507433
EZS39RG_1538,485,6125.464,51.783409696726395,6.028164428706714,20096,237.22832900719965,12.700000000000001,0.7020261934503265,63288.870760085774,35822.78717731413,0.011570650178044498,0.011570650178044498
EZS39RG_1538,486,6138.164,51.78180441696662,6.03043584303089,20138,237.22832900719965,12.700000000000001,0.7024613410385567,63288.16873389232,35842.52388105661,0.010908221263962983,0.010908221263962983
EZS39RG_1538,487,6150.864,51.780199093417224,6.032707095680572,20179,237.22832900719965,12.700000000000001,0.7028874829273846,63287.46627255128,35861.85250370446,0.010247728857698413,0.010247728857698413
EZS39RG_1538,488,6163.564,51.77859372608379,6.0349781866720855,20221,237.22832900719965,12.700000000000001,0.7033260113817701,63286.763385068356,35881.7431638535,0.0095891579154466,0.0095891579154466
EZS39RG_1538,489,6176.264,51.776988314971916,6.037249116021753,20263,237.22832900719965,12.700000000000001,0.7037662542915228,63286.060059056974,35901.71190672357,0.008932493394730685,0.008932493394730685
EZS39RG_1538,490,6188.964,51.77538286008719,6.039519883745898,20305,237.22832900719965,12.700000000000001,0.7042082139817991,63285.35629280268,35921.75884541471,0.008277720254400824,0.008277720254400824
EZS39RG_1538,491,6201.664,51.7737773614352,6.04179048986084,20346,237.22832900719965,12.700000000000001,0.7046410123191535,63284.6520845887,35941.390641494705,0.007624823454634317,0.007624823454634317
EZS39RG_1538,492,6214.364,51.77217181902154,6.044060934382896,20388,237.22832900719965,12.700000000000001,0.7050863711412472,63283.94744357638,35961.59242506628,0.006973787956935542,0.006973787956935542
EZS39RG_1538,493,6227.064,51.770566232851785,6.046331217328386,20430,237.22832900719965,12.700000000000001,0.7055334536886797,63283.242357205236,35981.872742827974,0.00632459872413584,0.00632459872413584
EZS39RG_1538,494,6239.764,51.76896060293153,6.048601338713623,20471,237.22832900719965,12.700000000000001,0.7059712578282702,63282.53682375155,36001.73260671253,0.005677240720393678,0.005677240720393678
EZS39RG_1538,495,6252.464,51.767354929266354,6.050871298554922,20513,237.22832900719965,12.700000000000001,0.7064217532665205,63281.830852493724,36022.16844056864,0.00503169891119433,0.00503169891119433
EZS39RG_1538,496,6265.164,51.765749211861845,6.053141096868595,20554,237.22832900719965,12.700000000000001,0.7068628923137603,63281.124430740456,36042.18028170636,0.004387958263350007,0.004387958263350007
EZS39RG_1538,497,6277.864,51.76414345072359,6.055410733670953,20596,237.22832900719965,12.700000000000001,0.7073168098195419,63280.41756784814,36062.77208027896,0.003746003744999783,0.003746003744999783
EZS39RG_1538,498,6290.564,51.76253764585716,6.057680208978304,20638,237.22832900719965,12.700000000000001,0.7077724626902553,63279.71025103832,36083.44298207508,0.003105820325609493,0.003105820325609493
EZS39RG_1538,499,6303.264,51.76093179726814,6.059949522806956,20680,237.22832900719965,12.700000000000001,0.708229853289071,63279.00247857563,36104.19310292535,0.002467392975971894,0.002467392975971894
EZS39RG_1538,500,6315.964,51.75932590496212,6.062218675173215,20721,237.22832900719965,12.700000000000001,0.7086777299442268,63278.29424872234,36124.51208030874,0.0018307066682063256,0.0018307066682063256
EZS39RG_1538,501,6328.664,51.75771996894466,6.064487666093384,20763,237.22832900719965,12.700000000000001,0.7091385611748311,63277.5855709924,36145.41907579843,0.0011957463757588658,0.0011957463757588658
EZS39RG_1538,502,6341.364,51.756113989221355,6.066756495583766,20804,237.22832900719965,12.700000000000001,0.7095897998434431,63276.87643243122,36165.89135905817,0.0005624970734022381,0.0005624970734022381
EZS39RG_1538,503,6354.064,51.75450796579777,6.069025163660661,20846,237.22832900719965,12.700000000000001,0.7100540809807454,63276.16684263138,36186.9556849993,0.0,0.0
EZS39RG_1538,504,6366.764,51.75290189867949,6.071293670340369,20888,237.22832900719965,12.700000000000001,0.7105201116103004,63275.45678855039,36208.099808148305,0.0,0.0
EZS39RG_1538,505,6379.464,51.75129578787208,6.073562015639186,20930,237.22832900719965,12.700000000000001,0.7109878941202976,63274.74626843878,36229.32384619206,0.0,0.0
EZS39RG_1538,506,6392.164,51.74968963338112,6.075830199573409,20971,237.22832900719965,12.700000000000001,0.71144592522954,63274.03528054466,36250.10596055982,0.0,0.0
EZS39RG_1538,507,6404.864,51.74808343521217,6.078098222159332,21013,237.22832900719965,12.700000000000001,0.7119171764070114,63273.323834619434,36271.48825355922,0.0,0.0
EZS39RG_1538,508,6417.564,51.74647719337082,6.080366083413246,21055,237.22832900719965,12.700000000000001,0.7123901865966695,63272.61191744303,36292.95081354388,0.0,0.0
EZS39RG_1538,509,6430.264,51.744870907862634,6.082633783351443,21096,237.22832900719965,12.700000000000001,0.7128533259290659,63271.89952725643,36313.966025306916,0.0,0.0
EZS39RG_1538,510,6442.964,51.74326457869318,6.084901321990212,21138,237.22832900719965,12.700000000000001,0.7133298189135129,63271.1866739305,36335.58753867666,0.0,0.0
EZS39RG_1538,511,6455.664,51.74165820586803,6.087168699345839,21179,237.22832900719965,12.700000000000001,0.7137963614547143,63270.47334411158,36356.75808926545,0.0,0.0
EZS39RG_1538,512,6468.364,51.740051789392744,6.089435915434612,21221,237.22832900719965,12.700000000000001,0.71427634665408,63269.75954775013,36378.53902283051,0.0,0.0
EZS39RG_1538,513,6481.064,51.73844532927289,6.091702970272812,21263,237.22832900719965,12.700000000000001,0.7147581028139867,63269.04527140348,36400.400815485584,0.0,0.0
EZS39RG_1538,514,6493.764,51.73683882551404,6.0939698638767235,21305,237.22832900719965,12.700000000000001,0.7152416323595923,63268.330513300665,36422.3435877571,0.0,0.0
EZS39RG_1538,515,6506.464,51.73523227812176,6.096236596262626,21346,237.22832900719965,12.700000000000001,0.7157150506640526,63267.61527166831,36443.828092902455,0.0,0.0
EZS39RG_1538,516,6519.164,51.7336256871016,6.0985031674467995,21388,237.22832900719965,12.700000000000001,0.7162020914757301,63266.899556617645,36465.93123217832,0.0,0.0
EZS39RG_1538,517,6531.864,51.73201905245913,6.1007695774455195,21429,237.22832900719965,12.700000000000001,0.7166789408052654,63266.18335452617,36487.57245861757,0.0,0.0
EZS39RG_1538,518,6544.564,51.730412374199915,6.103035826275063,21471,237.22832900719965,12.700000000000001,0.717169502398399,63265.46667558536,36509.836439185354,0.0,0.0
EZS39RG_1538,519,6557.264,51.72880565232951,6.105301913951703,21513,237.22832900719965,12.700000000000001,0.7176618494464109,63264.74950608296,36532.18200095917,0.0,0.0
EZS39RG_1538,520,6569.964,51.72719888685348,6.107567840491711,21555,237.22832900719965,12.700000000000001,0.7181559843986831,63264.03184423351,36554.60926639599,0.0,0.0
EZS39RG_1538,521,6582.664,51.72559207777737,6.1098336059113585,21596,237.22832900719965,12.700000000000001,0.7186397657449093,63263.313688249116,36576.567251460154,0.0,0.0
EZS39RG_1538,522,6595.364,51.72398522510675,6.112099210226913,21638,237.22832900719965,12.700000000000001,0.7191374407200803,63262.595048483374,36599.156320162554,0.0,0.0
EZS39RG_1538,523,6608.064,51.72237832884717,6.1143646534546425,21680,237.22832900719965,12.700000000000001,0.7196369109125247,63261.875911042654,36621.82745888849,0.0,0.0
EZS39RG_1538,524,6620.764,51.720771389004184,6.116629935610812,21721,237.22832900719965,12.700000000000001,0.7201259055661648,63261.15627413174,36644.023774763074,0.0,0.0
EZS39RG_1538,525,6633.464,51.71916440558335,6.1188950567116835,21763,237.22832900719965,12.700000000000001,0.7206289302656592,63260.436148226174,36666.85744348796,0.0,0.0
EZS39RG_1538,526,6646.164,51.717557378590215,6.121160016773519,21804,237.22832900719965,12.700000000000001,0.7211213981880316,63259.71551929591,36689.212595974146,0.0,0.0
EZS39RG_1538,527,6658.864,51.71595030803033,6.123424815812579,21846,237.22832900719965,12.700000000000001,0.7216279870501812,63258.994397897724,36712.2092804245,0.0,0.0
EZS39RG_1538,528,6671.564,51.71434319390925,6.125689453845123,21888,237.22832900719965,12.700000000000001,0.7221363833766492,63258.272769910676,36735.2886509982,0.0,0.0
EZS39RG_1538,529,6684.264,51.71273603623253,6.127953930887405,21930,237.22832900719965,12.700000000000001,0.7226465896524437,63257.5506335273,36758.4508331057,0.0,0.0
EZS39RG_1538,530,6696.964,51.7111288350057,6.130218246955681,21971,237.22832900719965,12.700000000000001,0.7231460750084826,63256.82798693765,36781.12703472504,0.0,0.0
EZS39RG_1538,531,6709.664,51.70952159023433,6.132482402066203,22013,237.22832900719965,12.700000000000001,0.7236598649682027,63256.10484086264,36804.45321773143,0.0,0.0
EZS39RG_1538,532,6722.364,51.70791430192396,6.134746396235223,22054,237.22832900719965,12.700000000000001,0.724162852095154,63255.38118099767,36827.28969443258,0.0,0.0
EZS39RG_1538,533,6735.064,51.70630697008012,6.13701022947899,22096,237.22832900719965,12.700000000000001,0.7246802354859154,63254.657018145575,36850.78037184229,0.0,0.0
EZS39RG_1538,534,6747.764,51.704699594708366,6.139273901813751,22138,237.22832900719965,12.700000000000001,0.7251994411891236,63253.93233791009,36874.354486751705,0.0,0.0
EZS39RG_1538,535,6760.464,51.70309217581424,6.141537413255753,22180,237.22832900719965,12.700000000000001,0.7257204717130088,63253.2071384689,36898.0121665795,0.0,0.0
EZS39RG_1538,536,6773.164,51.70148471340329,6.143800763821239,22221,237.22832900719965,12.700000000000001,0.7262305338959658,63252.48141799719,36921.17261006822,0.0,0.0
EZS39RG_1538,537,6785.864,51.699877207481045,6.146063953526451,22263,237.22832900719965,12.700000000000001,0.7267551775545686,63251.75518746329,36944.99578524762,0.0,0.0
EZS39RG_1538,538,6798.564,51.69826965805305,6.148326982387631,22305,237.22832900719965,12.700000000000001,0.7272816535209305,63251.02843228574,36968.90290654958,0.0,0.0
EZS39RG_1538,539,6811.264,51.69666206512484,6.1505898504210155,22346,237.22832900719965,12.700000000000001,0.7277970366633608,63250.30115063222,36992.30712626032,0.0,0.0
EZS39RG_1538,540,6823.964,51.69505442870196,6.152852557642842,22388,237.22832900719965,12.700000000000001,0.72832714059088,63249.57335359556,37016.38049908964,0.0,0.0
EZS39RG_1538,541,6836.664,51.69344674878994,6.155115104069346,22429,237.22832900719965,12.700000000000001,0.7288460687547862,63248.84502645497,37039.94719487736,0.0,0.0
EZS39RG_1538,542,6849.364,51.691839025394316,6.157377489716761,22471,237.22832900719965,12.700000000000001,0.7293798105245177,63248.11618038621,37064.187324638355,0.0,0.0
EZS39RG_1538,543,6862.064,51.690231258520626,6.159639714601318,22513,237.22832900719965,12.700000000000001,0.7299153971350323,63247.38680057569,37088.51204158303,0.0,0.0
EZS39RG_1538,544,6874.764,51.688623448174404,6.161901778739246,22555,237.22832900719965,12.700000000000001,0.7304528311285061,63246.656885178556,37112.92147620272,0.0,0.0
EZS39RG_1538,545,6887.464,51.68701559436118,6.164163682146773,22596,237.22832900719965,12.700000000000001,0.7309789217725917,63245.92643234743,37136.816603065534,0.0,0.0
EZS39RG_1538,546,6900.164,51.68540769708648,6.166425424840125,22638,237.22832900719965,12.700000000000001,0.7315200135785913,63245.19545342565,37161.39381970117,0.0,0.0
EZS39RG_1538,547,6912.864,51.683799756355846,6.168687006835526,22679,237.22832900719965,12.700000000000001,0.7320496784014066,63244.46393341207,37185.452919369476,0.0,0.0
EZS39RG_1538,548,6925.564,51.6821917721748,6.170948428149199,22721,237.22832900719965,12.700000000000001,0.7325944379878426,63243.73188373367,37210.19843151759,0.0,0.0
EZS39RG_1538,549,6938.264,51.680583744548855,6.173209688797363,22763,237.22832900719965,12.700000000000001,0.733141057600434,63242.99928929569,37235.029312666746,0.0,0.0
EZS39RG_1538,550,6950.964,51.678975673483556,6.175470788796237,22805,237.22832900719965,12.700000000000001,0.7336895398033356,63242.266148238086,37259.94569539775,0.0,0.0
EZS39RG_1538,551,6963.664,51.67736755898442,6.177731728162038,22846,237.22832900719965,12.700000000000001,0.7342264260328109,63241.53245869828,37284.3362619635,0.0,0.0
EZS39RG_1538,552,6976.364,51.67575940105698,6.17999250691098,22888,237.22832900719965,12.700000000000001,0.7347785961591082,63240.79823227225,37309.42198170448,0.0,0.0
EZS39RG_1538,553,6989.064,51.67415119970675,6.182253125059277,22930,237.22832900719965,12.700000000000001,0.735332636527932,63240.06345367609,37334.59359967545,0.0,0.0
EZS39RG_1538,554,7001.764,51.67254295493925,6.184513582623139,22971,237.22832900719965,12.700000000000001,0.7358749538171405,63239.328121039565,37359.23360841938,0.0,0.0
EZS39RG_1538,555,7014.464,51.67093466676001,6.186773879618776,23013,237.22832900719965,12.700000000000001,0.7364326972600557,63238.59224608575,37384.575350209445,0.0,0.0
EZS39RG_1538,556,7027.164,51.669326335174546,6.189034016062394,23054,237.22832900719965,12.700000000000001,0.7369786329340289,63237.85581338849,37409.38162189328,0.0,0.0
EZS39RG_1538,557,7039.864,51.66771796018838,6.191293991970198,23096,237.22832900719965,12.700000000000001,0.7375400895451558,63237.11883475555,37434.89401338136,0.0,0.0
EZS39RG_1538,558,7052.564,51.66610954180702,6.193553807358394,23138,237.22832900719965,12.700000000000001,0.7381034292021011,63236.381294666004,37460.492970132625,0.0,0.0
EZS39RG_1538,559,7065.264,51.66450108003598,6.195813462243182,23180,237.22832900719965,12.700000000000001,0.7386686545009069,63235.6431912368,37486.17862792525,0.0,0.0
EZS39RG_1538,560,7077.964,51.66289257488079,6.198072956640761,23221,237.22832900719965,12.700000000000001,0.7392219009050689,63234.9045225823,37511.32101160334,0.0,0.0
EZS39RG_1538,561,7090.664,51.661284026346955,6.20033229056733,23263,237.22832900719965,12.700000000000001,0.7397908597654939,63234.165300681394,37537.178385706946,0.0,0.0
EZS39RG_1538,562,7103.364,51.65967543443999,6.202591464039084,23304,237.22832900719965,12.700000000000001,0.7403477543287964,63233.42550982163,37562.48858967246,0.0,0.0
EZS39RG_1538,563,7116.064,51.658066799165404,6.204850477072216,23346,237.22832900719965,12.700000000000001,0.7409204569261305,63232.685162067304,37588.51821438714,0.0,0.0
EZS39RG_1538,564,7128.764,51.65645812052871,6.207109329682919,23388,237.22832900719965,12.700000000000001,0.7414950580715813,63231.94424161038,37614.635217858675,0.0,0.0
EZS39RG_1538,565,7141.464,51.65484939853542,6.209368021887383,23430,237.22832900719965,12.700000000000001,0.7420715603816583,63231.202746552306,37640.839738039875,0.0,0.0
EZS39RG_1538,566,7154.164,51.65324063319103,6.211626553701796,23471,237.22832900719965,12.700000000000001,0.7426358258263168,63230.460674991926,37666.48921278393,0.0,0.0
EZS39RG_1538,567,7166.864,51.65163182450106,6.213884925142344,23513,237.22832900719965,12.700000000000001,0.7432160924274693,63229.7180391661,37692.867067270374,0.0,0.0
EZS39RG_1538,568,7179.564,51.65002297247101,6.216143136225211,23555,237.22832900719965,12.700000000000001,0.743798267999686,63228.97482307367,37719.33285118663,0.0,0.0
EZS39RG_1538,569,7192.264,51.64841407710638,6.218401186966579,23596,237.22832900719965,12.700000000000001,0.7443680769056729,63228.231024805675,37745.23766355366,0.0,0.0
EZS39RG_1538,570,7204.964,51.64680513841268,6.220659077382628,23638,237.22832900719965,12.700000000000001,0.744954032221939,63227.48665672877,37771.877600464046,0.0,0.0
EZS39RG_1538,571,7217.664,51.645196156395414,6.222916807489536,23679,237.22832900719965,12.700000000000001,0.7455275343857721,63226.74170269655,37797.95261601458,0.0,0.0
EZS39RG_1538,572,7230.364,51.64358713106007,6.22517437730348,23721,237.22832900719965,12.700000000000001,0.7461172797382121,63225.99617516216,37824.76725310647,0.0,0.0
EZS39RG_1538,573,7243.064,51.641978062412164,6.227431786840634,23763,237.22832900719965,12.700000000000001,0.7467089471161739,63225.25005788242,37851.6705136912,0.0,0.0
EZS39RG_1538,574,7255.764,51.64036895045719,6.229689036117169,23805,237.22832900719965,12.700000000000001,0.7473025391655614,63224.5033489353,37878.66253904949,0.0,0.0
EZS39RG_1538,575,7268.464,51.638759795200635,6.231946125149257,23846,237.22832900719965,12.700000000000001,0.7478835033023381,63223.756046396134,37905.081658641335,0.0,0.0
EZS39RG_1538,576,7281.164,51.637150596648006,6.234203053953064,23888,237.22832900719965,12.700000000000001,0.7484809061729327,63223.00816289283,37932.24949401601,0.0,0.0
EZS39RG_1538,577,7293.864,51.6355413548048,6.2364598225447585,23929,237.22832900719965,12.700000000000001,0.7490655939130355,63222.25968198666,37958.8404372284,0.0,0.0
EZS39RG_1538,578,7306.564,51.633932069676504,6.238716430940503,23971,237.22832900719965,12.700000000000001,0.7496668179712807,63221.51061639275,37986.18463857233,0.0,0.0
EZS39RG_1538,579,7319.264,51.63232274126861,6.24097287915646,24013,237.22832900719965,12.700000000000001,0.7502699798496832,63220.760949574775,38013.61830987204,0.0,0.0
EZS39RG_1538,580,7331.964,51.630713369586616,6.2432291672087885,24055,237.22832900719965,12.700000000000001,0.7508750822127959,63220.010679594925,38041.1415946719,0.0,0.0
EZS39RG_1538,581,7344.664,51.62910395463601,6.245485295113648,24096,237.22832900719965,12.700000000000001,0.7514672932056095,63219.25980451271,38068.07992868941,0.0,0.0
EZS39RG_1538,582,7357.364,51.62749449642227,6.247741262887193,24138,237.22832900719965,12.700000000000001,0.752076237687872,63218.5083372195,38095.78070707391,0.0,0.0
EZS39RG_1538,583,7370.064,51.6258849949509,6.249997070545579,24180,237.22832900719965,12.700000000000001,0.7526871306023581,63217.75626098181,38123.57152840804,0.0,0.0
EZS39RG_1538,584,7382.764,51.62427545022738,6.252252718104955,24221,237.22832900719965,12.700000000000001,0.7532849995816804,63217.00357385121,38150.77133434282,0.0,0.0
EZS39RG_1538,585,7395.464,51.622665862257186,6.254508205581474,24263,237.22832900719965,12.700000000000001,0.75389975034412,63216.250288851625,38178.74050113485,0.0,0.0
EZS39RG_1538,586,7408.164,51.62105623104581,6.256763532991282,24304,237.22832900719965,12.700000000000001,0.7545013888424721,63215.49638910128,38206.11461013954,0.0,0.0
EZS39RG_1538,587,7420.864,51.61944655659874,6.2590187003505235,24346,237.22832900719965,12.700000000000001,0.7551200079249039,63214.74188771244,38234.2626917581,0.0,0.0
EZS39RG_1538,588,7433.564,51.61783683892145,6.261273707675342,24388,237.22832900719965,12.700000000000001,0.7557405887222401,63213.98676770451,38262.50153852661,0.0,0.0
EZS39RG_1538,589,7446.264,51.61622707801942,6.26352855498188,24430,237.22832900719965,12.700000000000001,0.7563631339254471,63213.23102711579,38290.831297454046,0.0,0.0
EZS39RG_1538,590,7458.964,51.61461727389813,6.265783242286276,24471,237.22832900719965,12.700000000000001,0.7569723883783128,63212.47466398186,38318.557826393306,0.0,0.0
EZS39RG_1538,591,7471.664,51.613007426563065,6.268037769604667,24513,237.22832900719965,12.700000000000001,0.7575988230404549,63211.71769159348,38347.06765497665,0.0,0.0
EZS39RG_1538,592,7484.364,51.61139753601969,6.270292136953187,24554,237.22832900719965,12.700000000000001,0.7582118778737934,63210.960092770445,38374.97017309873,0.0,0.0
EZS39RG_1538,593,7497.064,51.609787602273485,6.27254634434797,24596,237.22832900719965,12.700000000000001,0.7588422125330572,63210.20188089257,38403.66064983264,0.0,0.0
EZS39RG_1538,594,7509.764,51.60817762532992,6.274800391805146,24638,237.22832900719965,12.700000000000001,0.7594745249647814,63209.44303868004,38432.44277250232,0.0,0.0
EZS39RG_1538,595,7522.464,51.60656760519448,6.277054279340842,24680,237.22832900719965,12.700000000000001,0.760108817876413,63208.68356415507,38461.31669047356,0.0,0.0
EZS39RG_1538,596,7535.164,51.60495754187262,6.279308006971186,24721,237.22832900719965,12.700000000000001,0.7607295509577217,63207.92345533719,38489.57504852648,0.0,0.0
EZS39RG_1538,597,7547.864,51.60334743536982,6.281561574712301,24763,237.22832900719965,12.700000000000001,0.7613677651348714,63207.162725786235,38518.63078799044,0.0,0.0
EZS39RG_1538,598,7560.564,51.60173728569155,6.283814982580308,24805,237.22832900719965,12.700000000000001,0.7620079678648475,63206.4013580211,38547.778769623175,0.0,0.0
EZS39RG_1538,599,7573.264,51.600127092843266,6.2860682305913285,24846,237.22832900719965,12.700000000000001,0.762634475368724,63205.639350053236,38576.304982536836,0.0,0.0
EZS39RG_1538,600,7585.964,51.59851685683044,6.288321318761478,24888,237.22832900719965,12.700000000000001,0.7632786153373494,63204.87671557787,38605.63567208591,0.0,0.0
EZS39RG_1538,601,7598.664,51.596906577658544,6.290574247106873,24929,237.22832900719965,12.700000000000001,0.7639089698641688,63204.11343696253,38634.340454154844,0.0,0.0
EZS39RG_1538,602,7611.364,51.59529625533303,6.292827015643625,24971,237.22832900719965,12.700000000000001,0.7645570577018796,63203.349527992665,38663.854444084034,0.0,0.0
EZS39RG_1538,603,7624.064,51.59368588985937,6.295079624387845,25013,237.22832900719965,12.700000000000001,0.765207147576032,63202.584970934964,38693.46142767912,0.0,0.0
EZS39RG_1538,604,7636.764,51.59207548124302,6.2973320733556415,25055,237.22832900719965,12.700000000000001,0.7658592422169526,63201.81976378739,38723.161557913605,0.0,0.0
EZS39RG_1538,605,7649.464,51.590465029489444,6.299584362563121,25096,237.22832900719965,12.700000000000001,0.7664973691158936,63201.05390454517,38752.22741297271,0.0,0.0
EZS39RG_1538,606,7662.164,51.58885453460409,6.301836492026387,25138,237.22832900719965,12.700000000000001,0.7671534330739778,63200.28740717606,38782.1120452675,0.0,0.0
EZS39RG_1538,607,7674.864,51.58724399659242,6.304088461761541,25179,237.22832900719965,12.700000000000001,0.7677954383078085,63199.52025374299,38811.35822397893,0.0,0.0
EZS39RG_1538,608,7687.564,51.585633415459895,6.306340271784682,25221,237.22832900719965,12.700000000000001,0.7684554822699763,63198.752458304676,38841.42796030136,0.0,0.0
EZS39RG_1538,609,7700.264,51.584022791211964,6.308591922111908,25263,237.22832900719965,12.700000000000001,0.7691175445541809,63197.984002822406,38871.59160681589,0.0,0.0
EZS39RG_1538,610,7712.964,51.58241212385408,6.310843412759311,25305,237.22832900719965,12.700000000000001,0.7697816279046747,63197.214885277856,38901.84931895053,0.0,0.0
EZS39RG_1538,611,7725.664,51.58080141339169,6.313094743742986,25346,237.22832900719965,12.700000000000001,0.7704314686815876,63196.44510364995,38931.46012938188,0.0,0.0
EZS39RG_1538,612,7738.364,51.579190659830246,6.315345915079021,25388,237.22832900719965,12.700000000000001,0.7710995535936056,63195.674672181274,38961.90416650395,0.0,0.0
EZS39RG_1538,613,7751.064,51.5775798631752,6.317596926783504,25430,237.22832900719965,12.700000000000001,0.7717696677517087,63194.90357262768,38992.442734251985,0.0,0.0
EZS39RG_1538,614,7763.764,51.575969023432,6.319847778872521,25471,237.22832900719965,12.700000000000001,0.7724254010459228,63194.13180295993,39022.32804139914,0.0,0.0
EZS39RG_1538,615,7776.464,51.574358140606094,6.322098471362154,25513,237.22832900719965,12.700000000000001,0.7730995329457984,63193.35937755888,39053.05385653934,0.0,0.0
EZS39RG_1538,616,7789.164,51.572747214702915,6.324349004268484,25554,237.22832900719965,12.700000000000001,0.7737591918374593,63192.586278025934,39083.12217199205,0.0,0.0
EZS39RG_1538,617,7801.864,51.571136245727914,6.326599377607589,25596,237.22832900719965,12.700000000000001,0.7744373522425594,63191.8125188341,39114.03585104072,0.0,0.0
EZS39RG_1538,618,7814.564,51.569525233686534,6.328849591395543,25638,237.22832900719965,12.700000000000001,0.775117555546097,63191.038081481856,39145.04484272372,0.0,0.0
EZS39RG_1538,619,7827.264,51.56791417858421,6.331099645648422,25680,237.22832900719965,12.700000000000001,0.7757998045110472,63190.26296392631,39176.14930622671,0.0,0.0
EZS39RG_1538,620,7839.964,51.56630308042639,6.333349540382295,25721,237.22832900719965,12.700000000000001,0.77646739427051,63189.4871641218,39206.58769883377,0.0,0.0
EZS39RG_1538,621,7852.664,51.5646919392185,6.33559927561323,25763,237.22832900719965,12.700000000000001,0.7771536934451424,63188.710696727525,39237.88127672042,0.0,0.0
EZS39RG_1538,622,7865.364,51.56308075496598,6.337848851357294,25804,237.22832900719965,12.700000000000001,0.777825240487394,63187.93354303408,39268.50450335108,0.0,0.0
EZS39RG_1538,623,7878.064,51.56146952767427,6.34009826763055,25846,237.22832900719965,12.700000000000001,0.7785156006803016,63187.15571779359,39299.987822036914,0.0,0.0
EZS39RG_1538,624,7890.764,51.55985825734879,6.342347524449059,25888,237.22832900719965,12.700000000000001,0.7792080202442373,63186.37720219291,39331.567407108574,0.0,0.0
EZS39RG_1538,625,7903.464,51.55824694399499,6.344596621828878,25930,237.22832900719965,12.700000000000001,0.7799025019531016,63185.59799417267,39363.243420308485,0.0,0.0
EZS39RG_1538,626,7916.164,51.55663558761828,6.346845559786065,25971,237.22832900719965,12.700000000000001,0.7805820437514248,63184.81809167071,39394.24042731927,0.0,0.0
EZS39RG_1538,627,7928.864,51.5550241882241,6.349094338336672,26013,237.22832900719965,12.700000000000001,0.7812806082688264,63184.03750962696,39426.10745187665,0.0,0.0
EZS39RG_1538,628,7941.564,51.55341274581788,6.351342957496749,26055,237.22832900719965,12.700000000000001,0.7819812431960835,63183.2562290187,39458.07138846208,0.0,0.0
EZS39RG_1538,629,7954.264,51.55180126040504,6.353591417282346,26096,237.22832900719965,12.700000000000001,0.782666796968315,63182.4742477755,39489.34980370547,0.0,0.0
EZS39RG_1538,630,7966.964,51.55018973199101,6.355839717709508,26138,237.22832900719965,12.700000000000001,0.78337153104782,63181.69158097853,39521.5057115331,0.0,0.0
EZS39RG_1538,631,7979.664,51.54857816058121,6.358087858794278,26179,237.22832900719965,12.700000000000001,0.7840610898602483,63180.90820944748,39552.97175448983,0.0,0.0
EZS39RG_1538,632,7992.364,51.546966546181054,6.360335840552696,26221,237.22832900719965,12.700000000000001,0.784769933958724,63180.124148357616,39585.320275131446,0.0,0.0
EZS39RG_1538,633,8005.064,51.54535488879597,6.362583663000801,26263,237.22832900719965,12.700000000000001,0.7854808622504164,63179.339378423654,39617.76652159332,0.0,0.0
EZS39RG_1538,634,8017.764,51.54374318843137,6.364831326154627,26305,237.22832900719965,12.700000000000001,0.7861938775230872,63178.5538975614,39650.31065953262,0.0,0.0
EZS39RG_1538,635,8030.464,51.54213144509268,6.367078830030208,26346,237.22832900719965,12.700000000000001,0.7868915273568464,63177.76770368388,39682.15614952722,0.0,0.0
EZS39RG_1538,636,8043.164,51.5405196587853,6.369326174643573,26388,237.22832900719965,12.700000000000001,0.7876086745475839,63176.98081215652,39714.89420158808,0.0,0.0
EZS39RG_1538,637,8055.864,51.538907829514656,6.37157336001075,26429,237.22832900719965,12.700000000000001,0.7883103613900373,63176.19320348198,39746.929219207595,0.0,0.0
EZS39RG_1538,638,8068.564,51.537295957286155,6.373820386147763,26471,237.22832900719965,12.700000000000001,0.7890316513974636,63175.40489312058,39779.86183727556,0.0,0.0
EZS39RG_1538,639,8081.264,51.53568404210521,6.376067253070634,26513,237.22832900719965,12.700000000000001,0.7897550422096977,63174.61586146919,39812.89317369654,0.0,0.0
EZS39RG_1538,640,8093.964,51.53407208397723,6.378313960795382,26555,237.22832900719965,12.700000000000001,0.7904805366219338,63173.826106426975,39846.02339679171,0.0,0.0
EZS39RG_1538,641,8106.664,51.53246008290762,6.380560509338024,26596,237.22832900719965,12.700000000000001,0.7911903789040373,63173.035625890356,39878.44171520936,0.0,0.0
EZS39RG_1538,642,8119.364,51.53084803890179,6.382806898714573,26638,237.22832900719965,12.700000000000001,0.791920038090399,63172.24443551145,39911.76782654445,0.0,0.0
EZS39RG_1538,643,8132.064,51.52923595196514,6.385053128941041,26680,237.22832900719965,12.700000000000001,0.7926518092014416,63171.45251547336,39945.19332813897,0.0,0.0
EZS39RG_1538,644,8144.764,51.527623822103074,6.387299200033436,26721,237.22832900719965,12.700000000000001,0.7933677839288731,63170.65986366416,39977.90024723224,0.0,0.0
EZS39RG_1538,645,8157.464,51.52601164932099,6.389545112007761,26763,237.22832900719965,12.700000000000001,0.7941037362703072,63169.866495880226,40011.52263600236,0.0,0.0
EZS39RG_1538,646,8170.164,51.524399433624296,6.391790864880021,26804,237.22832900719965,12.700000000000001,0.7948237961125495,63169.07239214396,40044.42199001152,0.0,0.0
EZS39RG_1538,647,8182.864,51.52278717501838,6.394036458666215,26846,237.22832900719965,12.700000000000001,0.7955639406197099,63168.27756834785,40078.24193363566,0.0,0.0
EZS39RG_1538,648,8195.564,51.52117487350864,6.39628189338234,26888,237.22832900719965,12.700000000000001,0.7963062109219614,63167.482004407226,40112.16211442899,0.0,0.0
EZS39RG_1538,649,8208.264,51.519562529100476,6.39852716904439,26929,237.22832900719965,12.700000000000001,0.7970324434589775,63166.68569819631,40145.35252703306,0.0,0.0
EZS39RG_1538,650,8220.964,51.517950141799275,6.400772285668355,26971,237.22832900719965,12.700000000000001,0.7977789224080125,63165.88866575285,40179.47127497341,0.0,0.0
EZS39RG_1538,651,8233.664,51.51633771161043,6.403017243270224,27013,237.22832900719965,12.700000000000001,0.7985275354969055,63165.09088683044,40213.69077449281,0.0,0.0
EZS39RG_1538,652,8246.364,51.514725238539334,6.405262041865981,27054,237.22832900719965,12.700000000000001,0.79925996494348,63164.292359294945,40247.17373861748,0.0,0.0
EZS39RG_1538,653,8259.064,51.51311272259137,6.40750668147161,27096,237.22832900719965,12.700000000000001,0.8000128031718341,63163.49309933,40281.592825693224,0.0,0.0
EZS39RG_1538,654,8271.764,51.51150016377193,6.40975116210309,27138,237.22832900719965,12.700000000000001,0.8007677838900609,63162.69308652683,40316.11318288326,0.0,0.0
EZS39RG_1538,655,8284.464,51.509887562086384,6.411995483776397,27180,237.22832900719965,12.700000000000001,0.8015249099049404,63161.89231874294,40350.7349853646,0.0,0.0
EZS39RG_1538,656,8297.164,51.50827491754013,6.414239646507504,27221,237.22832900719965,12.700000000000001,0.8022656564245276,63161.090793833035,40384.61115806654,0.0,0.0
EZS39RG_1538,657,8309.864,51.50666223013854,6.41648365031238,27263,237.22832900719965,12.700000000000001,0.8030270296272264,63160.28852817661,40419.4339241877,0.0,0.0
EZS39RG_1538,658,8322.564,51.505049499886994,6.418727495206994,27305,237.22832900719965,12.700000000000001,0.8037905564815528,63159.48550114698,40454.35865970071,0.0,0.0
EZS39RG_1538,659,8335.264,51.50343672679087,6.42097118120731,27346,237.22832900719965,12.700000000000001,0.8045375565290838,63158.68171059049,40488.530918255274,0.0,0.0
EZS39RG_1538,660,8347.964,51.501823910855556,6.423214708329288,27388,237.22832900719965,12.700000000000001,0.8053053470809863,63157.877173033965,40523.657657041666,0.0,0.0
EZS39RG_1538,661,8360.664,51.50021105208641,6.425458076588887,27430,237.22832900719965,12.700000000000001,0.8060752996416218,63157.071867686886,40558.88689352653,0.0,0.0
EZS39RG_1538,662,8373.364,51.4985981504888,6.427701286002061,27471,237.22832900719965,12.700000000000001,0.8068285774670549,63156.26579238725,40593.3567711762,0.0,0.0
EZS39RG_1538,663,8386.064,51.49698520606812,6.429944336584762,27513,237.22832900719965,12.700000000000001,0.8076028102378481,63155.45896380978,40628.7890589122,0.0,0.0
EZS39RG_1538,664,8398.764,51.495372218829715,6.432187228352937,27554,237.22832900719965,12.700000000000001,0.8083602697119898,63154.651360999545,40663.45739916143,0.0,0.0
EZS39RG_1538,665,8411.464,51.49375918877896,6.434429961322532,27596,237.22832900719965,12.700000000000001,0.8091387936570431,63153.84300072983,40699.093438614575,0.0,0.0
EZS39RG_1538,666,8424.164,51.49214611592122,6.43667253550949,27638,237.22832900719965,12.700000000000001,0.809919493517749,63153.03386193617,40734.83286426864,0.0,0.0
EZS39RG_1538,667,8436.864,51.49053300026186,6.438914950929748,27679,237.22832900719965,12.700000000000001,0.8106832711233063,63152.22394244265,40769.80140219949,0.0,0.0
EZS39RG_1538,668,8449.564,51.48891984180624,6.441157207599242,27721,237.22832900719965,12.700000000000001,0.8114682786693028,63151.41325917153,40805.74564158787,0.0,0.0
EZS39RG_1538,669,8462.264,51.48730664055972,6.443399305533905,27763,237.22832900719965,12.700000000000001,0.8122554704867984,63150.60179089286,40841.793806861286,0.0,0.0
EZS39RG_1538,670,8474.964,51.48569339652765,6.445641244749665,27805,237.22832900719965,12.700000000000001,0.8130448493829365,63149.78953542237,40877.9460803432,0.0,0.0
EZS39RG_1538,671,8487.664,51.48408010971539,6.447883025262447,27846,237.22832900719965,12.700000000000001,0.8138171060412236,63148.97649057299,40913.318138350776,0.0,0.0
EZS39RG_1538,672,8500.364,51.4824667801283,6.450124647088174,27888,237.22832900719965,12.700000000000001,0.8146108146737714,63148.16267346695,40949.67665778319,0.0,0.0
EZS39RG_1538,673,8513.064,51.48085340777172,6.452366110242764,27930,237.22832900719965,12.700000000000001,0.8154067187361949,63147.34806265227,40986.13983091011,0.0,0.0
EZS39RG_1538,674,8525.764,51.479239992651,6.4546074147421315,27971,237.22832900719965,12.700000000000001,0.8161853501490901,63146.53265593354,41021.815765062194,0.0,0.0
EZS39RG_1538,675,8538.464,51.4776265347715,6.4568485606021895,28013,237.22832900719965,12.700000000000001,0.8169856004429548,63145.716470583386,41058.48626619827,0.0,0.0
EZS39RG_1538,676,8551.164,51.47601303413856,6.459089547838845,28055,237.22832900719965,12.700000000000001,0.8177880545126541,63144.89948498294,41095.26197090011,0.0,0.0
EZS39RG_1538,677,8563.864,51.47439949075752,6.461330376468004,28096,237.22832900719965,12.700000000000001,0.8185730848967445,63144.08169692843,41131.243377000545,0.0,0.0
EZS39RG_1538,678,8576.564,51.472785904633724,6.463571046505566,28138,237.22832900719965,12.700000000000001,0.8193799016809049,63143.26312384353,41168.227500469875,0.0,0.0
EZS39RG_1538,679,8589.264,51.47117227577251,6.465811557967429,28179,237.22832900719965,12.700000000000001,0.8201691941506943,63142.44374394185,41204.412617875016,0.0,0.0
EZS39RG_1538,680,8601.964,51.46955860417922,6.468051910869487,28221,237.22832900719965,12.700000000000001,0.8209803845854,63141.6235747477,41241.60588918059,0.0,0.0
EZS39RG_1538,681,8614.664,51.46794488985918,6.470292105227632,28263,237.22832900719965,12.700000000000001,0.8217937926673344,63140.802594363115,41278.905288838534,0.0,0.0
EZS39RG_1538,682,8627.364,51.466331132817736,6.472532141057748,28304,237.22832900719965,12.700000000000001,0.8225895243569958,63139.98080057045,41315.39856204308,0.0,0.0
EZS39RG_1538,683,8640.064,51.46471733306021,6.4747720183757185,28346,237.22832900719965,12.700000000000001,0.8234073225453236,63139.15821104609,41352.90821493415,0.0,0.0
EZS39RG_1538,684,8652.764,51.463103490591934,6.477011737197423,28388,237.22832900719965,12.700000000000001,0.8242273467048176,63138.33480372354,41390.52455791189,0.0,0.0
EZS39RG_1538,685,8665.464,51.46148960541824,6.479251297538737,28430,237.22832900719965,12.700000000000001,0.8250495996300657,63137.51057637684,41428.24778075108,0.0,0.0
EZS39RG_1538,686,8678.164,51.45987567754444,6.481490699415533,28471,237.22832900719965,12.700000000000001,0.8258539720024445,63136.685526777204,41465.155306411216,0.0,0.0
EZS39RG_1538,687,8690.864,51.45826170697587,6.483729942843677,28513,237.22832900719965,12.700000000000001,0.8266806369864652,63135.8596728052,41503.09027322643,0.0,0.0
EZS39RG_1538,688,8703.564,51.45664769371785,6.485969027839034,28555,237.22832900719965,12.700000000000001,0.827509539044561,63135.03299216821,41541.13268768748,0.0,0.0
EZS39RG_1538,689,8716.264,51.45503363777569,6.488207954417464,28596,237.22832900719965,12.700000000000001,0.8283204070039005,63134.20548262917,41578.35219788599,0.0,0.0
EZS39RG_1538,690,8728.964,51.453419539154716,6.490446722594823,28638,237.22832900719965,12.700000000000001,0.8291537375226072,63133.37716222217,41616.60748261892,0.0,0.0
EZS39RG_1538,691,8741.664,51.451805397860234,6.492685332386962,28680,237.22832900719965,12.700000000000001,0.8299893134099368,63132.54800848464,41654.97078735535,0.0,0.0
EZS39RG_1538,692,8754.364,51.45019121389756,6.49492378380973,28721,237.22832900719965,12.700000000000001,0.8308067010225049,63131.71801917123,41692.5039431307,0.0,0.0
EZS39RG_1538,693,8767.064,51.448576987272,6.497162076878971,28763,237.22832900719965,12.700000000000001,0.8316467217432439,63130.88721247021,41731.08125350757,0.0,0.0
EZS39RG_1538,694,8779.764,51.44696271798886,6.499400211610524,28804,237.22832900719965,12.700000000000001,0.8324684514727487,63130.055565748466,41768.823583754056,0.0,0.0
EZS39RG_1538,695,8792.464,51.445348406053455,6.501638188020227,28846,237.22832900719965,12.700000000000001,0.8333129278801723,63129.22309729699,41807.615658667295,0.0,0.0
EZS39RG_1538,696,8805.164,51.44373405147108,6.503876006123909,28888,237.22832900719965,12.700000000000001,0.8341596634225916,63128.38978436911,41846.5167162086,0.0,0.0
EZS39RG_1538,697,8817.864,51.44211965424704,6.5061136659373995,28929,237.22832900719965,12.700000000000001,0.8349879527473185,63127.55562470569,41884.5754856531,0.0,0.0
EZS39RG_1538,698,8830.564,51.440505214386626,6.50835116747652,28971,237.22832900719965,12.700000000000001,0.8358391602926731,63126.72063675294,41923.69245836665,0.0,0.0
EZS39RG_1538,699,8843.264,51.438890731895135,6.51058851075709,29013,237.22832900719965,12.700000000000001,0.8366926352217432,63125.88479759265,41962.91899843852,0.0,0.0
EZS39RG_1538,700,8855.964,51.43727620677787,6.512825695794924,29055,237.22832900719965,12.700000000000001,0.8375483803017378,63125.04810495742,42002.25530341459,0.0,0.0
EZS39RG_1538,701,8868.664,51.435661639040106,6.515062722605832,29096,237.22832900719965,12.700000000000001,0.8383854707896399,63124.21055657712,42040.73949657695,0.0,0.0
EZS39RG_1538,702,8881.364,51.43404702868714,6.517299591205621,29138,237.22832900719965,12.700000000000001,0.8392457096097912,63123.37217110633,42080.29326850731,0.0,0.0
EZS39RG_1538,703,8894.064,51.43243237572426,6.519536301610091,29180,237.22832900719965,12.700000000000001,0.8401082268013764,63122.53292539672,42119.957396382924,0.0,0.0
EZS39RG_1538,704,8906.764,51.43081768015674,6.5217728538350395,29221,237.22832900719965,12.700000000000001,0.840951932696246,63121.69281716992,42158.76201420748,0.0,0.0
EZS39RG_1538,705,8919.464,51.42920294198987,6.524009247896258,29263,237.22832900719965,12.700000000000001,0.8418189598467078,63120.85186523722,42198.64478147226,0.0,0.0
EZS39RG_1538,706,8932.164,51.427588161228925,6.526245483809534,29305,237.22832900719965,12.700000000000001,0.8426882735656089,63120.01004627738,42238.638500493755,0.0,0.0
EZS39RG_1538,707,8944.864,51.425973337879185,6.5284815615906515,29346,237.22832900719965,12.700000000000001,0.8435386186494294,63119.16735800381,42277.765272059405,0.0,0.0
EZS39RG_1538,708,8957.564,51.424358471945915,6.530717481255388,29388,237.22832900719965,12.700000000000001,0.844412458497414,63118.323819385165,42317.97881236926,0.0,0.0
EZS39RG_1538,709,8970.264,51.42274356343439,6.532953242819517,29429,237.22832900719965,12.700000000000001,0.8452672248924222,63117.479406926665,42357.32044524333,0.0,0.0
EZS39RG_1538,710,8982.964,51.421128612349875,6.535188846298809,29471,237.22832900719965,12.700000000000001,0.8461456015772513,63116.634139701775,42397.754596850165,0.0,0.0
EZS39RG_1538,711,8995.664,51.419513618697636,6.537424291709025,29513,237.22832900719965,12.700000000000001,0.847026278412327,63115.787994100196,42438.300702307046,0.0,0.0
EZS39RG_1538,712,9008.364,51.417898582482934,6.539659579065925,29554,237.22832900719965,12.700000000000001,0.847887723400589,63114.940967821785,42477.96739704293,0.0,0.0
EZS39RG_1538,713,9021.064,51.416283503711036,6.541894708385264,29596,237.22832900719965,12.700000000000001,0.8487729531526034,63114.093080098384,42518.73531162345,0.0,0.0
EZS39RG_1538,714,9033.764,51.41466838238719,6.544129679682791,29638,237.22832900719965,12.700000000000001,0.8496604911788421,63113.24430714523,42559.61578877316,0.0,0.0
EZS39RG_1538,715,9046.464,51.41305321851665,6.546364492974249,29680,237.22832900719965,12.700000000000001,0.850550340202203,63112.39464665405,42600.609034145025,0.0,0.0
EZS39RG_1538,716,9059.164,51.411438012104675,6.548599148275377,29721,237.22832900719965,12.700000000000001,0.8514207447689313,63111.544096313846,42640.71278164241,0.0,0.0
EZS39RG_1538,717,9071.864,51.409822763156505,6.55083364560191,29763,237.22832900719965,12.700000000000001,0.852315168098231,63110.69267556908,42681.929451596654,0.0,0.0
EZS39RG_1538,718,9084.564,51.408207471677386,6.553067984969574,29805,237.22832900719965,12.700000000000001,0.8532119105060456,63109.84036040098,42723.25950507665,0.0,0.0
EZS39RG_1538,719,9097.264,51.40659213767256,6.555302166394093,29846,237.22832900719965,12.700000000000001,0.8540890485804364,63108.98714849047,42763.69246339611,0.0,0.0
EZS39RG_1538,720,9109.964,51.404976761147275,6.557536189891186,29888,237.22832900719965,12.700000000000001,0.8549903812270909,63108.13305944189,42805.247162029176,0.0,0.0
EZS39RG_1538,721,9122.664,51.403361342106756,6.559770055476564,29930,237.22832900719965,12.700000000000001,0.8558940409990619,63107.27806906067,42846.91586446922,0.0,0.0
EZS39RG_1538,722,9135.364,51.40174588055624,6.562003763165935,29971,237.22832900719965,12.700000000000001,0.8567779359258711,63106.42217501967,42887.67983367599,0.0,0.0
EZS39RG_1538,723,9148.064,51.40013037650097,6.564237312974998,30013,237.22832900719965,12.700000000000001,0.8576862017988733,63105.56539708374,42929.57441171543,0.0,0.0
EZS39RG_1538,724,9160.764,51.39851482994615,6.566470704919451,30054,237.22832900719965,12.700000000000001,0.8585745959014663,63104.707710881936,42970.559162408106,0.0,0.0
EZS39RG_1538,725,9173.464,51.39689924089702,6.568703939014982,30096,237.22832900719965,12.700000000000001,0.8594874783662192,63103.84913628604,43012.680438518095,0.0,0.0
EZS39RG_1538,726,9186.164,51.3952836093588,6.570937015277277,30138,237.22832900719965,12.700000000000001,0.8604027012627959,63102.98964880767,43054.916761709705,0.0,0.0
EZS39RG_1538,727,9198.864,51.3936679353367,6.5731699337220135,30179,237.22832900719965,12.700000000000001,0.8612978908209317,63102.12924610641,43096.235550876605,0.0,0.0
EZS39RG_1538,728,9211.564,51.39205221883594,6.575402694364864,30221,237.22832900719965,12.700000000000001,0.8622177460431113,63101.26794821559,43138.69981920592,0.0,0.0
EZS39RG_1538,729,9224.264,51.39043645986174,6.577635297221494,30263,237.22832900719965,12.700000000000001,0.8631399496399095,63100.405730469545,43181.27976836769,0.0,0.0
EZS39RG_1538,730,9236.964,51.38882065841929,6.579867742307565,30305,237.22832900719965,12.700000000000001,0.8640645042706152,63099.54259051991,43223.975612474824,0.0,0.0
EZS39RG_1538,731,9249.664,51.38720481451381,6.58210002963873,30346,237.22832900719965,12.700000000000001,0.8649688087126364,63098.67852601564,43265.74356107287,0.0,0.0
EZS39RG_1538,732,9262.364,51.38558892815048,6.584332159230638,30388,237.22832900719965,12.700000000000001,0.8658980165581391,63097.81355720693,43308.669032223304,0.0,0.0
EZS39RG_1538,733,9275.064,51.383972999334524,6.586564131098931,30430,237.22832900719965,12.700000000000001,0.8668295833214066,63096.94765919037,43351.71103894175,0.0,0.0
EZS39RG_1538,734,9287.764,51.38235702807112,6.5887959452592435,30471,237.22832900719965,12.700000000000001,0.8677407368464625,63096.08082960705,43393.81734558179,0.0,0.0
EZS39RG_1538,735,9300.464,51.38074101436546,6.591027601727205,30513,237.22832900719965,12.700000000000001,0.8686769723547025,63095.21308887021,43437.09025014768,0.0,0.0
EZS39RG_1538,736,9313.164,51.37912495822273,6.593259100518438,30555,237.22832900719965,12.700000000000001,0.8696155746173702,63094.34441189785,43480.48033609965,0.0,0.0
EZS39RG_1538,737,9325.864,51.37750885964812,6.595490441648557,30596,237.22832900719965,12.700000000000001,0.8705335999589507,63093.47479632324,43522.92687492794,0.0,0.0
EZS39RG_1538,738,9338.564,51.3758927186468,6.597721625133172,30638,237.22832900719965,12.700000000000001,0.8714768864008329,63092.604262723275,43566.54913983911,0.0,0.0
EZS39RG_1538,739,9351.264,51.374276535223956,6.599952650987885,30679,237.22832900719965,12.700000000000001,0.872399486892101,63091.73278583687,43609.2226238269,0.0,0.0
EZS39RG_1538,740,9363.964,51.372660309384756,6.602183519228291,30721,237.22832900719965,12.700000000000001,0.8733474677055417,63090.86038634998,43653.07792404899,0.0,0.0
EZS39RG_1538,741,9376.664,51.37104404113436,6.6044142298699775,30763,237.22832900719965,12.700000000000001,0.87429782820145,63089.987038882275,43697.051491912316,0.0,0.0
EZS39RG_1538,742,9389.364,51.369427730477945,6.606644782928527,30804,237.22832900719965,12.700000000000001,0.8752273380115998,63089.11274105407,43740.068360359204,0.0,0.0
EZS39RG_1538,743,9402.064,51.367811377420665,6.608875178419511,30846,237.22832900719965,12.700000000000001,0.8761824081415701,63088.23751371606,43784.27626199464,0.0,0.0
EZS39RG_1538,744,9414.764,51.36619498196768,6.611105416358499,30888,237.22832900719965,12.700000000000001,0.8771398656514933,63087.36133130792,43828.60309114955,0.0,0.0
EZS39RG_1538,745,9427.464,51.364578544124136,6.6133354967610485,30930,237.22832900719965,12.700000000000001,0.8780997131151298,63086.484191442265,43873.049070767185,0.0,0.0
EZS39RG_1538,746,9440.164,51.36296206389518,6.615565419642712,30971,237.22832900719965,12.700000000000001,0.8790384888165446,63085.60609172915,43916.52770378842,0.0,0.0
EZS39RG_1538,747,9452.864,51.36134554128597,6.617795185019032,31013,237.22832900719965,12.700000000000001,0.8800030661314846,63084.72705324033,43961.20976844155,0.0,0.0
EZS39RG_1538,748,9465.564,51.35972897630163,6.620024792905546,31055,237.22832900719965,12.700000000000001,0.8809700410201484,63083.8470501742,44006.01165060963,0.0,0.0
EZS39RG_1538,749,9478.264,51.35811236894731,6.622254243317781,31096,237.22832900719965,12.700000000000001,0.8819157779386122,63082.96608013318,44049.83816573772,0.0,0.0
EZS39RG_1538,750,9490.964,51.35649571922813,6.624483536271259,31138,237.22832900719965,12.700000000000001,0.8828874976733512,63082.08416435524,44094.87745618286,0.0,0.0
EZS39RG_1538,751,9503.664,51.35487902714922,6.626712671781491,31180,237.22832900719965,12.700000000000001,0.8838616225403424,63081.201276857566,44140.03723661927,0.0,0.0
EZS39RG_1538,752,9516.364,51.3532622927157,6.6289416498639815,31221,237.22832900719965,12.700000000000001,0.8848143426006418,63080.317415235026,44184.21358533372,0.0,0.0
EZS39RG_1538,753,9529.064,51.35164551593269,6.631170470534226,31263,237.22832900719965,12.700000000000001,0.8857932271839766,63079.432600892425,44229.61210805067,0.0,0.0
EZS39RG_1538,754,9541.764,51.3500286968053,6.633399133807711,31304,237.22832900719965,12.700000000000001,0.8867505958402799,63078.54680766524,44274.02181976658,0.0,0.0
EZS39RG_1538,755,9554.464,51.348411835338645,6.6356276396999165,31346,237.22832900719965,12.700000000000001,0.8877342499417269,63077.6600570694,44319.65997648667,0.0,0.0
EZS39RG_1538,756,9567.164,51.34679493153782,6.6378559882263115,31388,237.22832900719965,12.700000000000001,0.8887203216080439,63076.77232281946,44365.41975432479,0.0,0.0
EZS39RG_1538,757,9579.864,51.345177985407936,6.640084179402357,31429,237.22832900719965,12.700000000000001,0.8896847094681775,63075.88360249785,44410.18258206605,0.0,0.0
EZS39RG_1538,758,9592.564,51.343560996954075,6.642312213243504,31471,237.22832900719965,12.700000000000001,0.8906755653020085,63074.993917788386,44456.18334602608,0.0,0.0
EZS39RG_1538,759,9605.264,51.341943966181326,6.644540089765195,31513,237.22832900719965,12.700000000000001,0.8916688460802493,63074.103242223086,44502.30641826143,0.0,0.0
EZS39RG_1538,760,9617.964,51.340326893094776,6.646767808982864,31555,237.22832900719965,12.700000000000001,0.8926645542663202,63073.211573377004,44548.5520309354,0.0,0.0
EZS39RG_1538,761,9630.664,51.338709777699506,6.648995370911935,31596,237.22832900719965,12.700000000000001,0.8936383533798344,63072.31890882274,44593.7897487785,0.0,0.0
EZS39RG_1538,762,9643.364,51.33709262000059,6.651222775567822,31638,237.22832900719965,12.700000000000001,0.8946388650837923,63071.42527046936,44640.2781712555,0.0,0.0
EZS39RG_1538,763,9656.064,51.33547542000309,6.653450022965929,31680,237.22832900719965,12.700000000000001,0.895641811476682,63070.53063160428,44686.88982882007,0.0,0.0
EZS39RG_1538,764,9668.764,51.333858177712074,6.65567711312165,31721,237.22832900719965,12.700000000000001,0.8966226794619732,63069.6349897928,44732.48534627148,0.0,0.0
EZS39RG_1538,765,9681.464,51.33224089313259,6.657904046050368,31763,237.22832900719965,12.700000000000001,0.8976304436820017,63068.738367113336,44779.34119163546,0.0,0.0
EZS39RG_1538,766,9694.164,51.3306235662697,6.660130821767459,31805,237.22832900719965,12.700000000000001,0.8986406497944431,63067.840736669656,44826.320972400616,0.0,0.0
EZS39RG_1538,767,9706.864,51.32900619712845,6.662357440288285,31846,237.22832900719965,12.700000000000001,0.8996286075442746,63066.94209601986,44872.27632169275,0.0,0.0
EZS39RG_1538,768,9719.564,51.32738878571387,6.664583901628198,31888,237.22832900719965,12.700000000000001,0.9006436456363273,63066.04246741232,44919.50167949315,0.0,0.0
EZS39RG_1538,769,9732.264,51.325771332031,6.666810205802541,31929,237.22832900719965,12.700000000000001,0.9016363221800247,63065.14182376669,44965.69707501658,0.0,0.0
EZS39RG_1538,770,9744.964,51.32415383608487,6.669036352826644,31971,237.22832900719965,12.700000000000001,0.9026562015586771,63064.240187444506,45013.16893851301,0.0,0.0
EZS39RG_1538,771,9757.664,51.3225362978805,6.671262342715825,32013,237.22832900719965,12.700000000000001,0.9036785346347471,63063.33753124295,45060.76591539739,0.0,0.0
EZS39RG_1538,772,9770.364,51.3209187174229,6.673488175485393,32054,237.22832900719965,12.700000000000001,0.9046783351807998,63062.43385270832,45107.32456113539,0.0,0.0
EZS39RG_1538,773,9783.064,51.31930109471708,6.675713851150644,32096,237.22832900719965,12.700000000000001,0.9057055234196297,63061.529174373136,45155.16945187253,0.0,0.0
EZS39RG_1538,774,9795.764,51.31768342976805,6.677939369726862,32138,237.22832900719965,12.700000000000001,0.9067351723354352,63060.62346884971,45203.14017164516,0.0,0.0
EZS39RG_1538,775,9808.464,51.31606572258081,6.6801647312293175,32180,237.22832900719965,12.700000000000001,0.9077672842532831,63059.71673367738,45251.23696224647,0.0,0.0
EZS39RG_1538,776,9821.164,51.314447973160334,6.682389935673271,32221,237.22832900719965,12.700000000000001,0.9087766342465152,63058.808966393124,45298.28416703721,0.0,0.0
EZS39RG_1538,777,9833.864,51.312830181511615,6.68461498307397,32263,237.22832900719965,12.700000000000001,0.9098136195905752,63057.900189758875,45346.63077080818,0.0,0.0
EZS39RG_1538,778,9846.564,51.311212347639625,6.686839873446647,32305,237.22832900719965,12.700000000000001,0.9108530747941671,63056.990376139285,45395.104168881255,0.0,0.0
EZS39RG_1538,779,9859.264,51.30959447154933,6.689064606806524,32346,237.22832900719965,12.700000000000001,0.9118695956620236,63056.079523064494,45442.519501666735,0.0,0.0
EZS39RG_1538,780,9871.964,51.3079765532457,6.691289183168808,32388,237.22832900719965,12.700000000000001,0.9129139377461961,63055.16765346883,45491.24414809805,0.0,0.0
EZS39RG_1538,781,9884.664,51.30635859273369,6.693513602548694,32430,237.22832900719965,12.700000000000001,0.9139607564515844,63054.25473953108,45540.09631822257,0.0,0.0
EZS39RG_1538,782,9897.364,51.304740590018234,6.69573786496136,32471,237.22832900719965,12.700000000000001,0.9149844678029383,63053.34077877463,45587.88189558498,0.0,0.0
EZS39RG_1538,783,9910.064,51.30312254510428,6.697961970421972,32513,237.22832900719965,12.700000000000001,0.9160361866501477,63052.42579430683,45636.98676099831,0.0,0.0
EZS39RG_1538,784,9922.764,51.30150445799676,6.7001859189456825,32554,237.22832900719965,12.700000000000001,0.9170646829312467,63051.50975812018,45685.01934501058,0.0,0.0
EZS39RG_1538,785,9935.464,51.29988632870058,6.702409710547626,32596,237.22832900719965,12.700000000000001,0.9181213106150441,63050.59269343725,45734.377872960446,0.0,0.0
EZS39RG_1538,786,9948.164,51.298268157220676,6.704633345242925,32638,237.22832900719965,12.700000000000001,0.9191804259484654,63049.674572126634,45783.865151542035,0.0,0.0
EZS39RG_1538,787,9960.864,51.296649943561945,6.706856823046685,32679,237.22832900719965,12.700000000000001,0.9202161446941561,63048.75539170069,45832.27154050706,0.0,0.0
EZS39RG_1538,788,9973.564,51.295031687729285,6.709080143973996,32721,237.22832900719965,12.700000000000001,0.9212801817866927,63047.83517555599,45882.01394832433,0.0,0.0
EZS39RG_1538,789,9986.264,51.29341338972759,6.711303308039932,32763,237.22832900719965,12.700000000000001,0.922346713016048,63046.91389537421,45931.8858521856,0.0,0.0
EZS39RG_1538,790,9998.964,51.291795049561735,6.713526315259551,32805,237.22832900719965,12.700000000000001,0.9234157405374003,63045.99154866119,45981.88750394515,0.0,0.0
EZS39RG_1538,791,10011.664,51.290176667236594,6.7157491656478925,32846,237.22832900719965,12.700000000000001,0.924461138038894,63045.068132920656,46030.79668857479,0.0,0.0
EZS39RG_1538,792,10024.364,51.28855824275703,6.717971859219981,32888,237.22832900719965,12.700000000000001,0.9255351042481792,63044.143671782615,46081.055447908955,0.0,0.0
EZS39RG_1538,793,10037.064,51.28693977612789,6.720194395990822,32930,237.22832900719965,12.700000000000001,0.9266115730880197,63043.21813667837,46131.44470873121,0.0,0.0
EZS39RG_1538,794,10049.764,51.285321267354014,6.722416775975403,32971,237.22832900719965,12.700000000000001,0.9276642364941871,63042.291525105284,46180.73277898476,0.0,0.0
EZS39RG_1538,795,10062.464,51.283702716440246,6.724638999188695,33013,237.22832900719965,12.700000000000001,0.928745656430922,63041.36386086879,46231.38064232743,0.0,0.0
EZS39RG_1538,796,10075.164,51.28208412339141,6.7268610656456485,33055,237.22832900719965,12.700000000000001,0.9298295852205375,63040.435115212356,46282.159766932054,0.0,0.0
EZS39RG_1538,797,10087.864,51.28046548821231,6.7290829753611945,33096,237.22832900719965,12.700000000000001,0.930889532573117,63039.505285627136,46331.828927527225,0.0,0.0
EZS39RG_1538,798,10100.564,51.278846810907744,6.731304728350246,33138,237.22832900719965,12.700000000000001,0.931978424634639,63038.57439609456,46382.86816186908,0.0,0.0
EZS39RG_1538,799,10113.264,51.27722809148251,6.733526324627693,33179,237.22832900719965,12.700000000000001,0.9330432180753915,63037.64241766993,46432.79157913967,0.0,0.0
EZS39RG_1538,800,10125.964,51.275609329941396,6.7357477642084085,33221,237.22832900719965,12.700000000000001,0.9341370813593834,63036.70937445186,46484.09193078872,0.0,0.0
EZS39RG_1538,801,10138.664,51.27399052628916,6.737969047107242,33263,237.22832900719965,12.700000000000001,0.935233463580652,63035.7752373705,46535.524821792016,0.0,0.0
EZS39RG_1538,802,10151.364,51.27237168053056,6.740190173339022,33305,237.22832900719965,12.700000000000001,0.9363323667331744,63034.84000390692,46587.09051237842,0.0,0.0
EZS39RG_1538,803,10164.064,51.27075279267034,6.742411142918555,33346,237.22832900719965,12.700000000000001,0.9374069346901547,63033.90367154018,46637.52854041752,0.0,0.0
EZS39RG_1538,804,10176.764,51.26913386271324,6.7446319558606245,33388,237.22832900719965,12.700000000000001,0.9385108247276137,63032.96626460549,46689.35739242571,0.0,0.0
EZS39RG_1538,805,10189.464,51.267514890663975,6.746852612179991,33430,237.22832900719965,12.700000000000001,0.9396172415433273,63032.02775378076,46741.31982267577,0.0,0.0
EZS39RG_1538,806,10202.164,51.26589587652725,6.74907311189139,33471,237.22832900719965,12.700000000000001,0.9406991454173873,63031.08813653922,46792.145664449024,0.0,0.0
EZS39RG_1538,807,10214.864,51.26427682030777,6.751293455009534,33513,237.22832900719965,12.700000000000001,0.9418105605379793,63030.1474373938,46844.37280081013,0.0,0.0
EZS39RG_1538,808,10227.564,51.2626577220102,6.75351364154911,33555,237.22832900719965,12.700000000000001,0.9429245081494992,63029.20562683327,46896.73430047944,0.0,0.0
EZS39RG_1538,809,10240.264,51.26103858163923,6.755733671524779,33596,237.22832900719965,12.700000000000001,0.9440137645017419,63028.26270232512,46947.95023407321,0.0,0.0
EZS39RG_1538,810,10252.964,51.25941939919949,6.757953544951175,33638,237.22832900719965,12.700000000000001,0.9451327215679763,63027.31868856062,47000.57799725727,0.0,0.0
EZS39RG_1538,811,10265.664,51.257800174695625,6.7601732618429065,33680,237.22832900719965,12.700000000000001,0.9462542166987014,63026.373555839054,47053.340915280685,0.0,0.0
EZS39RG_1538,812,10278.364,51.25618090813226,6.762392822214552,33721,237.22832900719965,12.700000000000001,0.9473508416861127,63025.42730162235,47104.9492375346,0.0,0.0
EZS39RG_1538,813,10291.064,51.254561599514,6.764612226080662,33763,237.22832900719965,12.700000000000001,0.9484773571417285,63024.47995078067,47157.97998930475,0.0,0.0
EZS39RG_1538,814,10303.764,51.25294224884544,6.76683147345576,33804,237.22832900719965,12.700000000000001,0.9495788833710642,63023.53147342353,47209.850120941686,0.0,0.0
EZS39RG_1538,815,10316.464,51.25132285613116,6.769050564354335,33846,237.22832900719965,12.700000000000001,0.9507104262100443,63022.581894540155,47263.14975617834,0.0,0.0
EZS39RG_1538,816,10329.164,51.24970342137571,6.771269498790847,33888,237.22832900719965,12.700000000000001,0.9518445160662937,63021.63118411395,47316.58587781911,0.0,0.0
EZS39RG_1538,817,10341.864,51.24808394458364,6.773488276779724,33930,237.22832900719965,12.700000000000001,0.9529811546971633,63020.67933959788,47370.158756988516,0.0,0.0
EZS39RG_1538,818,10354.564,51.24646442575947,6.775706898335361,33971,237.22832900719965,12.700000000000001,0.9540925637390486,63019.726358443186,47422.558822991276,0.0,0.0
EZS39RG_1538,819,10367.264,51.244844864907705,6.77792536347212,34013,237.22832900719965,12.700000000000001,0.9552342435568911,63018.772265879445,47476.402715317345,0.0,0.0
EZS39RG_1538,820,10379.964,51.24322526203283,6.780143672204325,34055,237.22832900719965,12.700000000000001,0.9563784772758117,63017.81703163589,47530.384176447675,0.0,0.0
EZS39RG_1538,821,10392.664,51.241605617139314,6.782361824546268,34096,237.22832900719965,12.700000000000001,0.9574973008556129,63016.86065315861,47583.18363583874,0.0,0.0
EZS39RG_1538,822,10405.364,51.239985930231605,6.7845798205122,34138,237.22832900719965,12.700000000000001,0.9586465857332267,63015.903155857755,47637.43771953716,0.0,0.0
EZS39RG_1538,823,10418.064,51.238366201314136,6.786797660116338,34180,237.22832900719965,12.700000000000001,0.959798429479048,63014.94450927202,47691.830190015666,0.0,0.0
EZS39RG_1538,824,10430.764,51.23674643039131,6.7890153433728555,34221,237.22832900719965,12.700000000000001,0.9609246819921645,63013.98471084254,47745.03141634561,0.0,0.0
EZS39RG_1538,825,10443.464,51.23512661746751,6.791232870295889,34263,237.22832900719965,12.700000000000001,0.9620815865483535,63013.02378616055,47799.69813209911,0.0,0.0
EZS39RG_1538,826,10456.164,51.233506762547094,6.79345024089953,34305,237.22832900719965,12.700000000000001,0.9632410547752167,63012.061704574,47854.5040593691,0.0,0.0
EZS39RG_1538,827,10468.864,51.23188686563441,6.795667455197829,34346,237.22832900719965,12.700000000000001,0.9643747501387528,63011.09846351922,47908.10944579972,0.0,0.0
EZS39RG_1538,828,10481.564,51.23026692673376,6.7978845132047905,34388,237.22832900719965,12.700000000000001,0.96553928849696,63010.13408876908,47963.1912544671,0.0,0.0
EZS39RG_1538,829,10494.264,51.228646945849455,6.800101414934374,34429,237.22832900719965,12.700000000000001,0.9666779331021947,63009.168549480586,48017.0663194447,0.0,0.0
EZS39RG_1538,830,10506.964,51.22702692298574,6.80231816040049,34471,237.22832900719965,12.700000000000001,0.9678475475929039,63008.201871547484,48072.425103304915,0.0,0.0
EZS39RG_1538,831,10519.664,51.22540685814687,6.804534749617001,34513,237.22832900719965,12.700000000000001,0.9690197333658416,63007.23402399989,48127.92448616216,0.0,0.0
EZS39RG_1538,832,10532.364,51.22378675133704,6.806751182597718,34555,237.22832900719965,12.700000000000001,0.970194491898468,63006.26500426652,48183.56475053538,0.0,0.0
EZS39RG_1538,833,10545.064,51.222166602560435,6.808967459356399,34596,237.22832900719965,12.700000000000001,0.9713431127224538,63005.29480977462,48237.98571604229,0.0,0.0
EZS39RG_1538,834,10557.764,51.22054641182122,6.811183579906749,34638,237.22832900719965,12.700000000000001,0.972522958992495,63004.323466661896,48293.90517479025,0.0,0.0
EZS39RG_1538,835,10570.464,51.21892617912351,6.813399544262414,34680,237.22832900719965,12.700000000000001,0.9737053822975147,63003.350943702906,48349.966360441096,0.0,0.0
EZS39RG_1538,836,10583.164,51.217305904471395,6.815615352436985,34721,237.22832900719965,12.700000000000001,0.9748614846934869,63002.37723832061,48404.79878498134,0.0,0.0
EZS39RG_1538,837,10595.864,51.21568558786894,6.817831004443988,34763,237.22832900719965,12.700000000000001,0.9760490039985406,63001.40237683592,48461.14084210824,0.0,0.0
EZS39RG_1538,838,10608.564,51.21406522932017,6.820046500296891,34805,237.22832900719965,12.700000000000001,0.9772391044266753,63000.42632783192,48517.625478533606,0.0,0.0
EZS39RG_1538,839,10621.264,51.21244482882908,6.822261840009092,34846,237.22832900719965,12.700000000000001,0.9784027002368536,62999.449088727495,48572.871835503196,0.0,0.0
EZS39RG_1538,840,10633.964,51.210824386399615,6.824477023593925,34888,237.22832900719965,12.700000000000001,0.9795979045519716,62998.470686027256,48629.63903441392,0.0,0.0
EZS39RG_1538,841,10646.664,51.209203902035696,6.8266920510646525,34930,237.22832900719965,12.700000000000001,0.9807956938851575,62997.491088122704,48686.54967209121,0.0,0.0
EZS39RG_1538,842,10659.364,51.2075833757412,6.828906922434464,34971,237.22832900719965,12.700000000000001,0.9819667943908653,62996.51029242882,48742.212455401845,0.0,0.0
EZS39RG_1538,843,10668.0,51.205962807519974,6.831121637716473,35000,237.22832900719965,11.176000000000002,0.9819638612412768,62995.528325634434,48781.28141911004,0.0,0.0
EZS39RG_1538,844,10668.0,51.2043421973758,6.833336196923714,35000,237.22832900719965,9.652000000000001,0.9811111270034986,62994.546361773195,48779.95962722993,0.0,0.0
EZS39RG_1538,845,10668.0,51.202721545312436,6.83555060006914,35000,237.22832900719965,8.128,0.980258213928132,62993.56525064619,48778.638663857724,0.0,0.0
EZS39RG_1538,846,10668.0,51.201100851333585,6.837764847165618,35000,237.22832900719965,6.604,0.9794051225876476,62992.58499243226,48777.31852921286,0.0,0.0
EZS39RG_1538,847,10668.0,51.19948011544291,6.839978938225927,35000,237.22832900719965,5.08,0.9785518535545642,62991.60558730967,48775.99922351401,0.0,0.0
EZS39RG_1538,848,10668.0,51.19785933764401,6.842192873262752,35000,237.22832900719965,3.556,0.9776984074014462,62990.62703545611,48774.68074697902,0.0,0.0
EZS39RG_1538,849,10668.0,51.19623851794045,6.844406652288681,35000,237.22832900719965,2.032,0.9768447847009056,62989.649337048715,48773.36309982498,0.0,0.0
EZS39RG_1538,850,10668.0,51.19461765633573,6.846620275316203,35000,237.22832900719965,0.508,0.9759909860256001,62988.67249226401,48772.0462822682,0.0,0.0
EZS39RG_1538,851,10668.0,51.192996752833295,6.848833742357701,35000,237.22832900719965,0.0,0.9756878593350009,62987.69650127799,48770.73037047205,0.0,0.0
EZS39RG_1538,852,10668.0,51.19137580743653,6.851047053425444,35000,237.22832900719965,0.0,0.975660131882771,62986.72081341866,48769.41486877533,0.0,0.0
EZS39RG_1538,853,10668.0,51.189754820148764,6.853260208531591,35000,237.22832900719965,0.0,0.9756324054178861,62985.74515328678,48768.09942483963,0.0,0.0
EZS39RG_1538,854,10668.0,51.188133790973254,6.855473207688178,35000,237.22832900719965,0.0,0.9756046799403303,62984.76952088136,48766.78403866183,0.0,0.0
EZS39RG_1538,855,10668.0,51.186512719913196,6.857686050907113,35000,237.22832900719965,0.0,0.9755769554500888,62983.79391620142,48765.4687102389,0.0,0.0
EZS39RG_1538,856,10668.0,51.18489160697171,6.859898738200176,35000,237.22832900719965,0.0,0.9755492319471468,62982.818339245976,48764.15343956775,0.0,0.0
EZS39RG_1538,857,10668.0,51.183270452151845,6.862111269579004,35000,237.22832900719965,0.0,0.9755215094314884,62981.84279001403,48762.838226645326,0.0,0.0
EZS39RG_1538,858,10668.0,51.18164925545657,6.86432364505509,35000,237.22832900719965,0.0,0.9754937879030986,62980.8672685046,48761.52307146855,0.0,0.0
EZS39RG_1538,859,10668.0,51.18002801688878,6.866535864639773,35000,237.22832900719965,0.0,0.9754660673619616,62979.89177471669,48760.20797403434,0.0,0.0
EZS39RG_1538,860,10668.0,51.17840673645126,6.868747928344232,35000,237.22832900719965,0.0,0.9754383478080635,62978.91630864933,48758.89293433967,0.0,0.0
EZS39RG_1538,861,10668.0,51.176785414146735,6.870959836179475,35000,237.22832900719965,0.0,0.9754106292413874,62977.94087030152,48757.57795238143,0.0,0.0
EZS39RG_1538,862,10668.0,51.175164049977816,6.8731715881563336,35000,237.22832900719965,0.0,0.975382911661919,62976.96545967228,48756.26302815657,0.0,0.0
EZS39RG_1538,863,10668.0,51.173542643947016,6.87538318428545,35000,237.22832900719965,0.0,0.9753551950696435,62975.99007676062,48754.94816166207,0.0,0.0
EZS39RG_1538,864,10668.0,51.17192119605674,6.877594624577268,35000,237.22832900719965,0.0,0.9753274794645445,62975.01472156555,48753.63335289479,0.0,0.0
EZS39RG_1538,865,10668.0,51.1702997063093,6.879805909042021,35000,237.22832900719965,0.0,0.9752997648466072,62974.03939408609,48752.31860185168,0.0,0.0
EZS39RG_1538,866,10668.0,51.16867817470686,6.882017037689721,35000,237.22832900719965,0.0,0.9752720512158156,62973.06409432124,48751.003908529674,0.0,0.0
EZS39RG_1538,867,10668.0,51.167056601251474,6.884228010530145,35000,237.22832900719965,0.0,0.9752443385721558,62972.08882227002,48749.689272925745,0.0,0.0
EZS39RG_1538,868,10668.0,51.16543498594506,6.886438827572821,35000,237.22832900719965,0.0,0.9752166269156115,62971.11357793145,48748.374695036786,0.0,0.0
EZS39RG_1538,869,10668.0,51.1638133287894,6.888649488827013,35000,237.22832900719965,0.0,0.9751889162461673,62970.13836130453,48747.06017485975,0.0,0.0
EZS39RG_1538,870,10668.0,51.16219162978612,6.890859994301704,35000,237.22832900719965,0.0,0.9751612065638086,62969.16317238829,48745.74571239155,0.0,0.0
EZS39RG_1538,871,10668.0,51.160569888936685,6.893070344005578,35000,237.22832900719965,0.0,0.9751334978685195,62968.18801118172,48744.43130762915,0.0,0.0
EZS39RG_1538,872,10668.0,51.158948106242384,6.895280537947001,35000,237.22832900719965,0.0,0.9751057901602848,62967.21287768385,48743.11696056945,0.0,0.0
EZS39RG_1538,873,10668.0,51.15732628170434,6.897490576134001,35000,237.22832900719965,0.0,0.9750780834390891,62966.23777189369,48741.802671209414,0.0,0.0
EZS39RG_1538,874,10668.0,51.155704415323484,6.899700458574242,35000,237.22832900719965,0.0,0.9750503777049171,62965.262693810255,48740.48843954596,0.0,0.0
EZS39RG_1538,875,10668.0,51.15408250710052,6.901910185275,35000,237.22832900719965,0.0,0.9750226729577538,62964.28764343255,48739.174265576046,0.0,0.0
EZS39RG_1538,876,10668.0,51.15246055703594,6.904119756243136,35000,237.22832900719965,0.0,0.9749949691975838,62963.31262075959,48737.86014929658,0.0,0.0
EZS39RG_1538,877,10668.0,51.15083856512999,6.9063291714850665,35000,237.22832900719965,0.0,0.974967266424391,62962.337625790395,48736.5460907045,0.0,0.0
EZS39RG_1538,878,10668.0,51.14921653138268,6.908538431006727,35000,237.22832900719965,0.0,0.9749395646381607,62961.36265852397,48735.23208979675,0.0,0.0
EZS39RG_1538,879,10668.0,51.14759445579372,6.910747534813537,35000,237.22832900719965,0.0,0.9749118638388777,62960.38771895933,48733.91814657028,0.0,0.0
EZS39RG_1538,880,10668.0,51.14597233836254,6.912956482910359,35000,237.22832900719965,0.0,0.974884164026526,62959.4128070955,48732.60426102199,0.0,0.0
EZS39RG_1538,881,10668.0,51.14435017908824,6.915165275301453,35000,237.22832900719965,0.0,0.9748564652010908,62958.43792293147,48731.29043314885,0.0,0.0
EZS39RG_1538,882,10668.0,51.14272797796957,6.917373911990425,35000,237.22832900719965,0.0,0.974828767362556,62957.46306646627,48729.97666294776,0.0,0.0
EZS39RG_1538,883,10668.0,51.1411057350049,6.919582392980174,35000,237.22832900719965,0.0,0.9748010705109068,62956.488237698904,48728.66295041567,0.0,0.0
EZS39RG_1538,884,10668.0,51.13948345019218,6.921790718272826,35000,237.22832900719965,0.0,0.9747733746461281,62955.5134366284,48727.34929554955,0.0,0.0
EZS39RG_1538,885,10668.0,51.13786112352893,6.923998887869665,35000,237.22832900719965,0.0,0.9747456797682039,62954.53866325375,48726.0356983463,0.0,0.0
EZS39RG_1538,886,10668.0,51.13623875501216,6.926206901771054,35000,237.22832900719965,0.0,0.9747179858771189,62953.56391757398,48724.72215880286,0.0,0.0
EZS39RG_1538,887,10668.0,51.134616344638346,6.928414759976345,35000,237.22832900719965,0.0,0.9746902929728581,62952.5891995881,48723.40867691618,0.0,0.0
EZS39RG_1538,888,10668.0,51.13299389240336,6.930622462483777,35000,237.22832900719965,0.0,0.9746626010554055,62951.61450929513,48722.095252683175,0.0,0.0
EZS39RG_1538,889,10668.0,51.13137139830244,6.9328300092903605,35000,237.22832900719965,0.0,0.9746349101247458,62950.639846694074,48720.7818861008,0.0,0.0
EZS39RG_1538,890,10668.0,51.12974886233007,6.935037400391747,35000,237.22832900719965,0.0,0.9746072201808642,62949.66521178395,48719.468577166,0.0,0.0
EZS39RG_1538,891,10668.0,51.128126284479926,6.937244635782075,35000,237.22832900719965,0.0,0.9745795312237444,62948.690604563766,48718.15532587568,0.0,0.0
EZS39RG_1538,892,10668.0,51.1265036647448,6.939451715453794,35000,237.22832900719965,0.0,0.9745518432533716,62947.71602503254,48716.84213222681,0.0,0.0
EZS39RG_1538,893,10668.0,51.124881003116464,6.941658639397464,35000,237.22832900719965,0.0,0.9745241562697304,62946.741473189286,48715.52899621632,0.0,0.0
EZS39RG_1538,894,10668.0,51.12325829958554,6.943865407601514,35000,237.22832900719965,0.0,0.9744964702728053,62945.766949033015,48714.215917841146,0.0,0.0
EZS39RG_1538,895,10668.0,51.12163555414136,6.946072020051964,35000,237.22832900719965,0.0,0.9744687852625801,62944.792452562746,48712.9028970982,0.0,0.0
EZS39RG_1538,896,10668.0,51.12001276677182,6.948278476732093,35000,237.22832900719965,0.0,0.9744411012390404,62943.81798377748,48711.58993398447,0.0,0.0
EZS39RG_1538,897,10668.0,51.11838993746311,6.950484777622048,35000,237.22832900719965,0.0,0.9744134182021699,62942.843542676244,48710.27702849684,0.0,0.0
EZS39RG_1538,898,10668.0,51.11676706619948,6.9526909226983635,35000,237.22832900719965,0.0,0.9743857361519541,62941.86912925804,48708.964180632305,0.0,0.0
EZS39RG_1538,899,10668.0,51.11514415296297,6.954896911933393,35000,237.22832900719965,0.0,0.9743580550883765,62940.89474352189,48707.65139038775,0.0,0.0
EZS39RG_1538,900,10668.0,51.11352119773299,6.957102745294604,35000,237.22832900719965,0.0,0.9743303750114224,62939.9203854668,48706.338657760156,0.0,0.0
EZS39RG_1538,901,10668.0,51.111898200485875,6.959308422743702,35000,237.22832900719965,0.0,0.9743026959210758,62938.94605509179,48705.02598274642,0.0,0.0
EZS39RG_1538,902,10668.0,51.11027516119428,6.9615139442355485,35000,237.22832900719965,0.0,0.9742750178173217,62937.97175239587,48703.71336534352,0.0,0.0
EZS39RG_1538,903,10668.0,51.10865207982647,6.963719309716767,35000,237.22832900719965,0.0,0.974247340700144,62936.99747737805,48702.400805548365,0.0,0.0
EZS39RG_1538,904,10668.0,51.10702895634534,6.965924519123965,35000,237.22832900719965,0.0,0.9742196645695279,62936.02323003735,48701.08830335792,0.0,0.0
EZS39RG_1538,905,10668.0,51.10540579070717,6.968129572381387,35000,237.22832900719965,0.0,0.9741919894254574,62935.04901037278,48699.775858769106,0.0,0.0
EZS39RG_1538,906,10668.0,51.103782582859935,6.970334469397781,35000,237.22832900719965,0.0,0.9741643152679175,62934.07481838336,48698.46347177889,0.0,0.0
EZS39RG_1538,907,10668.0,51.102159332741046,6.972539210062109,35000,237.22832900719965,0.0,0.9741366420968922,62933.10065406809,48697.15114238416,0.0,0.0
EZS39RG_1538,908,10668.0,51.100536040274065,6.974743794237509,35000,237.22832900719965,0.0,0.9741089699123658,62932.12651742599,48695.83887058189,0.0,0.0
EZS39RG_1538,909,10668.0,51.09891270536406,6.976948221752521,35000,237.22832900719965,0.0,0.9740812987143235,62931.15240845608,48694.526656369024,0.0,0.0
EZS39RG_1538,910,10668.0,51.09728932789046,6.979152492387841,35000,237.22832900719965,0.0,0.9740536285027496,62930.178327157366,48693.2144997425,0.0,0.0
EZS39RG_1538,911,10668.0,51.09566590769586,6.981356605855305,35000,237.22832900719965,0.0,0.9740259592776283,62929.20427352886,48691.90240069925,0.0,0.0
EZS39RG_1538,912,10668.0,51.09404244456702,6.983560561762476,35000,237.22832900719965,0.0,0.973998291038944,62928.23024756958,48690.590359236216,0.0,0.0
EZS39RG_1538,913,10668.0,51.09241893820025,6.985764359547901,35000,237.22832900719965,0.0,0.9739706237866819,62927.256249278544,48689.27837535034,0.0,0.0
EZS39RG_1538,914,10668.0,51.090795388130516,6.987967998348804,35000,237.22832900719965,0.0,0.9739429575208254,62926.282278654755,48687.966449038555,0.0,0.0
EZS39RG_1538,915,10668.0,51.089171793560645,6.990171476681896,35000,237.22832900719965,0.0,0.9739152922413594,62925.308335697235,48686.65458029781,0.0,0.0
EZS39RG_1538,916,10668.0,51.08754815281734,6.992374791427374,35000,237.22832900719965,0.0,0.973887627948269,62924.33442040499,48685.342769125054,0.0,0.0
EZS39RG_1538,917,10668.0,51.085924460192906,6.9945779319294346,35000,237.22832900719965,0.0,0.9738599646415381,62923.36053277704,48684.031015517234,0.0,0.0
ITY113_1804,0,1.524,52.31419332775843,4.779268643716739,5,229.49979982624342,1.524,0.5823692797721001,57298.55656932567,30686.529912260907,0.08726411179883538,0.08726411179883538
ITY113_1804,1,4.572,52.31216137321042,4.778877810768457,15,227.49979982624342,3.048,0.5803920311501651,57297.9742000459,30559.066501117155,0.08677112947256672,0.08677112947256672
ITY113_1804,2,9.144,52.3101428936081,4.778557311615036,30,225.49979982624342,4.572,0.5786004675308145,57297.39380801475,30439.371234831524,0.08627564704459297,0.08627564704459297
ITY113_1804,3,15.24,52.30813876164034,4.778306678913042,50,223.49979982624342,6.096,0.577004613704021,57296.81520754722,30327.88677450778,0.08577717905387515,0.08577717905387515
ITY113_1804,4,22.86,52.306149851871396,4.778125411966494,75,221.49979982624342,7.62,0.5756148096454772,57296.23820293351,30225.069475551605,0.08527525984740875,0.08527525984740875
ITY113_1804,5,32.004,52.30415458731536,4.778010929987316,104,221.99979982624342,9.144,0.576859353682601,57295.662588123865,30244.05103051729,0.08476436262343207,0.08476436262343207
ITY113_1804,6,42.672,52.30215380939674,4.77796342681394,139,222.49979982624342,10.668,0.5780870977530279,57295.08572877018,30262.430714342543,0.08424409143806733,0.08424409143806733
ITY113_1804,7,54.864,52.30014835998219,4.77798306752949,179,222.99979982624342,12.192,0.5793003125432081,57294.507641672426,30280.311123547584,0.0837140540080832,0.0837140540080832
ITY113_1804,8,67.564,52.298139081019634,4.778069988591719,221,223.49979982624342,12.700000000000001,0.5799543406346075,57293.92834135988,30298.138943573005,0.08318073671792882,0.08318073671792882
ITY113_1804,9,80.264,52.2961268141815,4.778224297974165,263,223.99979982624342,12.700000000000001,0.5803363651596418,57293.34838701925,30316.228887106885,0.08264726609538459,0.08264726609538459
ITY113_1804,10,92.964,52.29411240051193,4.778446075318277,305,224.49979982624342,12.700000000000001,0.5807241728313544,57292.76805065409,30334.57814948375,0.08211335339125839,0.08211335339125839
ITY113_1804,11,105.664,52.29209668007826,4.778735372096238,346,224.99979982624342,12.700000000000001,0.5811215174430389,57292.18732648126,30353.35751265222,0.08157871089148741,0.08157871089148741
ITY113_1804,12,118.364,52.29008049162671,4.779092211784262,388,225.49979982624342,12.700000000000001,0.581520785573941,57291.60620496382,30372.22057341013,0.08104305289142776,0.08104305289142776
ITY113_1804,13,131.064,52.288064672242506,4.779516590046077,429,225.99979982624342,12.700000000000001,0.581929607324214,57291.02468417825,30391.514468081117,0.08050609666041958,0.08050609666041958
ITY113_1804,14,143.764,52.286050057014414,4.780008474926383,471,226.49979982624342,12.700000000000001,0.5823401123401877,57290.442754570926,30410.88113173695,0.07996756339485295,0.07996756339485295
ITY113_1804,15,156.464,52.28403747870385,4.78056780705399,513,226.99979982624342,12.700000000000001,0.5827561213631385,57289.860414458584,30430.49438573267,0.0794271791580468,0.0794271791580468
ITY113_1804,16,169.164,52.282027767418576,4.781194499854417,554,227.49979982624342,12.700000000000001,0.5831817119029976,57289.27765833722,30450.53970325323,0.07888467580527544,0.07888467580527544
ITY113_1804,17,181.864,52.280021750291105,4.781888439771676,596,227.99979982624342,12.700000000000001,0.583608630448333,57288.694476625315,30470.641633171424,0.0783397918923483,0.0783397918923483
ITY113_1804,18,194.564,52.27802025116189,4.78264948649901,638,228.49979982624342,12.700000000000001,0.5840408917974955,57288.11086799487,30490.98280386786,0.07779227356618353,0.07779227356618353
ITY113_1804,19,207.264,52.27602409026731,4.783477473218314,680,228.99979982624342,12.700000000000001,0.5844784432552297,57287.526827103065,30511.56081324014,0.07724187543587473,0.07724187543587473
ITY113_1804,20,219.964,52.27402540334948,4.784318942076462,721,229.49979982624342,12.700000000000001,0.5849256188052745,57286.94234865981,30532.572768883932,0.07668653212015122,0.07668653212015122
ITY113_1804,21,232.664,52.27202235599185,4.785162168042459,763,229.99979982624342,12.700000000000001,0.5853736575096151,57286.357423041,30553.620203261584,0.07612579642333062,0.07612579642333062
ITY113_1804,22,245.364,52.27001494815613,4.786007150630569,805,230.49979982624342,12.700000000000001,0.5858268310383308,57285.77204938349,30574.89739851656,0.07555965530524138,0.07555965530524138
ITY113_1804,23,258.064,52.268003179803934,4.78685388935409,846,230.99979982624342,12.700000000000001,0.5862896646472024,57285.18622255245,30596.610135907064,0.07498809579602388,0.07498809579602388
ITY113_1804,24,270.764,52.26598705089678,4.787702383725347,888,231.49979982624342,12.700000000000001,0.5867530188037402,57284.5999328878,30618.342781609445,0.07441110499646436,0.07441110499646436
ITY113_1804,25,283.464,52.26396656139613,4.788552633255693,930,231.99979982624342,12.700000000000001,0.587221356741042,57284.013179869,30640.298305581047,0.07382069948977532,0.07382069948977532
ITY113_1804,26,296.164,52.26194171126335,4.789404637455505,971,232.49979982624342,12.700000000000001,0.5876993939693174,57283.425958512256,30662.69111404489,0.07318009644553704,0.07318009644553704
ITY113_1804,27,308.864,52.25991250045972,4.790258395834176,1013,232.99979982624342,12.700000000000001,0.5881776142408546,57282.83825911829,30685.088497518616,0.07254066906947829,0.07254066906947829
ITY113_1804,28,321.564,52.257878928946454,4.791113907900116,1055,233.49979982624342,12.700000000000001,0.5886606713281792,57282.25008150405,30707.702064779503,0.07190242441781505,0.07190242441781505
ITY113_1804,29,334.264,52.25584099668467,4.7919711731607455,1096,233.99979982624342,12.700000000000001,0.589153470003196,57281.66142083272,30730.754799492406,0.07126536950294803,0.07126536950294803
ITY113_1804,30,346.964,52.2537987036354,4.792830191122485,1138,234.49979982624342,12.700000000000001,0.5896461191397568,57281.07226736272,30753.797005092852,0.07062951129325078,0.07062951129325078
ITY113_1804,31,359.664,52.25175289143837,4.793690607318559,1180,234.90315703432435,12.700000000000001,0.5900048465286982,57280.48262124358,30770.62409380242,0.0699559234484172,0.0699559234484172
ITY113_1804,32,372.364,52.24970597804767,4.794551404552798,1221,235.02887845368525,12.700000000000001,0.5899720603637091,57279.892616397054,30769.29719680478,0.06925111800178493,0.06925111800178493
ITY113_1804,33,385.064,52.247657962744704,4.795412583007568,1263,235.15468132246738,12.700000000000001,0.5899341913564053,57279.30264433669,30767.739157235297,0.06855015161761427,0.06855015161761427
ITY113_1804,34,397.764,52.245608844810505,4.796274142865152,1305,235.28056568194992,12.700000000000001,0.5898963008869016,57278.71271014534,30766.180065026736,0.06785301097150222,0.06785301097150222
ITY113_1804,35,410.464,52.243558623525715,4.797136084307739,1346,235.40653157338375,12.700000000000001,0.5898634437225982,57278.12281384445,30764.849712448013,0.06715968270904576,0.06715968270904576
ITY113_1804,36,423.164,52.241507298170596,4.797998407517412,1388,235.53257903799442,12.700000000000001,0.5898255085402424,57277.532950400724,30763.28843439408,0.06647015344579618,0.06647015344579618
ITY113_1804,37,435.864,52.23945486802501,4.798861112676137,1429,235.6587081169777,12.700000000000001,0.5897926036547056,57276.94312489218,30761.95576059123,0.0657844097672015,0.0657844097672015
ITY113_1804,38,448.564,52.23740133236842,4.799724199965747,1471,235.78491885150225,12.700000000000001,0.5897546238075593,57276.35333228853,30760.392298814517,0.06510243822856082,0.06510243822856082
ITY113_1804,39,461.264,52.235346690479915,4.80058766956792,1513,235.91121128270603,12.700000000000001,0.5897166225749468,57275.76357766472,30758.82778780824,0.06442422535496985,0.06442422535496985
ITY113_1804,40,473.964,52.233290941638174,4.801451521664162,1555,236.03758545170282,12.700000000000001,0.5896785999750369,57275.173861042145,30757.262228382482,0.0637497576412716,0.0637497576412716
ITY113_1804,41,486.664,52.23123408512147,4.802315756435776,1596,236.16404139957453,12.700000000000001,0.5896456010385565,57274.58418244217,30755.92497452329,0.06307902155200046,0.06307902155200046
ITY113_1804,42,499.364,52.229176120207676,4.803180374063841,1638,236.29057916737565,12.700000000000001,0.5896075338851909,57273.994536841135,30754.357236310778,0.06241200352133258,0.06241200352133258
ITY113_1804,43,512.064,52.22712768600903,4.8041102704871195,1679,236.41719879613123,12.700000000000001,0.5895744873233568,57273.40492930725,30753.017665403222,0.06174788973271271,0.06174788973271271
ITY113_1804,44,524.764,52.22508955367344,4.805105127187652,1721,236.54390032683827,12.700000000000001,0.589536375668702,57272.815354819926,30751.44775071309,0.061087175542946646,0.061087175542946646
ITY113_1804,45,537.464,52.22306249009394,4.8061646016821165,1763,236.67068380046356,12.700000000000001,0.5894982427288216,57272.225818444254,30749.87679125555,0.060430345472197985,0.060430345472197985
ITY113_1804,46,550.164,52.2210472576293,4.807288327694441,1804,236.79754925794646,12.700000000000001,0.5894651254552714,57271.63632020153,30748.533777336324,0.05977787266328586,0.05977787266328586
ITY113_1804,47,562.864,52.219044613827215,4.808475915336716,1846,236.92449674019338,12.700000000000001,0.5894269481005825,57271.04685507607,30746.96064523862,0.05913021836256251,0.05913021836256251
ITY113_1804,48,575.564,52.2170553111499,4.809726951298322,1888,237.05152628808528,12.700000000000001,0.5893887495132455,57270.45742812797,30745.38647071628,0.058487831422968824,0.058487831422968824
ITY113_1804,49,588.264,52.215080096702394,4.811040999043149,1930,237.17863794247134,12.700000000000001,0.5893505297130981,57269.86803937846,30743.81125465522,0.05785114782983735,0.05785114782983735
ITY113_1804,50,600.964,52.213120357522605,4.812417169580809,1971,237.22832900719965,12.700000000000001,0.5892088376015938,57269.278688848746,30737.434813306034,0.05722074603160717,0.05722074603160717
ITY113_1804,51,613.664,52.21117723561482,4.813854671368776,2013,237.22832900719965,12.700000000000001,0.5889933233142943,57268.68948001115,30727.639829309912,0.056597128735769914,0.056597128735769914
ITY113_1804,52,626.364,52.209251452983615,4.815352965520271,2055,237.22832900719965,12.700000000000001,0.5887787908301747,57268.100486687836,30717.8892956984,0.05598068230469162,0.05598068230469162
ITY113_1804,53,639.064,52.20734372519082,4.816911490704261,2096,237.22832900719965,12.700000000000001,0.588570187613648,57267.51170789701,30708.408154193297,0.05537177821938431,0.05537177821938431
ITY113_1804,54,651.764,52.20545476108963,4.818529663358452,2138,237.22832900719965,12.700000000000001,0.5883575966438388,57266.9231377094,30698.7455270199,0.05477077274587226,0.05477077274587226
ITY113_1804,55,664.464,52.20358526256124,4.820206877910305,2180,237.22832900719965,12.700000000000001,0.5881459889326808,57266.33478011275,30689.12742221773,0.0541780066268717,0.0541780066268717
ITY113_1804,56,677.164,52.20173592425403,4.821942507006021,2221,237.22832900719965,12.700000000000001,0.5879402419440971,57265.74663412382,30679.775611345303,0.05359380479906394,0.05359380479906394
ITY113_1804,57,689.864,52.199907433325464,4.823735901747371,2263,237.22832900719965,12.700000000000001,0.5877305786388383,57265.15869388187,30670.245555984067,0.053018476136231306,0.053018476136231306
ITY113_1804,58,702.564,52.19810046918675,4.8255863919363025,2304,237.22832900719965,12.700000000000001,0.5875267304930278,57264.57096330323,30660.97973492247,0.05245231321843695,0.05245231321843695
ITY113_1804,59,715.264,52.1963157032504,4.82749328632721,2346,237.22832900719965,12.700000000000001,0.5873190135311517,57263.98343657274,30651.53782480051,0.0519083794154959,0.0519083794154959
ITY113_1804,60,727.964,52.19455379868076,4.829455872886784,2388,237.22832900719965,12.700000000000001,0.5871122822854604,57263.396117559205,30642.140558559106,0.051379940015006786,0.051379940015006786
ITY113_1804,61,740.664,52.192815410147595,4.831473419061321,2430,237.22832900719965,12.700000000000001,0.586906537257762,57262.80900527692,30632.787961001628,0.050862938092872914,0.050862938092872914
ITY113_1804,62,753.364,52.19110118358282,4.833545172051415,2471,237.22832900719965,12.700000000000001,0.5867065155876732,57262.22209873966,30623.695447407936,0.05035756686269972,0.05035756686269972
ITY113_1804,63,766.064,52.189411755940526,4.835670359093901,2513,237.22832900719965,12.700000000000001,0.5865027208452926,57261.63539222407,30614.431189934818,0.04986400099048403,0.04986400099048403
ITY113_1804,64,778.764,52.18774775496025,4.837848187750956,2555,237.22832900719965,12.700000000000001,0.5862999138251896,57261.048889503225,30605.211675482034,0.049382396608076425,0.049382396608076425
ITY113_1804,65,791.464,52.186109798933785,4.840077846206247,2596,237.22832900719965,12.700000000000001,0.5861027613407734,57260.4625895894,30596.2491331,0.0489128913545801,0.0489128913545801
ITY113_1804,66,804.164,52.18449849647541,4.842358503568005,2638,237.22832900719965,12.700000000000001,0.5859019075946335,57259.876486828056,30587.118106392652,0.048455604445359485,0.048455604445359485
ITY113_1804,67,816.864,52.18291444629576,4.84468931017892,2680,237.22832900719965,12.700000000000001,0.5857020430917381,57259.29058492046,30578.03189783569,0.048010636768332234,0.048010636768332234
ITY113_1804,68,829.564,52.18135823697935,4.847069397932737,2721,237.22832900719965,12.700000000000001,0.5855077642083097,57258.70488287737,30569.19954478006,0.047578071007155415,0.047578071007155415
ITY113_1804,69,842.264,52.179830446765884,4.849497880597432,2763,237.22832900719965,12.700000000000001,0.585309856001194,57258.11937511316,30560.201973203017,0.04715797179087997,0.04715797179087997
ITY113_1804,70,854.964,52.178331643335405,4.851973854144846,2805,237.22832900719965,12.700000000000001,0.5851129385751823,57257.534065257154,30551.249295705296,0.04675038586961394,0.04675038586961394
ITY113_1804,71,867.664,52.176862383597346,4.8544963970866615,2846,237.22832900719965,12.700000000000001,0.5849215377570953,57256.94895231858,30542.547352410395,0.046355342315690364,0.046355342315690364
ITY113_1804,72,880.364,52.17542321348362,4.857064570816591,2888,237.22832900719965,12.700000000000001,0.5847265796822618,57256.36403078082,30533.68346271088,0.04597285274980689,0.04597285274980689
ITY113_1804,73,893.064,52.174014667745745,4.859677419958646,2929,237.22832900719965,12.700000000000001,0.5845370923396944,57255.77930420113,30525.068232087593,0.045602911591554426,0.045602911591554426
ITY113_1804,74,905.764,52.172637269756166,4.862333972721372,2971,237.22832900719965,12.700000000000001,0.5843440956634198,57255.19476710879,30516.293231202533,0.04524549633373473,0.04524549633373473
ITY113_1804,75,918.464,52.17129153131378,4.865033241257904,3013,237.22832900719965,12.700000000000001,0.5841520923651726,57254.610423013124,30507.563252524047,0.044900567839819466,0.044900567839819466
ITY113_1804,76,931.164,52.16997795245376,4.867774222031718,3055,237.22832900719965,12.700000000000001,0.5839610829752593,57254.02627092076,30498.87832220079,0.044568070663876996,0.044568070663876996
ITY113_1804,77,943.864,52.16869702126178,4.870555896187949,3096,237.22832900719965,12.700000000000001,0.5837754518800611,57253.44230983779,30490.437869083562,0.044321893911420746,0.044321893911420746
ITY113_1804,78,956.564,52.16744921369262,4.873377229930126,3138,237.22832900719965,12.700000000000001,0.5835864080545223,57252.85853438591,30481.842032988712,0.044265701275413356,0.044265701275413356
ITY113_1804,79,969.264,52.166234993393346,4.876237174902201,3180,237.22832900719965,12.700000000000001,0.5833983597271082,57252.27494797786,30473.291323606783,0.04420317667383244,0.04420317667383244
ITY113_1804,80,981.964,52.16505481153102,4.879134668575724,3221,237.22832900719965,12.700000000000001,0.5832156203906225,57251.69154961813,30464.98195562535,0.04413462388548921,0.04413462388548921
ITY113_1804,81,994.664,52.16390910662508,4.882068634642033,3263,237.22832900719965,12.700000000000001,0.5830295407862105,57251.10833399774,30456.52049610503,0.04406035315261623,0.04406035315261623
ITY113_1804,82,1007.364,52.162798304384346,4.8850379834093,3305,237.22832900719965,12.700000000000001,0.5828444582874439,57250.525304456954,30448.10424247571,0.043980680336311945,0.043980680336311945
ITY113_1804,83,1020.064,52.16172281754892,4.888041612204317,3346,237.22832900719965,12.700000000000001,0.5826646153762636,57249.94245999867,30439.926189497965,0.04389592606965337,0.04389592606965337
ITY113_1804,84,1032.764,52.160683045736754,4.891078405778845,3388,237.22832900719965,12.700000000000001,0.5824815047943703,57249.359795383294,30431.5993429899,0.04380641491020246,0.04380641491020246
ITY113_1804,85,1045.464,52.1596793752952,4.894147236720405,3429,237.22832900719965,12.700000000000001,0.5823035876618989,57248.7773138785,30423.508608973414,0.04371247449361464,0.04371247449361464
ITY113_1804,86,1058.164,52.15871217915745,4.89724696586736,3471,237.22832900719965,12.700000000000001,0.5821224511371212,57248.19501029084,30415.271274903487,0.0436144346900543,0.0436144346900543
ITY113_1804,87,1070.864,52.15778181670395,4.900376442728121,3513,237.22832900719965,12.700000000000001,0.5819423144326938,57247.6128878397,30407.079280306338,0.043537821658402996,0.043537821658402996
ITY113_1804,88,1083.564,52.1568146205662,4.903476039732189,3555,237.22832900719965,12.700000000000001,0.5817631781029939,57247.030945525265,30398.932652439453,0.04346066091502754,0.04346066091502754
ITY113_1804,89,1096.264,52.155810950124646,4.906544603974302,3596,237.22832900719965,12.700000000000001,0.5815891422511332,57246.44918234716,30391.01792867779,0.04338157070346598,0.04338157070346598
ITY113_1804,90,1108.964,52.15477117831248,4.909580994233566,3638,237.22832900719965,12.700000000000001,0.5814119843334504,57245.86759320491,30382.961027374196,0.04330046589267639,0.04330046589267639
ITY113_1804,91,1121.664,52.153695691477054,4.912584081401408,3680,237.22832900719965,12.700000000000001,0.5812358284524799,57245.286181220574,30374.949574473143,0.043217273079601964,0.043217273079601964
ITY113_1804,92,1134.364,52.15258488923632,4.915552748904804,3721,237.22832900719965,12.700000000000001,0.5810647033407104,57244.70494539212,30367.166869769822,0.04313193043908067,0.04313193043908067
ITY113_1804,93,1147.064,52.15143918433038,4.9184858931246,3763,237.22832900719965,12.700000000000001,0.5808905291738737,57244.12388068878,30359.24530563649,0.0430443875495058,0.0430443875495058
ITY113_1804,94,1159.764,52.150259002468054,4.921382423808774,3804,237.22832900719965,12.700000000000001,0.5807213394335076,57243.54299015961,30351.550391384782,0.0429546051948395,0.0429546051948395
ITY113_1804,95,1172.464,52.14904478216878,4.924241264480487,3846,237.22832900719965,12.700000000000001,0.580549149193617,57242.96226882017,30343.718824637577,0.042862555143620466,0.042862555143620466
ITY113_1804,96,1185.164,52.14779697459962,4.927061352840743,3888,237.22832900719965,12.700000000000001,0.5803779637971882,57242.38171967098,30335.93284406202,0.042768219905651085,0.042768219905651085
ITY113_1804,97,1197.864,52.14651604340764,4.929841641165544,3930,237.22832900719965,12.700000000000001,0.5802077838173998,57241.801341707185,30328.192477766825,0.042671592467086614,0.042671592467086614
ITY113_1804,98,1210.564,52.14520246454762,4.932581096697344,3971,237.22832900719965,12.700000000000001,0.580042494876307,57241.22113392337,30320.67453230793,0.04257267600468714,0.04257267600468714
ITY113_1804,99,1223.264,52.143856726105234,4.935278702030688,4013,237.22832900719965,12.700000000000001,0.5798743033260836,57240.64109142849,30313.024384211654,0.04247148358003034,0.04247148358003034
ITY113_1804,100,1235.964,52.142479328115655,4.9379334554918755,4054,237.22832900719965,12.700000000000001,0.5797109563316425,57240.06121712517,30305.59455167973,0.04236803781451558,0.04236803781451558
ITY113_1804,101,1248.664,52.14107078237778,4.940544371512504,4096,237.22832900719965,12.700000000000001,0.5795447554735826,57239.48150616884,30298.03473263884,0.0422623705460249,0.0422623705460249
ITY113_1804,102,1261.364,52.139631612264054,4.943110480996758,4138,237.22832900719965,12.700000000000001,0.5793795629020584,57238.90196141337,30290.52066848602,0.04215452246813542,0.04215452246813542
ITY113_1804,103,1274.064,52.138162352525995,4.945630831682296,4180,237.22832900719965,12.700000000000001,0.5792153792031456,57238.32258185047,30283.052387907053,0.042044542752808126,0.042044542752808126
ITY113_1804,104,1286.764,52.136663549095516,4.948104488494615,4221,237.22832900719965,12.700000000000001,0.5790559463870184,57237.743366471266,30275.800179699545,0.04193248865750472,0.04193248865750472
ITY113_1804,105,1299.464,52.13513575888205,4.950530533894747,4263,237.22832900719965,12.700000000000001,0.5788937579842031,57237.16431052488,30268.42245352237,0.041818425117709404,0.041818425117709404
ITY113_1804,106,1312.164,52.13357954956564,4.952908068220158,4305,237.22832900719965,12.700000000000001,0.5787325802110399,57236.585416766895,30261.09059686105,0.04170242432585625,0.04170242432585625
ITY113_1804,107,1324.864,52.13199549938599,4.955236210018739,4346,237.22832900719965,12.700000000000001,0.5785760830802114,57236.00668418669,30253.97163028299,0.041584565297683555,0.041584565297683555
ITY113_1804,108,1337.564,52.130384196927615,4.957514096375737,4388,237.22832900719965,12.700000000000001,0.5784169040941427,57235.42810810361,30246.73049869283,0.04146493342705642,0.04146493342705642
ITY113_1804,109,1350.264,52.12874624090115,4.959740883233545,4429,237.22832900719965,12.700000000000001,0.5782623590513116,57234.84969119952,30239.70014119756,0.04134362003031536,0.04134362003031536
ITY113_1804,110,1362.964,52.127082239920874,4.961915745704188,4471,237.22832900719965,12.700000000000001,0.578105181191741,57234.27142884047,30232.54984894891,0.04122072188122473,0.04122072188122473
ITY113_1804,111,1375.664,52.12539281227858,4.964037878374427,4513,237.22832900719965,12.700000000000001,0.5779490169291326,57233.693323659274,30225.445571153745,0.041096340737606825,0.041096340737606825
ITY113_1804,112,1388.364,52.123678585713805,4.9661064956033565,4555,237.22832900719965,12.700000000000001,0.5777938668694533,57233.115374642344,30218.38733737812,0.04097058286075886,0.04097058286075886
ITY113_1804,113,1401.064,52.12194019718064,4.9681208318123815,4596,237.22832900719965,12.700000000000001,0.5776432566401444,57232.537580775475,30211.535612710577,0.040843558528759254,0.040843558528759254
ITY113_1804,114,1413.764,52.120178292611,4.970080141767478,4638,237.22832900719965,12.700000000000001,0.5774901124671608,57231.95993751883,30204.56845053848,0.04071767462227562,0.04071767462227562
ITY113_1804,115,1426.464,52.11839352667465,4.971983700853634,4680,237.22832900719965,12.700000000000001,0.5773379843137787,57231.382447406366,30197.64742095941,0.04060234853670198,0.04060234853670198
ITY113_1804,116,1439.164,52.116586562535936,4.973830805341369,4721,237.22832900719965,12.700000000000001,0.5771903254167801,57230.80510942205,30190.929701685363,0.04048565243299454,0.04048565243299454
ITY113_1804,117,1451.864,52.11475807160737,4.975620772645245,4763,237.22832900719965,12.700000000000001,0.5770402067595608,57230.22791909664,30184.099919596276,0.040367697830574874,0.040367697830574874
ITY113_1804,118,1464.564,52.11290873330016,4.977352941574264,4805,237.22832900719965,12.700000000000001,0.5768911059589288,57229.65087888988,30177.316359562756,0.04024859945013444,0.04024859945013444
ITY113_1804,119,1477.264,52.11103923477177,4.979026672574079,4846,237.22832900719965,12.700000000000001,0.5767464037270167,57229.07398778392,30170.732905409517,0.04012847483760355,0.04012847483760355
ITY113_1804,120,1489.964,52.10915027067058,4.980641347960925,4888,237.22832900719965,12.700000000000001,0.576599316072369,57228.497241380195,30164.040770515057,0.040007443985632364,0.040007443985632364
ITY113_1804,121,1502.664,52.10725265646169,4.982228838039001,4930,237.22832900719965,12.700000000000001,0.5764532481318285,57227.92064206412,30157.394948033765,0.03992484050804252,0.03992484050804252
ITY113_1804,122,1515.364,52.10535502091011,4.983816192934066,4971,237.22832900719965,12.700000000000001,0.5763115079573915,57227.34418881599,30150.94602132732,0.03986408192880913,0.03986408192880913
ITY113_1804,123,1528.064,52.10345736401886,4.985403412664527,5013,237.22832900719965,12.700000000000001,0.5761674568534454,57226.767877308026,30144.391803408722,0.03980352072287464,0.03980352072287464
ITY113_1804,124,1540.764,52.10155968579095,4.986990497248772,5054,237.22832900719965,12.700000000000001,0.5760276864397786,57226.19170985117,30138.032346645257,0.03974315277850643,0.03974315277850643
ITY113_1804,125,1553.464,52.0996619862294,4.988577446705167,5096,237.22832900719965,12.700000000000001,0.5758856546455644,57225.61568216473,30131.569853405115,0.039682973984577936,0.039682973984577936
ITY113_1804,126,1566.164,52.09776426533719,4.990164261052056,5138,237.22832900719965,12.700000000000001,0.5757446457023883,57225.039796510086,30125.153824929574,0.03962298023056847,0.03962298023056847
ITY113_1804,127,1578.864,52.09586652311732,4.991750940307758,5180,237.22832900719965,12.700000000000001,0.5756046602508402,57224.46405186439,30118.784292291948,0.03956316740656348,0.03956316740656348
ITY113_1804,128,1591.564,52.09396875957278,4.993337484490571,5221,237.22832900719965,12.700000000000001,0.5754688606101306,57223.88844720414,30112.60521793817,0.03950353140325411,0.03950353140325411
ITY113_1804,129,1604.264,52.092070974706544,4.994923893618767,5263,237.22832900719965,12.700000000000001,0.5753308995005064,57223.31297834353,30106.327654082455,0.039444068111937035,0.039444068111937035
ITY113_1804,130,1616.964,52.09017316852159,4.996510167710597,5304,237.22832900719965,12.700000000000001,0.5751970769692205,57222.73764744403,30100.238406162473,0.03938477342451467,0.03938477342451467
ITY113_1804,131,1629.664,52.08827534102087,4.998096306784281,5346,237.22832900719965,12.700000000000001,0.5750611427301737,57222.16245036706,30094.052933598483,0.039325643233494426,0.039325643233494426
ITY113_1804,132,1642.364,52.08637749220734,4.999682310858016,5388,237.22832900719965,12.700000000000001,0.5749262351901001,57221.58738922433,30087.91411226026,0.03926667343198914,0.03926667343198914
ITY113_1804,133,1655.064,52.08447962208395,5.00126817994997,5430,237.22832900719965,12.700000000000001,0.5747923550039562,57221.01246298914,30081.821973838465,0.039207859913716586,0.039207859913716586
ITY113_1804,134,1667.764,52.08258173065364,5.002853914078284,5471,237.22832900719965,12.700000000000001,0.574662518197895,57220.43767063414,30075.9138327685,0.0391491985729997,0.0391491985729997
ITY113_1804,135,1680.464,52.08068381791933,5.004439513261069,5513,237.22832900719965,12.700000000000001,0.5745306700273993,57219.86300811594,30069.91403459183,0.039090685304765886,0.039090685304765886
ITY113_1804,136,1693.164,52.07878588388395,5.006024977516405,5555,237.22832900719965,12.700000000000001,0.5743998511743347,57219.288477445916,30063.9610142566,0.039032316004547415,0.039032316004547415
ITY113_1804,137,1705.864,52.07688792855041,5.007610306862342,5596,237.22832900719965,12.700000000000001,0.5742730043043114,57218.71407759474,30058.188751864942,0.03897408656848091,0.03897408656848091
ITY113_1804,138,1718.564,52.07498995192161,5.009195501316899,5638,237.22832900719965,12.700000000000001,0.574144221368003,57218.139804590435,30052.32826025385,0.03891599289330733,0.03891599289330733
ITY113_1804,139,1731.264,52.07309195400043,5.010780560898059,5679,237.22832900719965,12.700000000000001,0.5740193629405526,57217.565660369066,30046.646372343326,0.038858030876371866,0.038858030876371866
ITY113_1804,140,1743.964,52.07119393478977,5.012365485623771,5721,237.22832900719965,12.700000000000001,0.5738926185351161,57216.99164100613,30040.87853561877,0.03880019641562381,0.03880019641562381
ITY113_1804,141,1756.664,52.06929589429248,5.01395027551195,5763,237.22832900719965,12.700000000000001,0.5737669067628477,57216.41774838759,30035.15763675614,0.03874248540961617,0.03874248540961617
ITY113_1804,142,1769.364,52.06739783251143,5.015534930580469,5805,237.22832900719965,12.700000000000001,0.5736422283008198,57215.84398148083,30029.483708387976,0.03868836957262927,0.03868836957262927
ITY113_1804,143,1782.064,52.065499749449465,5.017119450847168,5846,237.22832900719965,12.700000000000001,0.5735213786575917,57215.27033925253,30023.98404095516,0.038640233755591814,0.038640233755591814
ITY113_1804,144,1794.764,52.063601645109415,5.018703836329842,5888,237.22832900719965,12.700000000000001,0.5733987440452335,57214.69681787387,30018.40302382662,0.038592227160592955,0.038592227160592955
ITY113_1804,145,1807.464,52.0617035194941,5.020288087046248,5929,237.22832900719965,12.700000000000001,0.5732798906118017,57214.12341912982,30012.994105255777,0.038544344899076606,0.038544344899076606
ITY113_1804,146,1820.164,52.059805372606334,5.021872203014098,5971,237.22832900719965,12.700000000000001,0.5731593025216679,57213.55013923921,30007.506128006076,0.03849658208320644,0.03849658208320644
ITY113_1804,147,1832.864,52.05790720444891,5.023456184251057,6013,237.22832900719965,12.700000000000001,0.5730397511316341,57212.97697993669,30002.06528441277,0.038448933825865804,0.038448933825865804
ITY113_1804,148,1845.564,52.0560090150246,5.025040030774745,6055,237.22832900719965,12.700000000000001,0.572921237133891,57212.40394018556,29996.67160774712,0.038401395240657235,0.038401395240657235
ITY113_1804,149,1858.264,52.054110804336176,5.026623742602732,6096,237.22832900719965,12.700000000000001,0.572806408287853,57211.831018948425,29991.445670338282,0.03835396144190276,0.03835396144190276
ITY113_1804,150,1870.964,52.05221257238639,5.0282073197525365,6138,237.22832900719965,12.700000000000001,0.5726899462499073,57211.25821254014,29986.145294922433,0.03830662754464326,0.03830662754464326
ITY113_1804,151,1883.664,52.050314319177964,5.029790762241624,6180,237.22832900719965,12.700000000000001,0.5725745236793034,57210.685522593885,29980.892186084573,0.03825938866463839,0.03825938866463839
ITY113_1804,152,1896.364,52.04841604471362,5.031374070087403,6221,237.22832900719965,12.700000000000001,0.5724627142347403,57210.11294807021,29975.803546255825,0.038212239918366454,0.038212239918366454
ITY113_1804,153,1909.064,52.046517748996045,5.032957243307226,6263,237.22832900719965,12.700000000000001,0.5723493477465635,57209.540485355974,29970.64393651552,0.038165176423024104,0.038165176423024104
ITY113_1804,154,1921.764,52.04461943202793,5.03454028191838,6304,237.22832900719965,12.700000000000001,0.5722395464889583,57208.968136008225,29965.64662089194,0.03811819329652633,0.03811819329652633
ITY113_1804,155,1934.464,52.04272109381192,5.036123185938092,6346,237.22832900719965,12.700000000000001,0.5721282388456332,57208.395896461734,29960.580642667617,0.03807128565750583,0.03807128565750583
ITY113_1804,156,1947.164,52.04082273435066,5.03770595538352,6388,237.22832900719965,12.700000000000001,0.5720179741734979,57207.82376822289,29955.562098976556,0.03802444862531326,0.03802444862531326
ITY113_1804,157,1959.864,52.03892435364677,5.03928859027175,6430,237.22832900719965,12.700000000000001,0.5719087531879887,57207.25175024871,29950.59102406459,0.03797767732001666,0.03797767732001666
ITY113_1804,158,1972.564,52.03702595170284,5.040871090619796,6471,237.22832900719965,12.700000000000001,0.57180300088572,57206.67984149552,29945.77785853151,0.03793096686240141,0.03793096686240141
ITY113_1804,159,1985.264,52.03512752852143,5.042453456444594,6513,237.22832900719965,12.700000000000001,0.571695844365258,57206.10803849463,29940.900684163145,0.03788431237396981,0.03788431237396981
ITY113_1804,160,1997.964,52.03322908410509,5.044035687762997,6554,237.22832900719965,12.700000000000001,0.5715921084573405,57205.536342650266,29936.179235726344,0.037837708976941005,0.037837708976941005
ITY113_1804,161,2010.664,52.03133061845633,5.04561778459177,6596,237.22832900719965,12.700000000000001,0.5714870192257464,57204.96475054181,29931.396096882985,0.03779115179425062,0.03779115179425062
ITY113_1804,162,2023.364,52.02943213157764,5.047199746947591,6638,237.22832900719965,12.700000000000001,0.5713829772624972,57204.39326352259,29926.6605980247,0.03774463594955056,0.03774463594955056
ITY113_1804,163,2036.064,52.027533623471484,5.0487815748470375,6680,237.22832900719965,12.700000000000001,0.5712799832989064,57203.82188054532,29921.972774058304,0.0376981565672087,0.0376981565672087
ITY113_1804,164,2048.764,52.02563509414028,5.050363268306588,6721,237.22832900719965,12.700000000000001,0.5711803130439621,57203.25060056202,29917.43627389846,0.037651708772308556,0.037651708772308556
ITY113_1804,165,2061.464,52.02373654358642,5.051944827342614,6763,237.22832900719965,12.700000000000001,0.5710793921141699,57202.67942024898,29912.8427596773,0.03760528769064918,0.03760528769064918
ITY113_1804,166,2074.164,52.021837971812275,5.053526251971368,6805,237.22832900719965,12.700000000000001,0.5709795213762761,57202.10834085686,29908.29702488817,0.03755888844874448,0.03755888844874448
ITY113_1804,167,2086.864,52.01993937882015,5.055107542208987,6846,237.22832900719965,12.700000000000001,0.5708829016565604,57201.53736133548,29903.89931122859,0.03751250617382321,0.03751250617382321
ITY113_1804,168,2099.564,52.01804076461232,5.0566886980714765,6888,237.22832900719965,12.700000000000001,0.5707851083077617,57200.966478433824,29899.448093727355,0.03746613599382854,0.03746613599382854
ITY113_1804,169,2112.264,52.01614212919104,5.058269719574707,6930,237.22832900719965,12.700000000000001,0.570688367367219,57200.39569332552,29895.044761196557,0.037419773037417677,0.037419773037417677
ITY113_1804,170,2124.964,52.01424347255848,5.059850606734401,6971,237.22832900719965,12.700000000000001,0.5705948046169098,57199.82500495815,29890.786140436878,0.037378060795569525,0.037378060795569525
ITY113_1804,171,2137.664,52.0123447947168,5.061431359566129,7013,237.22832900719965,12.700000000000001,0.5705001454686398,57199.25441015353,29886.477534715934,0.03733970711782941,0.03733970711782941
ITY113_1804,172,2150.364,52.01044609566808,5.063011978085291,7055,237.22832900719965,12.700000000000001,0.5704065409693302,57198.68391000806,29882.216920509025,0.03730139468326051,0.03730139468326051
ITY113_1804,173,2163.064,52.00854737541436,5.064592462307114,7096,237.22832900719965,12.700000000000001,0.5703160416932875,57198.113503467095,29878.09770196705,0.037263118723828204,0.037263118723828204
ITY113_1804,174,2175.764,52.00664863395761,5.06617281224663,7138,237.22832900719965,12.700000000000001,0.5702245234377596,57197.5431874254,29873.93202608493,0.03722487447219474,0.03722487447219474
ITY113_1804,175,2188.464,52.004749871299744,5.06775302791867,7179,237.22832900719965,12.700000000000001,0.5701360618792088,57196.972962901964,29869.905540274576,0.03718665716171901,0.03718665716171901
ITY113_1804,176,2201.164,52.0028510874426,5.069333109337842,7221,237.22832900719965,12.700000000000001,0.5700466328499934,57196.40282684009,29865.834944262475,0.037148462026455824,0.037148462026455824
ITY113_1804,177,2213.864,52.00095228238795,5.07091305651852,7263,237.22832900719965,12.700000000000001,0.5699582622527528,57195.83278020724,29861.81251929543,0.03711028430115545,0.03711028430115545
ITY113_1804,178,2226.564,51.99905345613748,5.072492869474818,7304,237.22832900719965,12.700000000000001,0.5698728751507331,57195.26282194498,29857.925956917985,0.037072119221262856,0.037072119221262856
ITY113_1804,179,2239.264,51.997154608692796,5.074072548220575,7346,237.22832900719965,12.700000000000001,0.5697865983127375,57194.69294906983,29853.99882668281,0.03703396202291694,0.03703396202291694
ITY113_1804,180,2251.964,51.99525574005539,5.075652092769327,7388,237.22832900719965,12.700000000000001,0.5697013822133958,57194.12316247152,29850.119976748185,0.03699580794294971,0.03699580794294971
ITY113_1804,181,2264.664,51.99335685022668,5.077231503134286,7430,237.22832900719965,12.700000000000001,0.5696172276334934,57193.55346108931,29846.289444059323,0.03695765221888572,0.03695765221888572
ITY113_1804,182,2277.364,51.99145793920795,5.078810779328302,7471,237.22832900719965,12.700000000000001,0.5695359585261521,57192.98384386167,29842.590317561204,0.0369194900889406,0.0369194900889406
ITY113_1804,183,2290.064,51.989559007000366,5.08038992136384,7513,237.22832900719965,12.700000000000001,0.5694539038390656,57192.41430790314,29838.85536983839,0.0368813167920205,0.0368813167920205
ITY113_1804,184,2302.764,51.98766005360496,5.081968929252932,7555,237.22832900719965,12.700000000000001,0.5693729130117966,57191.844853999304,29835.168849995807,0.03684312756772049,0.03684312756772049
ITY113_1804,185,2315.464,51.98576107902263,5.083547803007144,7596,237.22832900719965,12.700000000000001,0.5692947341182761,57191.27548108629,29831.610392575196,0.03680491765632359,0.03680491765632359
ITY113_1804,186,2328.164,51.98386208325409,5.0851265426375205,7638,237.22832900719965,12.700000000000001,0.569215847833181,57190.706186352174,29828.019677324686,0.036766682298799015,0.036766682298799015
ITY113_1804,187,2340.864,51.981963066299876,5.0867051481545325,7680,237.22832900719965,12.700000000000001,0.5691380277737732,57190.13697050434,29824.477501629393,0.03672841673680054,0.03672841673680054
ITY113_1804,188,2353.564,51.98006402816034,5.0882836195680134,7721,237.22832900719965,12.700000000000001,0.5690629459623164,57189.56783247657,29821.06003750137,0.03669011621266475,0.03669011621266475
ITY113_1804,189,2366.264,51.9781649688356,5.089861956887084,7763,237.22832900719965,12.700000000000001,0.5689872351450358,57188.998769530604,29817.61388808729,0.03665177596940861,0.03665177596940861
ITY113_1804,190,2378.964,51.976265888325514,5.09144016012007,7804,237.22832900719965,12.700000000000001,0.5689142135677041,57188.42978229546,29814.290221387633,0.036613391250727094,0.036613391250727094
ITY113_1804,191,2391.664,51.97436678662967,5.093018229274398,7846,237.22832900719965,12.700000000000001,0.5688406151412946,57187.860868081894,29810.940246594477,0.036574957300990224,0.036574957300990224
ITY113_1804,192,2404.364,51.972467663747345,5.094596164356486,7888,237.22832900719965,12.700000000000001,0.5687680869344016,57187.292027466756,29807.638999505238,0.03653646936523967,0.03653646936523967
ITY113_1804,193,2417.064,51.97056851967743,5.096173965371595,7929,237.22832900719965,12.700000000000001,0.5686981740334405,57186.72325937982,29804.456872331768,0.036497922689184586,0.036497922689184586
ITY113_1804,194,2429.764,51.96866935441841,5.097751632323675,7971,237.22832900719965,12.700000000000001,0.5686277630025707,57186.15456120578,29801.25202501748,0.03645931251919704,0.03645931251919704
ITY113_1804,195,2442.464,51.966770167968306,5.099329165215158,8013,237.22832900719965,12.700000000000001,0.5685584246261202,57185.58593344278,29798.096019889595,0.036420634102306275,0.036420634102306275
ITY113_1804,196,2455.164,51.96487096032458,5.100906564046724,8055,237.22832900719965,12.700000000000001,0.568490159728219,57185.01737501816,29794.98889565786,0.03638188268619177,0.03638188268619177
ITY113_1804,197,2467.864,51.962971731484046,5.102483828817007,8096,237.22832900719965,12.700000000000001,0.5684244111224779,57184.44888485843,29791.996387220897,0.03634305351917479,0.03634305351917479
ITY113_1804,198,2480.564,51.961072481442756,5.104060959522232,8138,237.22832900719965,12.700000000000001,0.5683582698746883,57183.880460447304,29788.98596686084,0.03625072205274931,0.03625072205274931
ITY113_1804,199,2493.264,51.959173210195864,5.1056379561557605,8180,237.22832900719965,12.700000000000001,0.568293204575588,57183.31210217743,29786.02454330712,0.036141342974569335,0.036141342974569335
ITY113_1804,200,2505.964,51.957273917737446,5.107214818707519,8221,237.22832900719965,12.700000000000001,0.568230581278333,57182.74380897285,29783.174355654435,0.036030999260256005,0.036030999260256005
ITY113_1804,201,2518.664,51.95537460406026,5.108791547163254,8263,237.22832900719965,12.700000000000001,0.5681676445362325,57182.17557839157,29780.309866058906,0.035919708148876635,0.035919708148876635
ITY113_1804,202,2531.364,51.95347526915543,5.11036814150357,8305,237.22832900719965,12.700000000000001,0.5681057862396048,57181.607410747034,29777.49449025726,0.03580748687680486,0.03580748687680486
ITY113_1804,203,2544.064,51.95157591301208,5.1119446017026275,8346,237.22832900719965,12.700000000000001,0.5680462954991508,57181.039304960796,29774.786963026894,0.035694352677683144,0.035694352677683144
ITY113_1804,204,2556.764,51.94967653561671,5.113520927726379,8388,237.22832900719965,12.700000000000001,0.5679865707192857,57180.4712586653,29772.068753406144,0.03558032278236701,0.03558032278236701
ITY113_1804,205,2569.464,51.947777136952475,5.115097119530087,8430,237.22832900719965,12.700000000000001,0.5679279269085533,57179.903272094576,29769.39977565171,0.0354654144188491,0.0354654144188491
ITY113_1804,206,2582.164,51.94587771699802,5.116673177054732,8471,237.22832900719965,12.700000000000001,0.5678715760512385,57179.335344167666,29766.835251631244,0.035349644812147155,0.035349644812147155
ITY113_1804,207,2594.864,51.94397827572578,5.118249100221603,8513,237.22832900719965,12.700000000000001,0.5678150707703626,57178.767472591615,29764.263674431546,0.035233031184133026,0.035233031184133026
ITY113_1804,208,2607.564,51.94207881309931,5.119824888923765,8554,237.22832900719965,12.700000000000001,0.5677608088204502,57178.19965752085,29761.794292675808,0.0351155907532616,0.0351155907532616
ITY113_1804,209,2620.264,51.94016097925782,5.1213409281560205,8596,237.22832900719965,12.700000000000001,0.5677064454276044,57177.631896712024,29759.320272841862,0.034995207900987146,0.034995207900987146
ITY113_1804,210,2632.964,51.93822548680962,5.122796659165886,8638,237.22832900719965,12.700000000000001,0.5676531672633489,57177.064190266596,29756.895683767463,0.034872002422036315,0.034872002422036315
ITY113_1804,211,2645.664,51.936273054924406,5.124191545750009,8680,237.22832900719965,12.700000000000001,0.5676009751970965,57176.49653709933,29754.520565989467,0.03474609649154728,0.03474609649154728
ITY113_1804,212,2658.364,51.93430440906605,5.125525074448741,8721,237.22832900719965,12.700000000000001,0.5675509264005196,57175.92893612413,29752.24308945977,0.03461761446857775,0.03461761446857775
ITY113_1804,213,2671.064,51.93232028072305,5.1267967547320366,8763,237.22832900719965,12.700000000000001,0.5675008830521326,57175.36138519773,29749.965847498042,0.034486682697876914,0.034486682697876914
ITY113_1804,214,2683.764,51.9303214071367,5.128006119176661,8805,237.22832900719965,12.700000000000001,0.5674519284074229,57174.79388431468,29747.738198205752,0.034353429310255625,0.034353429310255625
ITY113_1804,215,2696.464,51.928308531027206,5.129152723634612,8846,237.22832900719965,12.700000000000001,0.5674050419478682,57174.22643238627,29745.604772367882,0.034217984021886215,0.034217984021886215
ITY113_1804,216,2709.164,51.92628966812112,5.13027125509139,8888,237.22832900719965,12.700000000000001,0.567358241196855,57173.65902734432,29743.475239810123,0.034081442004938595,0.034081442004938595
ITY113_1804,217,2721.864,51.92427079461387,5.131389685924591,8930,237.22832900719965,12.700000000000001,0.5673125317829941,57173.09166910312,29741.39542241054,0.03394461972681663,0.03394461972681663
ITY113_1804,218,2734.564,51.922251910507164,5.1325080161500365,8971,237.22832900719965,12.700000000000001,0.5672688153056191,57172.52435657134,29739.406402872934,0.033807530179853496,0.033807530179853496
ITY113_1804,219,2747.264,51.92023301580274,5.133626245783543,9013,237.22832900719965,12.700000000000001,0.5672252650164469,57171.95708775603,29737.424945338393,0.0336701863541775,0.0336701863541775
ITY113_1804,220,2759.964,51.918214110502305,5.134744374840927,9055,237.22832900719965,12.700000000000001,0.5671828087259365,57171.389862491014,29735.49332657435,0.033532601237711845,0.033532601237711845
ITY113_1804,221,2772.664,51.91619519460759,5.135862403337999,9096,237.22832900719965,12.700000000000001,0.5671422699572843,57170.822679682286,29733.64907220723,0.03339478781617558,0.03339478781617558
ITY113_1804,222,2785.364,51.91417626812031,5.136980331290569,9138,237.22832900719965,12.700000000000001,0.5671019780780744,57170.255537412326,29731.81605866657,0.03325675907308415,0.03325675907308415
ITY113_1804,223,2798.064,51.91215733104219,5.138098158714441,9179,237.22832900719965,12.700000000000001,0.5670635535542747,57169.68843543425,29730.06812538253,0.033118527989750235,0.033118527989750235
ITY113_1804,224,2810.764,51.91013838337494,5.139215885625418,9221,237.22832900719965,12.700000000000001,0.5670254296274124,57169.12137188069,29728.333881212428,0.03298010754528327,0.03298010754528327
ITY113_1804,225,2823.464,51.9081194251203,5.140333512039301,9263,237.22832900719965,12.700000000000001,0.566988404190617,57168.55434645106,29726.649684010827,0.032841533384878524,0.032841533384878524
ITY113_1804,226,2836.164,51.906100456279965,5.141451037971883,9305,237.22832900719965,12.700000000000001,0.5669524781605304,57167.98735804687,29725.0155762068,0.03270810861914872,0.03270810861914872
ITY113_1804,227,2848.864,51.904081476855666,5.142568463438961,9346,237.22832900719965,12.700000000000001,0.5669183183178532,57167.42040556871,29723.461941953057,0.03257443610573267,0.03257443610573267
ITY113_1804,228,2861.564,51.902062486849125,5.143685788456322,9388,237.22832900719965,12.700000000000001,0.5668845674409817,57166.85348725039,29721.926936835593,0.03244052698323179,0.03244052698323179
ITY113_1804,229,2874.264,51.90004348626206,5.144803013039754,9430,237.22832900719965,12.700000000000001,0.5668519187178196,57166.28660268294,29720.442148146507,0.03230639238835718,0.03230639238835718
ITY113_1804,230,2886.964,51.89802447509617,5.1459201372050405,9471,237.22832900719965,12.700000000000001,0.5668209602585434,57165.71975076423,29719.034375475392,0.032172043455930804,0.032172043455930804
ITY113_1804,231,2899.664,51.8960054533532,5.147037160967963,9513,237.22832900719965,12.700000000000001,0.5667904921448168,57165.15292980397,29717.64894160955,0.03203749131888664,0.03203749131888664
ITY113_1804,232,2912.364,51.893986421034846,5.148154084344298,9555,237.22832900719965,12.700000000000001,0.5667611289607619,57164.586139311825,29716.31385235855,0.03190274710826978,0.03190274710826978
ITY113_1804,233,2925.064,51.89196737814283,5.14927090734982,9596,237.22832900719965,12.700000000000001,0.5667333799437073,57164.019378182864,29715.052313419183,0.03176782195323754,0.03176782195323754
ITY113_1804,234,2937.764,51.889948324678876,5.150387630000301,9638,237.22832900719965,12.700000000000001,0.5667062028827616,57163.45264480292,29713.81683341959,0.03163272698106072,0.03163272698106072
ITY113_1804,235,2950.464,51.88792926064469,5.1515042523115095,9680,237.22832900719965,12.700000000000001,0.5666801335566429,57162.88593860004,29712.63182738515,0.0314974733171222,0.0314974733171222
ITY113_1804,236,2963.164,51.885910186042,5.15262077429921,9721,237.22832900719965,12.700000000000001,0.5666556021253837,57162.31925846649,29711.516897705293,0.03136207208491964,0.03136207208491964
ITY113_1804,237,2975.864,51.8838911008725,5.153737195979166,9763,237.22832900719965,12.700000000000001,0.5666317244939589,57161.75260286436,29710.431757658152,0.03122653440606368,0.03122653440606368
ITY113_1804,238,2988.564,51.88187200513793,5.154853517367135,9804,237.22832900719965,12.700000000000001,0.5666093340164147,57161.18597113987,29709.41438272995,0.031090871400280336,0.031090871400280336
ITY113_1804,239,3001.264,51.879852898839985,5.155969738478873,9846,237.22832900719965,12.700000000000001,0.5665876518112134,57160.61936180585,29708.42928041619,0.0309550941854103,0.0309550941854103
ITY113_1804,240,3013.964,51.87783378198039,5.1570858593301345,9888,237.22832900719965,12.700000000000001,0.56656708207384,57160.05277415404,29707.49486990367,0.030819213877410136,0.030819213877410136
ITY113_1804,241,3026.664,51.87581465456086,5.158201879936668,9930,237.22832900719965,12.700000000000001,0.5665476257701128,57159.48620707197,29706.611195581518,0.030683241590352038,0.030683241590352038
ITY113_1804,242,3039.364,51.8737955165831,5.159317800314219,9971,237.22832900719965,12.700000000000001,0.5665295542835374,57158.9196594462,29705.79062463825,0.030547188436424323,0.030547188436424323
ITY113_1804,243,3052.064,51.87177636804883,5.160433620478533,10013,237.22832900719965,12.700000000000001,0.5665123009932416,57158.35312989191,29705.00733676404,0.030411065525932923,0.030411065525932923
ITY113_1804,244,3064.764,51.869757208959754,5.161549340445349,10055,237.22832900719965,12.700000000000001,0.5664961640307189,57157.786617590915,29704.274917971827,0.030274883967300804,0.030274883967300804
ITY113_1804,245,3077.464,51.867738039317594,5.162664960230406,10096,237.22832900719965,12.700000000000001,0.5664813350759097,57157.220121426886,29703.602103383746,0.03013865486706879,0.03013865486706879
ITY113_1804,246,3090.164,51.86571885912406,5.163780479849437,10138,237.22832900719965,12.700000000000001,0.5664674068748867,57156.65364009181,29702.97033479738,0.030002389329896018,0.030002389329896018
ITY113_1804,247,3102.864,51.86369966838086,5.164895899318173,10180,237.22832900719965,12.700000000000001,0.5664545979258861,57156.08717268494,29702.389569381936,0.029866098458560413,0.029866098458560413
ITY113_1804,248,3115.564,51.86168046708971,5.166011218652343,10221,237.22832900719965,12.700000000000001,0.5664430199921611,57155.52071808701,29701.86490043291,0.02972979335395913,0.02972979335395913
ITY113_1804,249,3128.264,51.85966125525232,5.167126437867671,10263,237.22832900719965,12.700000000000001,0.5664324256124726,57154.95427506702,29701.38505135526,0.02959348511510869,0.02959348511510869
ITY113_1804,250,3140.964,51.8576420328704,5.168241556979879,10305,237.22832900719965,12.700000000000001,0.5664229534394067,57154.38784264141,29700.956340743254,0.02945718483914652,0.02945718483914652
ITY113_1804,251,3153.664,51.855622799945664,5.169356576004687,10346,237.22832900719965,12.700000000000001,0.5664146351042001,57153.82141968797,29700.58021021754,0.029320903621329948,0.029320903621329948
ITY113_1804,252,3166.364,51.85360355647981,5.170471494957809,10388,237.22832900719965,12.700000000000001,0.5664073833684611,57153.255005052866,29700.252684466286,0.029184652555037424,0.029184652555037424
ITY113_1804,253,3179.064,51.851584302474556,5.1715863138549585,10429,237.22832900719965,12.700000000000001,0.5664012341231233,57152.6885976695,29699.975399180596,0.029049141856530323,0.029049141856530323
ITY113_1804,254,3191.764,51.84956503793161,5.172701032711845,10471,237.22832900719965,12.700000000000001,0.566396206754328,57152.122196435375,29699.749237908843,0.028916174028754644,0.028916174028754644
ITY113_1804,255,3204.464,51.84754576285269,5.173815651544174,10513,237.22832900719965,12.700000000000001,0.5663923065763963,57151.55580022862,29699.574442924106,0.02878315970107598,0.02878315970107598
ITY113_1804,256,3217.164,51.84552647723949,5.174930170367651,10555,237.22832900719965,12.700000000000001,0.5663895346062722,57150.98940792205,29699.45106064633,0.028632314011492844,0.028632314011492844
ITY113_1804,257,3229.864,51.84350718109372,5.176044589197975,10596,237.22832900719965,12.700000000000001,0.5663877615562385,57150.42301838744,29699.37319944672,0.028480135092625324,0.028480135092625324
ITY113_1804,258,3242.564,51.8414878744171,5.177158908050843,10638,237.22832900719965,12.700000000000001,0.5663872219419028,57149.85663062588,29699.351546316935,0.02832988389784893,0.02832988389784893
ITY113_1804,259,3255.264,51.839468557211326,5.178273126941949,10680,237.22832900719965,12.700000000000001,0.5663878135824214,57149.290243403935,29699.381444858136,0.02818154704849987,0.02818154704849987
ITY113_1804,260,3267.964,51.83744922947811,5.179387245886985,10721,237.22832900719965,12.700000000000001,0.5663893263986353,57148.72385559035,29699.45332168776,0.028035111168179524,0.028035111168179524
ITY113_1804,261,3280.664,51.83542989121916,5.180501264901638,10763,237.22832900719965,12.700000000000001,0.5663921564463039,57148.157466263954,29699.585225175822,0.027890562882753836,0.027890562882753836
ITY113_1804,262,3293.364,51.83341054243618,5.181615184001593,10805,237.22832900719965,12.700000000000001,0.5663961208271515,57147.591074107506,29699.768820539546,0.027747888820353124,0.027747888820353124
ITY113_1804,263,3306.064,51.83139118313087,5.182729003202533,10846,237.22832900719965,12.700000000000001,0.5664009284462337,57147.02467798668,29699.990842436,0.02760707561137048,0.02760707561137048
ITY113_1804,264,3318.764,51.829371813304945,5.183842722520134,10888,237.22832900719965,12.700000000000001,0.5664071373476209,57146.458277058235,29700.27672100554,0.027468109888462634,0.027468109888462634
ITY113_1804,265,3331.464,51.827352432960105,5.184956341970073,10930,237.22832900719965,12.700000000000001,0.56641448369202,57145.89186992089,29700.614432904942,0.027330978286547906,0.027330978286547906
ITY113_1804,266,3344.164,51.82533304209806,5.186069861568024,10971,237.22832900719965,12.700000000000001,0.5664225951420638,57145.325455437196,29700.987010533132,0.027195667442807138,0.027195667442807138
ITY113_1804,267,3356.864,51.82331364072051,5.187183281329655,11013,237.22832900719965,12.700000000000001,0.5664321921828763,57144.759032842056,29701.427286375045,0.0270621639966817,0.0270621639966817
ITY113_1804,268,3369.564,51.82129422882916,5.188296601270632,11054,237.22832900719965,12.700000000000001,0.5664425023420305,57144.192600649876,29701.900058603664,0.026930454589874333,0.026930454589874333
ITY113_1804,269,3382.264,51.81927480642572,5.189409821406619,11096,237.22832900719965,12.700000000000001,0.5664543542145446,57143.626158147534,29702.443086164752,0.026800525866347194,0.026800525866347194
ITY113_1804,270,3394.964,51.817255373511884,5.190522941753276,11138,237.22832900719965,12.700000000000001,0.5664673487751744,57143.05970379332,29703.038185224264,0.02667236447232235,0.02667236447232235
ITY113_1804,271,3407.664,51.81523593008936,5.19163596232626,11180,237.22832900719965,12.700000000000001,0.5664814870939283,57142.49323644454,29703.685404306587,0.026545957056280524,0.026545957056280524
ITY113_1804,272,3420.364,51.813216476159845,5.192748883141226,11221,237.22832900719965,12.700000000000001,0.5664962336594155,57141.92675495745,29704.36034003273,0.02642129026896121,0.02642129026896121
ITY113_1804,273,3433.064,51.81119701172505,5.193861704213823,11263,237.22832900719965,12.700000000000001,0.5665126352156045,57141.36025872379,29705.110692035465,0.0262983507633618,0.0262983507633618
ITY113_1804,274,3445.764,51.80917753678668,5.1949744255597015,11305,237.22832900719965,12.700000000000001,0.5665301837356573,57140.79374608857,29705.913309317937,0.02617712519473697,0.02617712519473697
ITY113_1804,275,3458.464,51.80715805134643,5.196087047194505,11346,237.22832900719965,12.700000000000001,0.566548261771906,57140.22721590484,29706.74005479552,0.026057600220597863,0.026057600220597863
ITY113_1804,276,3471.164,51.805138555405996,5.197199569133875,11388,237.22832900719965,12.700000000000001,0.5665680798954493,57139.66066764307,29707.64609327561,0.025939762500711845,0.025939762500711845
ITY113_1804,277,3483.864,51.80311904896709,5.1983119913934495,11430,237.22832900719965,12.700000000000001,0.5665890482210252,57139.094099563175,29708.604543578174,0.025823598697102244,0.025823598697102244
ITY113_1804,278,3496.564,51.80109953203141,5.199424313988866,11471,237.22832900719965,12.700000000000001,0.5666104671286998,57138.527510514956,29709.583524243622,0.02570909547404716,0.02570909547404716
ITY113_1804,279,3509.264,51.799080004600654,5.200536536935755,11513,237.22832900719965,12.700000000000001,0.5666337114881224,57137.96090004783,29710.645686570806,0.02559623949807954,0.02559623949807954
ITY113_1804,280,3521.964,51.79706046667652,5.201648660249748,11555,237.22832900719965,12.700000000000001,0.5666581093204048,57137.39426633634,29711.76040855832,0.025485017437985723,0.025485017437985723
ITY113_1804,281,3534.664,51.79504091826071,5.20276068394647,11596,237.22832900719965,12.700000000000001,0.5666828785949776,57136.827608227024,29712.892053607586,0.0253760902018536,0.0253760902018536
ITY113_1804,282,3547.364,51.79302135935493,5.203872608041545,11638,237.22832900719965,12.700000000000001,0.5667095589562168,57136.260925348426,29714.110781014868,0.025269631867045807,0.025269631867045807
ITY113_1804,283,3560.064,51.79100178996087,5.204984432550593,11679,237.22832900719965,12.700000000000001,0.5667365580978032,57135.69421578947,29715.344031035573,0.02516469932305182,0.02516469932305182
ITY113_1804,284,3572.764,51.788982210080235,5.206096157489232,11721,237.22832900719965,12.700000000000001,0.5667655253365054,57135.12747923137,29716.66696009453,0.02506128101445557,0.02506128101445557
ITY113_1804,285,3585.464,51.786962619714714,5.207207782873075,11763,237.22832900719965,12.700000000000001,0.5667956515636041,57134.560713706036,29718.04269770668,0.02495936538779413,0.02495936538779413
ITY113_1804,286,3598.164,51.78494301886602,5.2083193087177335,11805,237.22832900719965,12.700000000000001,0.5668269379041049,57133.993918054475,29719.471294577696,0.024858940891557584,0.024858940891557584
ITY113_1804,287,3610.864,51.78292340753583,5.209430735038816,11846,237.22832900719965,12.700000000000001,0.5668584367814602,57133.42709111657,29720.909571157044,0.02475999597618762,0.02475999597618762
ITY113_1804,288,3623.564,51.78090378572586,5.2105420618519265,11888,237.22832900719965,12.700000000000001,0.5668920188372071,57132.86023267979,29722.442768016917,0.024662519094077972,0.024662519094077972
ITY113_1804,289,3636.264,51.7788841534378,5.211653289172667,11930,237.22832900719965,12.700000000000001,0.5669267643765283,57132.29334066095,29724.028975915226,0.02456649869957358,0.02456649869957358
ITY113_1804,290,3648.964,51.77686451067335,5.212764417016637,11971,237.22832900719965,12.700000000000001,0.5669616426826887,57131.72641389658,29725.62122729586,0.024471923248970174,0.024471923248970174
ITY113_1804,291,3661.664,51.774844857434196,5.213875445399432,12013,237.22832900719965,12.700000000000001,0.5669986906293358,57131.159452253894,29727.31233639451,0.02437878120051348,0.02437878120051348
ITY113_1804,292,3674.364,51.77282519372204,5.214986374336644,12055,237.22832900719965,12.700000000000001,0.5670369054633007,57130.592453563266,29729.05660964416,0.024287061014399296,0.024287061014399296
ITY113_1804,293,3687.064,51.770805519538584,5.216097203843864,12096,237.22832900719965,12.700000000000001,0.5670751730796035,57130.0254166578,29730.80328033366,0.024196751152772755,0.024196751152772755
ITY113_1804,294,3699.764,51.76878583488551,5.2172079339366775,12138,237.22832900719965,12.700000000000001,0.5671156970795306,57129.45834148472,29732.652758638385,0.024107840079727536,0.024107840079727536
ITY113_1804,295,3712.464,51.76676613976453,5.2183185646306685,12180,237.22832900719965,12.700000000000001,0.5671573914043158,57128.89122578764,29734.555555549276,0.024020316261305956,0.024020316261305956
ITY113_1804,296,3725.164,51.76474643417732,5.219429095941417,12221,237.22832900719965,12.700000000000001,0.5671990583102164,57128.324068396236,29736.45709395261,0.023934168165497944,0.023934168165497944
ITY113_1804,297,3737.864,51.762726718125585,5.220539527884501,12263,237.22832900719965,12.700000000000001,0.5672430686266052,57127.75686933793,29738.465402435748,0.02384938426224108,0.02384938426224108
ITY113_1804,298,3750.564,51.760706991611016,5.221649860475494,12304,237.22832900719965,12.700000000000001,0.5672869981513029,57127.189626269304,29740.470019421293,0.023765953023419602,0.023765953023419602
ITY113_1804,299,3763.264,51.758687254635305,5.222760093729967,12346,237.22832900719965,12.700000000000001,0.5673333290285061,57126.622339271154,29742.584044473755,0.023683862922864188,0.023683862922864188
ITY113_1804,300,3775.964,51.75666750720015,5.22387022766349,12388,237.22832900719965,12.700000000000001,0.5673808360260353,57126.05500594213,29744.751648142654,0.023603102436351713,0.023603102436351713
ITY113_1804,301,3788.664,51.75464774930724,5.224980262291626,12430,237.22832900719965,12.700000000000001,0.5674295203258071,57125.48762510611,29746.972883394996,0.023570228054588756,0.023570228054588756
ITY113_1804,302,3801.364,51.752627980958266,5.226090197629938,12471,237.22832900719965,12.700000000000001,0.5674780161450452,57124.92019558578,29749.185518173097,0.023560036990737877,0.023560036990737877
ITY113_1804,303,3814.064,51.75060820215492,5.227200033693986,12513,237.22832900719965,12.700000000000001,0.567529030290503,57124.352717569636,29751.51288609673,0.023550285940842356,0.023550285940842356
ITY113_1804,304,3826.764,51.7485884128989,5.228309770499324,12555,237.22832900719965,12.700000000000001,0.5675812252784964,57123.78518853935,29753.894044145636,0.023540969117525214,0.023540969117525214
ITY113_1804,305,3839.464,51.74656861319189,5.229419408061506,12596,237.22832900719965,12.700000000000001,0.5676331509209727,57123.217607314065,29756.262915520867,0.023532080734386444,0.023532080734386444
ITY113_1804,306,3852.164,51.744548803035585,5.230528946396083,12638,237.22832900719965,12.700000000000001,0.5676876827839867,57122.64997416314,29758.7505208621,0.023523615006002738,0.023523615006002738
ITY113_1804,307,3864.864,51.74252898243167,5.2316383855185995,12680,237.22832900719965,12.700000000000001,0.5677433990645315,57122.082286480356,29761.29207625253,0.023515566147927245,0.023515566147927245
ITY113_1804,308,3877.564,51.74050915138184,5.232747725444601,12721,237.22832900719965,12.700000000000001,0.5677987649087326,57121.51454308129,29763.81764850457,0.023507928376689358,0.023507928376689358
ITY113_1804,309,3890.264,51.73848930988779,5.233856966189627,12763,237.22832900719965,12.700000000000001,0.5678568251624196,57120.94674431638,29766.465968549084,0.023501315866132844,0.023501315866132844
ITY113_1804,310,3902.964,51.7364694579512,5.234966107769217,12805,237.22832900719965,12.700000000000001,0.5679160734435584,57120.37888749122,29769.168399958853,0.023495476773782213,0.023495476773782213
ITY113_1804,311,3915.664,51.734449595573764,5.236075150198903,12846,237.22832900719965,12.700000000000001,0.5679748899693617,57119.81097141778,29771.851141408548,0.02349005487261934,0.02349005487261934
ITY113_1804,312,3928.364,51.73242972275717,5.237184093494218,12888,237.22832900719965,12.700000000000001,0.5680364893909937,57119.242996527806,29774.66065759485,0.023485044972893526,0.023485044972893526
ITY113_1804,313,3941.064,51.7304098395031,5.238292937670691,12929,237.22832900719965,12.700000000000001,0.568097602935967,57118.674960038414,29777.44801680108,0.02348044188572985,0.02348044188572985
ITY113_1804,314,3953.764,51.72838994581326,5.239401682743846,12971,237.22832900719965,12.700000000000001,0.5681615582954183,57118.10686243548,29780.364831849278,0.023476240423128885,0.023476240423128885
ITY113_1804,315,3966.464,51.72637004168932,5.240510328729207,13013,237.22832900719965,12.700000000000001,0.568226707767117,57117.53870087719,29783.336029800335,0.023472435397966607,0.023472435397966607
ITY113_1804,316,3979.164,51.72435012713298,5.241618875642292,13055,237.22832900719965,12.700000000000001,0.5682930525917829,57116.97047416942,29786.361665966037,0.02346902162399402,0.02346902162399402
ITY113_1804,317,3991.864,51.72233020214592,5.2427273234986185,13096,237.22832900719965,12.700000000000001,0.568358802329255,57116.40218111683,29789.360167086892,0.02346599391583708,0.02346599391583708
ITY113_1804,318,4004.564,51.720310266729825,5.243835672313699,13138,237.22832900719965,12.700000000000001,0.5684275128385714,57115.8338223145,29792.493536636903,0.023463347088996393,0.023463347088996393
ITY113_1804,319,4017.264,51.71829032088638,5.244943922103044,13180,237.22832900719965,12.700000000000001,0.5684974224168942,57115.26539480166,29795.68150995542,0.02346107595984704,0.02346107595984704
ITY113_1804,320,4029.964,51.71627036461728,5.2460520728821605,13221,237.22832900719965,12.700000000000001,0.5685666548904249,57114.69689737924,29798.83860977921,0.023459175345638333,0.023459175345638333
ITY113_1804,321,4042.664,51.714250397924204,5.247160124666553,13263,237.22832900719965,12.700000000000001,0.5686389375310839,57114.12833072435,29802.13464500819,0.023457640064493624,0.023457640064493624
ITY113_1804,322,4055.364,51.712230420808844,5.248268077471721,13305,237.22832900719965,12.700000000000001,0.568712422992605,57113.55969178682,29805.48545099284,0.023456464935410055,0.023456464935410055
ITY113_1804,323,4068.064,51.71021043327288,5.249375931313164,13346,237.22832900719965,12.700000000000001,0.5687851490941072,57112.99097936382,29808.801634302214,0.023455644778258417,0.023455644778258417
ITY113_1804,324,4080.764,51.708190435317995,5.250483686206377,13388,237.22832900719965,12.700000000000001,0.5688610150666371,57112.42219421473,29812.260833565826,0.02345517441378285,0.02345517441378285
ITY113_1804,325,4093.464,51.706170426945874,5.251591342166852,13430,237.22832900719965,12.700000000000001,0.5689380876479242,57111.85333319966,29815.77497201611,0.023455048663600694,0.023455048663600694
ITY113_1804,326,4106.164,51.704150408158206,5.252698899210077,13471,237.22832900719965,12.700000000000001,0.5690143183739269,57111.28439511201,29819.25072778469,0.02345526235020219,0.02345526235020219
ITY113_1804,327,4118.864,51.70213037895667,5.253806357351539,13513,237.22832900719965,12.700000000000001,0.5690937789863197,57110.715380793634,29822.873593745604,0.023455810296950395,0.023455810296950395
ITY113_1804,328,4131.564,51.70011033934295,5.25491371660672,13555,237.22832900719965,12.700000000000001,0.5691744500316229,57110.14628701465,29826.55156877862,0.023456687328080796,0.023456687328080796
ITY113_1804,329,4144.264,51.69809028931873,5.2560209769911,13596,237.22832900719965,12.700000000000001,0.5692541964839122,57109.57711256462,29830.187390201816,0.023457888268701266,0.023457888268701266
ITY113_1804,330,4156.964,51.69607022888569,5.257128138520156,13638,237.22832900719965,12.700000000000001,0.5693372631522755,57109.00785836814,29833.974429861333,0.02345940794479175,0.02345940794479175
ITY113_1804,331,4169.664,51.69405015804551,5.258235201209362,13679,237.22832900719965,12.700000000000001,0.5694193501563685,57108.43852110499,29837.716806012886,0.023461241183204057,0.023461241183204057
ITY113_1804,332,4182.364,51.69203007679988,5.259342165074188,13721,237.22832900719965,12.700000000000001,0.5695048175284931,57107.86910175483,29841.61313573625,0.023463382811661687,0.023463382811661687
ITY113_1804,333,4195.064,51.690009985150475,5.260449030130102,13763,237.22832900719965,12.700000000000001,0.569591501777742,57107.29959693731,29845.564860467864,0.023465827658759562,0.023465827658759562
ITY113_1804,334,4207.764,51.68798988309898,5.261555796392568,13805,237.22832900719965,12.700000000000001,0.5696794042178588,57106.73000543553,29849.572038448445,0.02346857055396384,0.02346857055396384
ITY113_1804,335,4220.464,51.68596977064708,5.2626624638770485,13846,237.22832900719965,12.700000000000001,0.5697662158523202,57106.16032603131,29853.52948781104,0.023471606327611694,0.023471606327611694
ITY113_1804,336,4233.164,51.68394964779644,5.263769032599001,13888,237.22832900719965,12.700000000000001,0.5698565293167122,57105.590559815464,29857.646413387498,0.023474929810911156,0.023474929810911156
ITY113_1804,337,4245.864,51.681929514548756,5.264875502573881,13929,237.22832900719965,12.700000000000001,0.5699456965746155,57105.02070328615,29861.71108564409,0.023479543657972134,0.023479543657972134
ITY113_1804,338,4258.564,51.6799093709057,5.265981873817142,13971,237.22832900719965,12.700000000000001,0.5700384262407447,57104.45075758958,29865.93798814988,0.023484644339309146,0.023484644339309146
ITY113_1804,339,4271.264,51.677889216868955,5.267088146344233,14013,237.22832900719965,12.700000000000001,0.5701323806646823,57103.88071916334,29870.220634782556,0.023490046369149458,0.023490046369149458
ITY113_1804,340,4283.964,51.6758690524402,5.2681943201706,14055,237.22832900719965,12.700000000000001,0.5702275611851024,57103.310586782674,29874.559084788158,0.023495745100085424,0.023495745100085424
ITY113_1804,341,4296.664,51.67384887762111,5.269300395311686,14096,237.22832900719965,12.700000000000001,0.5703214836878294,57102.74035922149,29878.840186313002,0.02350173588549213,0.02350173588549213
ITY113_1804,342,4309.364,51.671828692413364,5.270406371782932,14138,237.22832900719965,12.700000000000001,0.5704190909263436,57102.1700377378,29883.28907867736,0.023508014079527215,0.023508014079527215
ITY113_1804,343,4322.064,51.66980849681864,5.271512249599775,14180,237.22832900719965,12.700000000000001,0.5705179282700603,57101.59961864688,29887.793951734217,0.023514575037130628,0.023514575037130628
ITY113_1804,344,4334.764,51.66778829083862,5.27261802877765,14221,237.22832900719965,12.700000000000001,0.5706154236090462,57101.02910071861,29892.237649311282,0.023521414114024478,0.023521414114024478
ITY113_1804,345,4347.464,51.66576807447498,5.273723709331987,14263,237.22832900719965,12.700000000000001,0.5707166956285616,57100.458485295,29896.85331658539,0.023528526666712905,0.023528526666712905
ITY113_1804,346,4360.164,51.6637478477294,5.274829291278215,14304,237.22832900719965,12.700000000000001,0.5708165697357135,57099.88776859937,29901.4052609802,0.02353590805248178,0.02353590805248178
ITY113_1804,347,4372.864,51.66172761060354,5.275934774631759,14346,237.22832900719965,12.700000000000001,0.5709202817557593,57099.316952029636,29906.131957757607,0.02354355362939856,0.02354355362939856
ITY113_1804,348,4385.564,51.659707363099095,5.277040159408041,14388,237.22832900719965,12.700000000000001,0.5710252306347376,57098.74603174788,29910.914933655597,0.0235514587563121,0.0235514587563121
ITY113_1804,349,4398.264,51.65768710521773,5.27814544562248,14430,237.22832900719965,12.700000000000001,0.5711314177492599,57098.175006517245,29915.75424945615,0.023559618792852437,0.023559618792852437
ITY113_1804,350,4410.964,51.65566683696113,5.279250633290492,14471,237.22832900719965,12.700000000000001,0.5712360941102925,57097.6038750995,29920.524701142695,0.023568029099430635,0.023568029099430635
ITY113_1804,351,4423.664,51.65364655833097,5.28035572242749,14513,237.22832900719965,12.700000000000001,0.5713447320397316,57097.03263900539,29925.47552394213,0.023576685037238535,0.023576685037238535
ITY113_1804,352,4436.364,51.651626269328915,5.281460713048885,14554,237.22832900719965,12.700000000000001,0.571451802961761,57096.46129427335,29930.35491976253,0.023585581968248653,0.023585581968248653
ITY113_1804,353,4449.064,51.649605969956646,5.282565605170083,14596,237.22832900719965,12.700000000000001,0.571562897130433,57095.88984247039,29935.417488889034,0.023594715255213915,0.023594715255213915
ITY113_1804,354,4461.764,51.64758566021584,5.283670398806488,14638,237.22832900719965,12.700000000000001,0.5716752364146862,57095.31827957326,29940.536701473142,0.02360408026166744,0.02360408026166744
ITY113_1804,355,4474.464,51.64556534010816,5.284775093973502,14679,237.22832900719965,12.700000000000001,0.5717859237489991,57094.74660433684,29945.580617406085,0.02361367235192246,0.02361367235192246
ITY113_1804,356,4487.164,51.64354500963529,5.285879690686522,14721,237.22832900719965,12.700000000000001,0.5719007275049508,57094.17481841309,29950.811939328774,0.023623486891072062,0.023623486891072062
ITY113_1804,357,4499.864,51.6415246687989,5.286984188960942,14763,237.22832900719965,12.700000000000001,0.5720167805622165,57093.60291768559,29956.100089214175,0.023633519244988858,0.023633519244988858
ITY113_1804,358,4512.564,51.63950431760066,5.288088588812156,14805,237.22832900719965,12.700000000000001,0.5721340843359866,57093.030900905025,29961.445129414577,0.023643764780325118,0.023643764780325118
ITY113_1804,359,4525.264,51.637483956042246,5.289192890255551,14846,237.22832900719965,12.700000000000001,0.5722496222579949,57092.45876682069,29966.709684434434,0.023654218864512265,0.023654218864512265
ITY113_1804,360,4537.964,51.63546358412533,5.290297093306513,14888,237.22832900719965,12.700000000000001,0.5723694016209342,57091.88651719843,29972.167323805177,0.023664876865760808,0.023664876865760808
ITY113_1804,361,4550.664,51.633443201851584,5.291401197980426,14929,237.22832900719965,12.700000000000001,0.5724873583459045,57091.31414779681,29977.5418914215,0.023675734153060242,0.023675734153060242
ITY113_1804,362,4563.364,51.63142280922268,5.292505204292669,14971,237.22832900719965,12.700000000000001,0.5726096188737844,57090.74166043846,29983.112375467084,0.023686786096178667,0.023686786096178667
ITY113_1804,363,4576.064,51.62940240624028,5.293609112258619,15013,237.22832900719965,12.700000000000001,0.572733137190307,57090.16905081959,29988.740061216657,0.023698028065662735,0.023698028065662735
ITY113_1804,364,4588.764,51.627381992906066,5.29471292189365,15055,237.22832900719965,12.700000000000001,0.5728579147367372,57089.5963176824,29994.42501208897,0.023709536939577287,0.023709536939577287
ITY113_1804,365,4601.464,51.62536156922171,5.295816633213132,15096,237.22832900719965,12.700000000000001,0.5729807550188515,57089.02345976766,30000.02167045597,0.023722596246530333,0.023722596246530333
ITY113_1804,366,4614.164,51.62334113518887,5.296920246232434,15138,237.22832900719965,12.700000000000001,0.5731080250525193,57088.450479012645,30005.819964212493,0.02373586466224116,0.02373586466224116
ITY113_1804,367,4626.864,51.62132069080923,5.2980237609669185,15179,237.22832900719965,12.700000000000001,0.5732333006721058,57087.87737098759,30011.52736273761,0.023749338015343957,0.023749338015343957
ITY113_1804,368,4639.564,51.61930023608445,5.299127177431949,15221,237.22832900719965,12.700000000000001,0.5733630688711242,57087.304137686915,30017.439249077284,0.023763012135174132,0.023763012135174132
ITY113_1804,369,4652.264,51.6172797710162,5.300230495642883,15263,237.22832900719965,12.700000000000001,0.5734941035019929,57086.730774618045,30023.40871724889,0.023776882851768336,0.023776882851768336
ITY113_1804,370,4664.964,51.61525929560615,5.301333715615077,15304,237.22832900719965,12.700000000000001,0.5736230574160772,57086.15728051454,30029.28336004683,0.023790945995864055,0.023790945995864055
ITY113_1804,371,4677.664,51.61323880985597,5.302436837363883,15346,237.22832900719965,12.700000000000001,0.5737565988287121,57085.58365745712,30035.366799528907,0.02380519739889954,0.02380519739889954
ITY113_1804,372,4690.364,51.611218313767324,5.303539860904651,15388,237.22832900719965,12.700000000000001,0.5738914110537712,57085.00990085829,30041.50801333166,0.023819632893013653,0.023819632893013653
ITY113_1804,373,4703.064,51.60919780734188,5.304642786252728,15430,237.22832900719965,12.700000000000001,0.5740274955721489,57084.436009447236,30047.707066503423,0.023834248311045643,0.023834248311045643
ITY113_1804,374,4715.764,51.607177290581305,5.305745613423457,15471,237.22832900719965,12.700000000000001,0.5741613836340633,57083.86198195166,30053.806024159963,0.02384903948653496,0.02384903948653496
ITY113_1804,375,4728.464,51.60515676348727,5.306848342432178,15513,237.22832900719965,12.700000000000001,0.5742999865678413,57083.287820568024,30060.119559653478,0.023864002253721126,0.023864002253721126
ITY113_1804,376,4741.164,51.603136226061444,5.30795097329423,15554,237.22832900719965,12.700000000000001,0.5744363353367772,57082.713520581456,30066.330372147415,0.02387913244754361,0.02387913244754361
ITY113_1804,377,4753.864,51.60111567830548,5.309053506024947,15596,237.22832900719965,12.700000000000001,0.5745774625196018,57082.13908424612,30072.758646071314,0.02389442590364161,0.02389442590364161
ITY113_1804,378,4766.564,51.599095120221065,5.3101559406396595,15638,237.22832900719965,12.700000000000001,0.5747198693949616,57081.5645067836,30079.245084203467,0.02390987845835372,0.02390987845835372
ITY113_1804,379,4779.264,51.59707455180985,5.311258277153697,15680,237.22832900719965,12.700000000000001,0.5748635574705154,57080.98978691421,30085.789752698995,0.023925485948718107,0.023925485948718107
ITY113_1804,380,4791.964,51.5950539730735,5.312360515582385,15721,237.22832900719965,12.700000000000001,0.5750048748813716,57080.41492335674,30092.226394408324,0.02394124421247202,0.02394124421247202
ITY113_1804,381,4804.664,51.59303338401368,5.313462655941045,15763,237.22832900719965,12.700000000000001,0.5751510990498561,57079.839918481855,30098.88632104026,0.023957149088051778,0.023957149088051778
ITY113_1804,382,4817.364,51.591012784632056,5.314564698244998,15804,237.22832900719965,12.700000000000001,0.5752948944638783,57079.2647673828,30105.43557653668,0.023973196414592578,0.023973196414592578
ITY113_1804,383,4830.064,51.5889921749303,5.315666642509559,15846,237.22832900719965,12.700000000000001,0.5754436606639599,57078.68947248834,30112.211021767107,0.02398938203192821,0.02398938203192821
ITY113_1804,384,4842.764,51.586971554910065,5.316768488750042,15888,237.22832900719965,12.700000000000001,0.575593715596654,57078.11402882767,30119.045027721975,0.02400570178059108,0.02400570178059108
ITY113_1804,385,4855.464,51.584950924573015,5.317870236981758,15929,237.22832900719965,12.700000000000001,0.5757412540451703,57077.538435112074,30125.764369258493,0.024022151501811962,0.024022151501811962
ITY113_1804,386,4868.164,51.58293028392082,5.318971887220014,15971,237.22832900719965,12.700000000000001,0.5758938600199552,57076.962693858026,30132.714288850133,0.02403872703751969,0.02403872703751969
ITY113_1804,387,4880.864,51.580909632955134,5.320073439480115,16013,237.22832900719965,12.700000000000001,0.5760477593078792,57076.38679999801,30139.72296994116,0.02405542423034116,0.02405542423034116
ITY113_1804,388,4893.564,51.57888897167763,5.3211748937773615,16055,237.22832900719965,12.700000000000001,0.5762029534572524,57075.8107522387,30146.790480378193,0.024072238923601056,0.024072238923601056
ITY113_1804,389,4906.264,51.57686830008996,5.322276250127052,16096,237.22832900719965,12.700000000000001,0.5763555134549556,57075.23454928524,30153.737971044084,0.024089166961321764,0.024089166961321764
ITY113_1804,390,4918.964,51.5748476181938,5.323377508544483,16138,237.22832900719965,12.700000000000001,0.5765132708096485,57074.658193771786,30160.921928111766,0.024106204188223134,0.024106204188223134
ITY113_1804,391,4931.664,51.572826925990796,5.324478669044946,16179,237.22832900719965,12.700000000000001,0.5766683353371442,57074.081680500974,30167.983195211527,0.024123346449722388,0.024123346449722388
ITY113_1804,392,4944.364,51.57080622348262,5.32557973164373,16221,237.22832900719965,12.700000000000001,0.5768286619953138,57073.50501216564,30175.28386602527,0.024141048034128545,0.024141048034128545
ITY113_1804,393,4957.064,51.56878551067093,5.326680696356122,16263,237.22832900719965,12.700000000000001,0.5769902912496405,57072.928183503645,30182.643704985123,0.024160125222485385,0.024160125222485385
ITY113_1804,394,4969.764,51.56676478755738,5.327781563197405,16305,237.22832900719965,12.700000000000001,0.5771532246758655,57072.351193212395,30190.0627810866,0.02417933106764606,0.02417933106764606
ITY113_1804,395,4982.464,51.56474405414364,5.32888233218286,16346,237.22832900719965,12.700000000000001,0.5773133468104727,57071.77403998772,30197.35377674459,0.02419866181830082,0.02419866181830082
ITY113_1804,396,4995.164,51.56272331043136,5.329983003327764,16388,237.22832900719965,12.700000000000001,0.5774788619189046,57071.19672664091,30204.89010861175,0.02421811372376933,0.02421811372376933
ITY113_1804,397,5007.864,51.5607025564222,5.3310835766473925,16429,237.22832900719965,12.700000000000001,0.5776415066604315,57070.619247778995,30212.295672233784,0.02423768303400058,0.02423768303400058
ITY113_1804,398,5020.564,51.558681792117824,5.332184052157015,16471,237.22832900719965,12.700000000000001,0.5778096096568359,57070.04160627234,30219.9495315013,0.02425736599957265,0.02425736599957265
ITY113_1804,399,5033.264,51.55666101751989,5.3332844298719015,16513,237.22832900719965,12.700000000000001,0.577979024696337,57069.46379666268,30227.66297244288,0.024277158871692562,0.024277158871692562
ITY113_1804,400,5045.964,51.554640232630064,5.334384709807317,16555,237.22832900719965,12.700000000000001,0.5781497533823687,57068.88581763799,30235.436065220372,0.024297057902196266,0.024297057902196266
ITY113_1804,401,5058.664,51.55261943744999,5.335484891978523,16596,237.22832900719965,12.700000000000001,0.5783174924251402,57068.307667884605,30243.072963547602,0.024317059343548345,0.024317059343548345
ITY113_1804,402,5071.364,51.55059863198133,5.33658497640078,16638,237.22832900719965,12.700000000000001,0.5784908215954228,57067.72935039218,30250.964134907226,0.024337159448841895,0.024337159448841895
ITY113_1804,403,5084.064,51.548577816225745,5.337684963089344,16680,237.22832900719965,12.700000000000001,0.5786654692116013,57067.15085957059,30258.915168069434,0.02432758626448737,0.02432758626448737
ITY113_1804,404,5096.764,51.54655699018489,5.338784852059468,16721,237.22832900719965,12.700000000000001,0.5788370375472374,57066.572194101376,30266.72592949077,0.024282467176558534,0.024282467176558534
ITY113_1804,405,5109.464,51.54453615386042,5.3398846433264024,16763,237.22832900719965,12.700000000000001,0.5790142951715698,57065.99335706383,30274.79545783851,0.024237224040712962,0.024237224040712962
ITY113_1804,406,5122.164,51.54251530725399,5.340984336905395,16805,237.22832900719965,12.700000000000001,0.5791928760827825,57065.41434276866,30282.925059719422,0.024191859062469876,0.024191859062469876
ITY113_1804,407,5134.864,51.54049445036726,5.34208393281169,16846,237.22832900719965,12.700000000000001,0.5793682877647235,57064.83514989258,30290.910298889266,0.024146374446977613,0.024146374446977613
ITY113_1804,408,5147.564,51.538473583201885,5.343183431060528,16888,237.22832900719965,12.700000000000001,0.5795494882904122,57064.255781604814,30299.158816057443,0.024100772399013693,0.024100772399013693
ITY113_1804,409,5160.264,51.53645270575952,5.344282831667149,16930,237.22832900719965,12.700000000000001,0.579732016985774,57063.67623211652,30307.4676202667,0.024055055122985124,0.024055055122985124
ITY113_1804,410,5172.964,51.534431818041824,5.345382134646788,16971,237.22832900719965,12.700000000000001,0.5799112861888116,57063.096500099535,30315.627956997898,0.024009224822927992,0.024009224822927992
ITY113_1804,411,5185.664,51.532410920050445,5.346481340014677,17013,237.22832900719965,12.700000000000001,0.5800964441877601,57062.51658881335,30324.05610012094,0.023963283702507998,0.023963283702507998
ITY113_1804,412,5198.364,51.530390011787034,5.347580447786045,17054,237.22832900719965,12.700000000000001,0.5802782825866992,57061.93649236916,30332.33304261291,0.023917233965020296,0.023917233965020296
ITY113_1804,413,5211.064,51.528369093253254,5.34867945797612,17096,237.22832900719965,12.700000000000001,0.5804660763684042,57061.356214086576,30340.880807884532,0.02387107781338997,0.02387107781338997
ITY113_1804,414,5223.764,51.52634816445075,5.349778370600124,17138,237.22832900719965,12.700000000000001,0.5806552065377568,57060.77574801021,30349.489219443203,0.023824817450171586,0.023824817450171586
ITY113_1804,415,5236.464,51.524327225381185,5.350877185673277,17180,237.22832900719965,12.700000000000001,0.5808456747685335,57060.19509280367,30358.158350444504,0.02377845507754971,0.02377845507754971
ITY113_1804,416,5249.164,51.5223062760462,5.351975903210798,17221,237.22832900719965,12.700000000000001,0.5810327020263317,57059.6142471289,30366.670762570306,0.02373199289733867,0.02373199289733867
ITY113_1804,417,5261.864,51.520285316447456,5.3530745232279004,17263,237.22832900719965,12.700000000000001,0.5812258191887463,57059.03321442687,30375.460090419874,0.023685433110983,0.023685433110983
ITY113_1804,418,5274.564,51.518264346586605,5.354173045739796,17305,237.22832900719965,12.700000000000001,0.5814202794219114,57058.45198860768,30384.310356633006,0.023638777919557347,0.023638777919557347
ITY113_1804,419,5287.264,51.5162433664653,5.355271470761694,17346,237.22832900719965,12.700000000000001,0.5816112074586706,57057.87056832826,30392.99975710147,0.02359202952376642,0.02359202952376642
ITY113_1804,420,5299.964,51.51422237608518,5.356369798308799,17388,237.22832900719965,12.700000000000001,0.5818083265631351,57057.2889571208,30401.970654524826,0.023545993663390892,0.023545993663390892
ITY113_1804,421,5312.664,51.51220137544791,5.357468028396313,17430,237.22832900719965,12.700000000000001,0.5820067937902196,57056.70714879424,30411.002711064488,0.023500744842675142,0.023500744842675142
ITY113_1804,422,5325.364,51.51018036455513,5.358566161039436,17471,237.22832900719965,12.700000000000001,0.5822016372714893,57056.12514200045,30419.869740715923,0.023455406445715647,0.023455406445715647
ITY113_1804,423,5338.064,51.5081593434085,5.359664196253365,17513,237.22832900719965,12.700000000000001,0.5824027733937678,57055.54294036318,30429.02286646077,0.023409980403051506,0.023409980403051506
ITY113_1804,424,5350.764,51.50613831200967,5.360762134053293,17555,237.22832900719965,12.700000000000001,0.5826052627332567,57054.96053758979,30438.23737392034,0.02336446864489762,0.02336446864489762
ITY113_1804,425,5363.464,51.50411727036028,5.361859974454411,17596,237.22832900719965,12.700000000000001,0.5828040364485894,57054.37793232706,30447.282678952077,0.02331887310114459,0.02331887310114459
ITY113_1804,426,5376.164,51.50209621846199,5.3629577174719065,17638,237.22832900719965,12.700000000000001,0.5830092047917528,57053.79512829061,30456.618697272374,0.023273195701358832,0.023273195701358832
ITY113_1804,427,5388.864,51.50007515631645,5.364055363120963,17679,237.22832900719965,12.700000000000001,0.5832105963224783,57053.212119085816,30465.782732688283,0.023227438374782736,0.023227438374782736
ITY113_1804,428,5401.564,51.4980540839253,5.3651529114167635,17721,237.22832900719965,12.700000000000001,0.583418450427921,57052.628908489496,30475.240557150457,0.02318160305033472,0.02318160305033472
ITY113_1804,429,5414.264,51.496033001290186,5.366250362374486,17763,237.22832900719965,12.700000000000001,0.5836276663229767,57052.04549003907,30484.76013785306,0.0231356916566093,0.0231356916566093
ITY113_1804,430,5426.964,51.494011908412766,5.367347716009306,17805,237.22832900719965,12.700000000000001,0.5838382457532947,57051.461862372744,30494.34155106071,0.02307675945613493,0.02307675945613493
ITY113_1804,431,5439.664,51.491990805294684,5.368444972336396,17846,237.22832900719965,12.700000000000001,0.584044924804078,57050.87802412699,30503.745367081592,0.02300697609735562,0.02300697609735562
ITY113_1804,432,5452.364,51.48996969193759,5.369542131370926,17888,237.22832900719965,12.700000000000001,0.5842582037101767,57050.293979202186,30513.449185554524,0.02293754278559643,0.02293754278559643
ITY113_1804,433,5465.064,51.48794856834312,5.370639193128063,17930,237.22832900719965,12.700000000000001,0.5844728513753494,57049.70972099848,30523.21506475291,0.02286845843291926,0.02286845843291926
ITY113_1804,434,5477.764,51.48592743451293,5.371736157622969,17971,237.22832900719965,12.700000000000001,0.5846835057779685,57049.1252481471,30532.799127297254,0.022799721951568562,0.022799721951568562
ITY113_1804,435,5490.464,51.483906290448665,5.372833024870807,18013,237.22832900719965,12.700000000000001,0.5849008632832313,57048.54056464133,30542.687864566396,0.022731332253971205,0.022731332253971205
ITY113_1804,436,5503.164,51.48188513615197,5.373929794886733,18055,237.22832900719965,12.700000000000001,0.5851195948147971,57047.95566377804,30552.638892683965,0.022663288252736388,0.022663288252736388
ITY113_1804,437,5515.864,51.479863971624496,5.375026467685902,18096,237.22832900719965,12.700000000000001,0.5853342398598895,57047.37054418323,30562.403869788097,0.022595588860655498,0.022595588860655498
ITY113_1804,438,5528.564,51.47784279686788,5.3761230432834655,18138,237.22832900719965,12.700000000000001,0.5855556916818103,57046.785209943366,30572.47821255545,0.022528232990702304,0.022528232990702304
ITY113_1804,439,5541.264,51.475821611883774,5.377219521694573,18180,237.22832900719965,12.700000000000001,0.5857785228408514,57046.199654251686,30582.615078211442,0.022461219556032662,0.022461219556032662
ITY113_1804,440,5553.964,51.47380041667382,5.378315902934371,18221,237.22832900719965,12.700000000000001,0.5859971739455667,57045.61387572884,30592.561643475958,0.02239454746998474,0.02239454746998474
ITY113_1804,441,5566.664,51.47177921123966,5.3794121870180005,18263,237.22832900719965,12.700000000000001,0.5862227359315126,57045.027878554894,30602.82228416313,0.022328215646078682,0.022328215646078682
ITY113_1804,442,5579.364,51.46975799558293,5.380508373960602,18304,237.22832900719965,12.700000000000001,0.586444055544763,57044.44165581896,30612.889794610317,0.022262222998016744,0.022262222998016744
ITY113_1804,443,5592.064,51.46773676970529,5.381604463777313,18346,237.22832900719965,12.700000000000001,0.5866723554013766,57043.85521176342,30623.27451812223,0.022196568439683328,0.022196568439683328
ITY113_1804,444,5604.764,51.465715533608375,5.382700456483266,18388,237.22832900719965,12.700000000000001,0.5869020435292012,57043.26853940802,30633.72215491937,0.022131250885144702,0.022131250885144702
ITY113_1804,445,5617.464,51.463694287293826,5.383796352093593,18430,237.22832900719965,12.700000000000001,0.5871331217472096,57042.68163736449,30644.232784495893,0.02206626924864909,0.02206626924864909
ITY113_1804,446,5630.164,51.46167303076329,5.384892150623421,18471,237.22832900719965,12.700000000000001,0.5873598317311948,57042.09450424274,30654.54456935855,0.02200162244462675,0.02200162244462675
ITY113_1804,447,5642.864,51.45965176401841,5.385987852087876,18513,237.22832900719965,12.700000000000001,0.5875936621093754,57041.50714441101,30665.179906252928,0.02193730938768952,0.02193730938768952
ITY113_1804,448,5655.564,51.457630487060825,5.387083456502079,18555,237.22832900719965,12.700000000000001,0.5878288880203129,57040.9195507489,30675.87847380695,0.021874223002673623,0.021874223002673623
ITY113_1804,449,5668.264,51.45560919989217,5.38817896388115,18596,237.22832900719965,12.700000000000001,0.5880596510792497,57040.33172186088,30686.373901445157,0.021811856849488973,0.021811856849488973
ITY113_1804,450,5680.964,51.4535879025141,5.389274374240204,18638,237.22832900719965,12.700000000000001,0.588297639947718,57039.7436622098,30697.197648281268,0.02174980237393882,0.02174980237393882
ITY113_1804,451,5693.664,51.45156659492825,5.390369687594354,18680,237.22832900719965,12.700000000000001,0.58853702983576,57039.15536456986,30708.084865633977,0.02168805861047453,0.02168805861047453
ITY113_1804,452,5706.364,51.44954527713626,5.39146490395871,18721,237.22832900719965,12.700000000000001,0.5887718618976203,57038.566827540024,30718.764632334856,0.021626624593709072,0.021626624593709072
ITY113_1804,453,5719.064,51.447523949139764,5.392560023348379,18763,237.22832900719965,12.700000000000001,0.5890140256281209,57037.978055678126,30729.77750485424,0.021565499358417253,0.021565499358417253
ITY113_1804,454,5731.764,51.44550261094041,5.393655045778465,18805,237.22832900719965,12.700000000000001,0.5892575959094111,57037.389041652496,30740.854089738954,0.02150468193953553,0.02150468193953553
ITY113_1804,455,5744.464,51.443481262539834,5.394749971264071,18846,237.22832900719965,12.700000000000001,0.5894965130310332,57036.79978405659,30751.71889757048,0.021444171372161983,0.021444171372161983
ITY113_1804,456,5757.164,51.44145990393967,5.395844799820293,18888,237.22832900719965,12.700000000000001,0.5897428681275911,57036.21028754356,30762.921617456977,0.021383966691556146,0.021383966691556146
ITY113_1804,457,5769.864,51.43943853514157,5.396939531462227,18929,237.22832900719965,12.700000000000001,0.5899845065652725,57035.62054467543,30773.909678941644,0.02132406693313921,0.02132406693313921
ITY113_1804,458,5782.564,51.43741715614716,5.3980341662049645,18971,237.22832900719965,12.700000000000001,0.5902336538113935,57035.03056016887,30785.238854622643,0.02126447113249389,0.02126447113249389
ITY113_1804,459,5795.264,51.43539576695809,5.399128704063595,19013,237.22832900719965,12.700000000000001,0.5904842169109035,57034.440326515054,30796.632149553992,0.021205178325364206,0.021205178325364206
ITY113_1804,460,5807.964,51.433374367575986,5.400223145053205,19055,237.22832900719965,12.700000000000001,0.5907361977574559,57033.84984229814,30808.089646585137,0.021146187547655727,0.021146187547655727
ITY113_1804,461,5820.664,51.43135295800249,5.4013174891888776,19096,237.22832900719965,12.700000000000001,0.590983333686955,57033.259106100384,30819.326666233705,0.0210874978354353,0.0210874978354353
ITY113_1804,462,5833.364,51.42933153823924,5.402411736485693,19138,237.22832900719965,12.700000000000001,0.5912381215592446,57032.6681227667,30830.911269910233,0.021029108224931085,0.021029108224931085
ITY113_1804,463,5846.064,51.42731010828787,5.403505886958728,19180,237.22832900719965,12.700000000000001,0.5914943328439164,57032.07688464514,30842.56032360329,0.020971017752532687,0.020971017752532687
ITY113_1804,464,5858.764,51.42528866815002,5.404599940623058,19221,237.22832900719965,12.700000000000001,0.5917456027813575,57031.48539031229,30853.984525718057,0.02091322545479085,0.02091322545479085
ITY113_1804,465,5871.464,51.42326721782732,5.405693897493753,19263,237.22832900719965,12.700000000000001,0.5920046323300228,57030.89364470951,30865.761177926626,0.020855730368417664,0.020855730368417664
ITY113_1804,466,5884.164,51.421245757321415,5.406787757585883,19305,237.22832900719965,12.700000000000001,0.5922650910014164,57030.30164007718,30877.602530122425,0.02079853153028612,0.02079853153028612
ITY113_1804,467,5896.864,51.419224286633934,5.407881520914513,19346,237.22832900719965,12.700000000000001,0.592520511523533,57029.70937498618,30889.214640343205,0.020741627977430663,0.020741627977430663
ITY113_1804,468,5909.564,51.417202805766514,5.408975187494705,19388,237.22832900719965,12.700000000000001,0.5927837997862437,57029.11685447466,30901.184086998357,0.020685018747046653,0.020685018747046653
ITY113_1804,469,5922.264,51.41518131472079,5.410068757341518,19430,237.22832900719965,12.700000000000001,0.5930485229271814,57028.524070674874,30913.218485681256,0.020628702876490563,0.020628702876490563
ITY113_1804,470,5934.964,51.413159813498396,5.411162230470009,19471,237.22832900719965,12.700000000000001,0.5933081107417502,57027.93102215195,30925.019235654916,0.02057267940327987,0.02057267940327987
ITY113_1804,471,5947.664,51.411138302100966,5.412255606895233,19513,237.22832900719965,12.700000000000001,0.5935756748906806,57027.337714041205,30937.182228846297,0.020516947365093033,0.020516947365093033
ITY113_1804,472,5960.364,51.40911678053013,5.413348886632238,19554,237.22832900719965,12.700000000000001,0.5938380389812254,57026.74413836632,30949.108638268186,0.02046150579976934,0.02046150579976934
ITY113_1804,473,5973.064,51.40709524878752,5.414442069696073,19596,237.22832900719965,12.700000000000001,0.5941084517679625,57026.15030032734,30961.400560268477,0.02040635374530923,0.02040635374530923
ITY113_1804,474,5985.764,51.405073706874774,5.415535156101782,19638,237.22832900719965,12.700000000000001,0.5943803091103559,57025.55619187557,30973.757858315003,0.02035149023987376,0.02035149023987376
ITY113_1804,475,5998.464,51.40305215479353,5.416628145864408,19680,237.22832900719965,12.700000000000001,0.5946536129779971,57024.96181156646,30986.180618743943,0.020296914321785077,0.020296914321785077
ITY113_1804,476,6011.164,51.40103059254541,5.417721038998988,19721,237.22832900719965,12.700000000000001,0.5949215860271742,57024.367157953486,30998.360867431253,0.01960098037086311,0.01960098037086311
ITY113_1804,477,6023.864,51.39900902013205,5.4188138355205595,19763,237.22832900719965,12.700000000000001,0.5951977540053237,57023.77223636746,31010.913234910004,0.018835704649100664,0.018835704649100664
ITY113_1804,478,6036.564,51.396987437555076,5.419906535444154,19805,237.22832900719965,12.700000000000001,0.5954753744005183,57023.17703861346,31023.531323117742,0.018073337270606324,0.018073337270606324
ITY113_1804,479,6049.264,51.39496584481613,5.4209991387848016,19846,237.22832900719965,12.700000000000001,0.595747565655826,57022.58156323906,31035.902443007457,0.017313866201238315,0.017313866201238315
ITY113_1804,480,6061.964,51.39294424191684,5.422091645557528,19888,237.22832900719965,12.700000000000001,0.596028061847909,57021.985815673404,31048.6506508216,0.016557279408861307,0.016557279408861307
ITY113_1804,481,6074.664,51.390922628858824,5.42318405577736,19930,237.22832900719965,12.700000000000001,0.5963100163945396,57021.38978761156,31061.464839846074,0.01580356486334587,0.01580356486334587
ITY113_1804,482,6087.364,51.38890100564373,5.4242763694593155,19971,237.22832900719965,12.700000000000001,0.5965864430919721,57020.793477595165,31074.027587081906,0.01505271053656852,0.01505271053656852
ITY113_1804,483,6100.064,51.38687937227318,5.425368586618414,20013,237.22832900719965,12.700000000000001,0.5968712852123021,57020.196891152074,31086.972412503368,0.014304704402410516,0.014304704402410516
ITY113_1804,484,6112.764,51.3848577287488,5.42646070726967,20055,237.22832900719965,12.700000000000001,0.5971575916705179,57019.60001986686,31099.983481767795,0.013559534436758098,0.013559534436758098
ITY113_1804,485,6125.464,51.38283607507222,5.427552731428095,20096,237.22832900719965,12.700000000000001,0.5974382711790911,57019.00286227519,31112.738618736857,0.012817188617501361,0.012817188617501361
ITY113_1804,486,6138.164,51.380814411245076,5.428644659108699,20138,237.22832900719965,12.700000000000001,0.5977274770785055,57018.40542400401,31125.88084545584,0.012077654924534192,0.012077654924534192
ITY113_1804,487,6150.864,51.378792737268995,5.429736490326488,20179,237.22832900719965,12.700000000000001,0.5980109900103123,57017.807696526936,31138.7641488091,0.011340921339753526,0.011340921339753526
ITY113_1804,488,6163.564,51.376771053145596,5.430828225096464,20221,237.22832900719965,12.700000000000001,0.5983031032807986,57017.209685536924,31152.037881322147,0.010606975847058815,0.010606975847058815
ITY113_1804,489,6176.264,51.374749358876514,5.431919863433628,20263,237.22832900719965,12.700000000000001,0.5985966909471931,57016.61138243364,31165.3782995042,0.009875806432351995,0.009875806432351995
ITY113_1804,490,6188.964,51.372727654463375,5.433011405352977,20305,237.22832900719965,12.700000000000001,0.5988917550561614,57016.01278574269,31178.785493315445,0.009147401083536424,0.009147401083536424
ITY113_1804,491,6201.664,51.37070593990781,5.434102850869506,20346,237.22832900719965,12.700000000000001,0.5991809928281477,57015.413893987636,31191.927722136188,0.008421747790516689,0.008421747790516689
ITY113_1804,492,6214.364,51.36868421521144,5.435194199998205,20388,237.22832900719965,12.700000000000001,0.5994789803863632,57014.814712994805,31205.46712845106,0.007698834545198068,0.007698834545198068
ITY113_1804,493,6227.064,51.36666248037589,5.4362854527540625,20430,237.22832900719965,12.700000000000001,0.5997784505087491,57014.21523401442,31219.07357958267,0.0069786493414859705,0.0069786493414859705
ITY113_1804,494,6239.764,51.3646407354028,5.437376609152065,20471,237.22832900719965,12.700000000000001,0.6000719940007071,57013.61545556391,31232.410523246162,0.006261180175285666,0.006261180175285666
ITY113_1804,495,6252.464,51.36261898029378,5.438467669207194,20513,237.22832900719965,12.700000000000001,0.6003743997133684,57013.01538356991,31246.149720940168,0.005546415044501444,0.005546415044501444
ITY113_1804,496,6265.164,51.36059721505046,5.439558632934428,20554,237.22832900719965,12.700000000000001,0.6006708119800912,57012.415009170196,31259.61638534864,0.004834341949036405,0.004834341949036405
ITY113_1804,497,6277.864,51.35857543967447,5.440649500348745,20596,237.22832900719965,12.700000000000001,0.600976161394911,57011.814338358214,31273.488686632947,0.004124948890791882,0.004124948890791882
ITY113_1804,498,6290.564,51.35655365416743,5.441740271465118,20638,237.22832900719965,12.700000000000001,0.6012830036627848,57011.21336219682,31287.42848558071,0.0034182238736668877,0.0034182238736668877
ITY113_1804,499,6303.264,51.35453185853096,5.442830946298518,20680,237.22832900719965,12.700000000000001,0.6015913408771165,57010.61207919315,31301.435874395043,0.002714154903557814,0.002714154903557814
ITY113_1804,500,6315.964,51.352510052766696,5.443921524863911,20721,237.22832900719965,12.700000000000001,0.6018935496580748,57010.010487852276,31315.16461779356,0.002012729988357685,0.002012729988357685
ITY113_1804,501,6328.664,51.35048823687625,5.445012007176263,20763,237.22832900719965,12.700000000000001,0.6022048470198942,57009.408594302615,31329.30583452688,0.0013139371379558256,0.0013139371379558256
ITY113_1804,502,6341.364,51.348466410861256,5.446102393250536,20804,237.22832900719965,12.700000000000001,0.6025099485901646,57008.806389455596,31343.165356374375,0.0006177643642373563,0.0006177643642373563
ITY113_1804,503,6354.064,51.34644457472333,5.4471926831016875,20846,237.22832900719965,12.700000000000001,0.6028242143334437,57008.203879507004,31357.440763960516,0.0,0.0
ITY113_1804,504,6366.764,51.34442272846409,5.448282876744673,20888,237.22832900719965,12.700000000000001,0.603139985466923,57007.60105529267,31371.784221751303,0.0,0.0
ITY113_1804,505,6379.464,51.342400872085165,5.449372974194446,20930,237.22832900719965,12.700000000000001,0.6034572641153528,57006.9979153072,31386.19582347455,0.0,0.0
ITY113_1804,506,6392.164,51.340379005588176,5.450462975465957,20971,237.22832900719965,12.700000000000001,0.6037682108839362,57006.39445804308,31400.319570188523,0.0,0.0
ITY113_1804,507,6404.864,51.33835712897474,5.451552880574151,21013,237.22832900719965,12.700000000000001,0.6040884746053867,57005.790689832196,31414.866099070197,0.0,0.0
ITY113_1804,508,6417.564,51.33633524224649,5.452642689533973,21055,237.22832900719965,12.700000000000001,0.6044102521961254,57005.18660135759,31429.481052342453,0.0,0.0
ITY113_1804,509,6430.264,51.33431334540504,5.453732402360364,21096,237.22832900719965,12.700000000000001,0.6047255955591144,57004.58219110539,31443.803518566267,0.0,0.0
ITY113_1804,510,6442.964,51.33229143845201,5.454822019068262,21138,237.22832900719965,12.700000000000001,0.6050503708242772,57003.97746550984,31458.553955410487,0.0,0.0
ITY113_1804,511,6455.664,51.33026952138902,5.455911539672601,21179,237.22832900719965,12.700000000000001,0.6053686436728984,57003.37241513901,31473.008819510138,0.0,0.0
ITY113_1804,512,6468.364,51.32824759421769,5.457000964188315,21221,237.22832900719965,12.700000000000001,0.6056964250306238,57002.76704649534,31487.89511189379,0.0,0.0
ITY113_1804,513,6481.064,51.32622565693964,5.458090292630331,21263,237.22832900719965,12.700000000000001,0.6060257309349759,57002.16135007031,31502.85030046466,0.0,0.0
ITY113_1804,514,6493.764,51.32420370955649,5.459179525013576,21305,237.22832900719965,12.700000000000001,0.6063565635579764,57001.55532433937,31517.87448128267,0.0,0.0
ITY113_1804,515,6506.464,51.32218175206986,5.460268661352974,21346,237.22832900719965,12.700000000000001,0.6066807559912779,57000.94896777582,31532.59685572742,0.0,0.0
ITY113_1804,516,6519.164,51.32015978448137,5.461357701663444,21388,237.22832900719965,12.700000000000001,0.6070146117697501,57000.34228701983,31547.757646710423,0.0,0.0
ITY113_1804,517,6531.864,51.318137806792635,5.462446645959904,21429,237.22832900719965,12.700000000000001,0.6073417586048113,56999.735272408056,31562.61352096583,0.0,0.0
ITY113_1804,518,6544.564,51.31611581900527,5.463535494257268,21471,237.22832900719965,12.700000000000001,0.6076786460802983,56999.127930649454,31577.911300222517,0.0,0.0
ITY113_1804,519,6557.264,51.31409382112089,5.464624246570447,21513,237.22832900719965,12.700000000000001,0.6080170711083008,56998.52025200337,31593.278551312826,0.0,0.0
ITY113_1804,520,6569.964,51.312071813141124,5.46571290291435,21555,237.22832900719965,12.700000000000001,0.6083570358925108,56997.912234932264,31608.715371882223,0.0,0.0
ITY113_1804,521,6582.664,51.310049795067584,5.466801463303882,21596,237.22832900719965,12.700000000000001,0.6086901528143478,56997.303877896375,31623.84099206275,0.0,0.0
ITY113_1804,522,6595.364,51.30802776690189,5.467889927753945,21638,237.22832900719965,12.700000000000001,0.6090331666072575,56996.69518774356,31639.415567985965,0.0,0.0
ITY113_1804,523,6608.064,51.306005728645644,5.46897829627944,21680,237.22832900719965,12.700000000000001,0.6093777267459453,56996.08615457695,31655.06000556621,0.0,0.0
ITY113_1804,524,6620.764,51.303983680300476,5.4700665688952625,21721,237.22832900719965,12.700000000000001,0.6097153345359085,56995.476776850206,31670.38851735044,0.0,0.0
ITY113_1804,525,6633.464,51.301961621867996,5.471154745616306,21763,237.22832900719965,12.700000000000001,0.6100629567498972,56994.86706151567,31686.17128994416,0.0,0.0
ITY113_1804,526,6646.164,51.299939553349816,5.472242826457461,21804,237.22832900719965,12.700000000000001,0.6104035569971538,56994.25699855892,31701.634988623155,0.0,0.0
ITY113_1804,527,6658.864,51.29791747474756,5.473330811433616,21846,237.22832900719965,12.700000000000001,0.6107542500139296,56993.64659500193,31717.556483733562,0.0,0.0
ITY113_1804,528,6671.564,51.29589538606283,5.474418700559656,21888,237.22832900719965,12.700000000000001,0.6111065004462033,56993.035840751916,31733.548332003887,0.0,0.0
ITY113_1804,529,6684.264,51.29387328729725,5.475506493850461,21930,237.22832900719965,12.700000000000001,0.6114603105453726,56992.42473425147,31749.610633504966,0.0,0.0
ITY113_1804,530,6696.964,51.29185117845243,5.4765941913209115,21971,237.22832900719965,12.700000000000001,0.6118069580059851,56991.81327394093,31765.34750080488,0.0,0.0
ITY113_1804,531,6709.664,51.28982905952999,5.477681792985883,22013,237.22832900719965,12.700000000000001,0.612163856594389,56991.20146698292,31781.54931095552,0.0,0.0
ITY113_1804,532,6722.364,51.28780693053154,5.478769298860247,22054,237.22832900719965,12.700000000000001,0.6125135223386649,56990.589303126326,31797.422513082227,0.0,0.0
ITY113_1804,533,6735.064,51.28578479145868,5.4798567089588754,22096,237.22832900719965,12.700000000000001,0.6128735182682419,56989.976789603985,31813.764225772924,0.0,0.0
ITY113_1804,534,6747.764,51.283762642313036,5.480944023296635,22138,237.22832900719965,12.700000000000001,0.6132350850922927,56989.36391608572,31830.176891299277,0.0,0.0
ITY113_1804,535,6760.464,51.281740483096215,5.4820312418883885,22180,237.22832900719965,12.700000000000001,0.6135982250941381,56988.75068100063,31846.660611381194,0.0,0.0
ITY113_1804,536,6773.164,51.27971831380983,5.483118364748998,22221,237.22832900719965,12.700000000000001,0.6139539903885096,56988.13708277554,31862.809310998884,0.0,0.0
ITY113_1804,537,6785.864,51.277696134455496,5.484205391893322,22263,237.22832900719965,12.700000000000001,0.6143202456687409,56987.52312878515,31879.433732707905,0.0,0.0
ITY113_1804,538,6798.564,51.27567394503482,5.485292323336214,22305,237.22832900719965,12.700000000000001,0.6146880809535451,56986.90880853948,31896.129513339896,0.0,0.0
ITY113_1804,539,6811.264,51.27365174554941,5.486379159092528,22346,237.22832900719965,12.700000000000001,0.615048434820628,56986.29412045853,31912.48545077334,0.0,0.0
ITY113_1804,540,6823.964,51.27162953600088,5.487465899177113,22388,237.22832900719965,12.700000000000001,0.6154193989194052,56985.67907202371,31929.322536870164,0.0,0.0
ITY113_1804,541,6836.664,51.26960731639084,5.488552543604814,22429,237.22832900719965,12.700000000000001,0.6157828104963541,56985.06365262479,31945.816566581143,0.0,0.0
ITY113_1804,542,6849.364,51.2675850867209,5.489639092390475,22471,237.22832900719965,12.700000000000001,0.6161569124483335,56984.44786981429,31962.795361805223,0.0,0.0
ITY113_1804,543,6862.064,51.265562846992665,5.490725545548937,22513,237.22832900719965,12.700000000000001,0.6165326058700267,56983.83171290185,31979.846027952404,0.0,0.0
ITY113_1804,544,6874.764,51.26354059720775,5.491811903095037,22555,237.22832900719965,12.700000000000001,0.6169098930927819,56983.21518029598,31996.96866926559,0.0,0.0
ITY113_1804,545,6887.464,51.26151833736776,5.492898165043609,22596,237.22832900719965,12.700000000000001,0.6172794841083791,56982.59827040289,32013.74176188188,0.0,0.0
ITY113_1804,546,6900.164,51.25949606747431,5.493984331409486,22638,237.22832900719965,12.700000000000001,0.6176599274988335,56981.980990918775,32031.00693122836,0.0,0.0
ITY113_1804,547,6912.864,51.257473787529,5.495070402207495,22679,237.22832900719965,12.700000000000001,0.6180326029674543,56981.36333099128,32047.91931189851,0.0,0.0
ITY113_1804,548,6925.564,51.25545149753344,5.496156377452462,22721,237.22832900719965,12.700000000000001,0.6184162116900274,56980.74529838831,32065.32741958529,0.0,0.0
ITY113_1804,549,6938.264,51.25342919748924,5.49724225715921,22763,237.22832900719965,12.700000000000001,0.6188014258376,56980.12688217662,32082.80802286662,0.0,0.0
ITY113_1804,550,6950.964,51.251406887398,5.498328041342559,22805,237.22832900719965,12.700000000000001,0.6191882477736173,56979.508080750784,32100.361227701007,0.0,0.0
ITY113_1804,551,6963.664,51.24938456726133,5.4994137300173245,22846,237.22832900719965,12.700000000000001,0.6195671568645249,56978.88889250301,32117.555097187185,0.0,0.0
ITY113_1804,552,6976.364,51.247362237080836,5.500499323198321,22888,237.22832900719965,12.700000000000001,0.6199571626992773,56978.26932534615,32135.252072744563,0.0,0.0
ITY113_1804,553,6989.064,51.24533989685813,5.5015848209003595,22930,237.22832900719965,12.700000000000001,0.620348783387846,56977.64936818345,32153.0219669031,0.0,0.0
ITY113_1804,554,7001.764,51.2433175465948,5.502670223138248,22971,237.22832900719965,12.700000000000001,0.6207323822103796,56977.02901940006,32170.42760153288,0.0,0.0
ITY113_1804,555,7014.464,51.24129518629247,5.50375552992679,23013,237.22832900719965,12.700000000000001,0.6211272008048694,56976.40828701785,32188.341895405036,0.0,0.0
ITY113_1804,556,7027.164,51.23927281595274,5.50484074128079,23054,237.22832900719965,12.700000000000001,0.6215139248853563,56975.787159817046,32205.888648739594,0.0,0.0
ITY113_1804,557,7039.864,51.23725043557721,5.505925857215046,23096,237.22832900719965,12.700000000000001,0.6219119507383313,56975.16564589216,32223.94776279909,0.0,0.0
ITY113_1804,558,7052.564,51.23522804516748,5.507010877744353,23138,237.22832900719965,12.700000000000001,0.6223116033077076,56974.54373394142,32242.08032878434,0.0,0.0
ITY113_1804,559,7065.264,51.23320564472517,5.5080958028835045,23180,237.22832900719965,12.700000000000001,0.62271288500515,56973.92142233811,32260.28645527889,0.0,0.0
ITY113_1804,560,7077.964,51.231183234251866,5.509180632647292,23221,237.22832900719965,12.700000000000001,0.6231059253731985,56973.298709453105,32278.11841131624,0.0,0.0
ITY113_1804,561,7090.664,51.22916081374918,5.510265367050501,23263,237.22832900719965,12.700000000000001,0.6235104332745276,56972.675603527736,32296.47021100136,0.0,0.0
ITY113_1804,562,7103.364,51.227138383218715,5.511350006107916,23304,237.22832900719965,12.700000000000001,0.6239066265646009,56972.05209309446,32314.444531296132,0.0,0.0
ITY113_1804,563,7116.064,51.22511594266207,5.512434549834319,23346,237.22832900719965,12.700000000000001,0.6243143701479599,56971.4281864679,32332.942431559302,0.0,0.0
ITY113_1804,564,7128.764,51.22309349208086,5.513518998244488,23388,237.22832900719965,12.700000000000001,0.6247237548812583,56970.80387209775,32351.514434426277,0.0,0.0
ITY113_1804,565,7141.464,51.22107103147666,5.514603351353198,23430,237.22832900719965,12.700000000000001,0.6251347832083365,56970.17914834287,32370.16065026579,0.0,0.0
ITY113_1804,566,7154.164,51.21904856085109,5.515687609175222,23471,237.22832900719965,12.700000000000001,0.6255373488237592,56969.55401355966,32388.422700137937,0.0,0.0
ITY113_1804,567,7166.864,51.217026080205756,5.516771771725328,23513,237.22832900719965,12.700000000000001,0.6259516320310143,56968.92847621084,32407.21588358195,0.0,0.0
ITY113_1804,568,7179.564,51.21500358954225,5.517855839018285,23555,237.22832900719965,12.700000000000001,0.626367566136729,56968.30252457881,32426.083610241236,0.0,0.0
ITY113_1804,569,7192.264,51.21298108886217,5.518939811068854,23596,237.22832900719965,12.700000000000001,0.6267749261111992,56967.67615701267,32444.562141020084,0.0,0.0
ITY113_1804,570,7204.964,51.21095857816712,5.520023687891797,23638,237.22832900719965,12.700000000000001,0.6271941295771366,56967.04938208656,32463.577490447213,0.0,0.0
ITY113_1804,571,7217.664,51.2089360574587,5.521107469501871,23679,237.22832900719965,12.700000000000001,0.627604684661464,56966.42218795698,32482.20029229879,0.0,0.0
ITY113_1804,572,7230.364,51.206913526738504,5.522191155913831,23721,237.22832900719965,12.700000000000001,0.6280271671541997,56965.79458327232,32501.363702460952,0.0,0.0
ITY113_1804,573,7243.064,51.20489098600814,5.523274747142428,23763,237.22832900719965,12.700000000000001,0.6284513128062821,56965.16655610516,32520.60221135284,0.0,0.0
ITY113_1804,574,7255.764,51.202868435269195,5.524358243202411,23805,237.22832900719965,12.700000000000001,0.6288771241098146,56964.53810479236,32539.915932075055,0.0,0.0
ITY113_1804,575,7268.464,51.200845874523274,5.525441644108526,23846,237.22832900719965,12.700000000000001,0.6292941369681968,56963.90922766825,32558.830331882447,0.0,0.0
ITY113_1804,576,7281.164,51.198823303771974,5.526524949875516,23888,237.22832900719965,12.700000000000001,0.6297232468757927,56963.27993353128,32578.293001825376,0.0,0.0
ITY113_1804,577,7293.864,51.19680072301689,5.52760816051812,23929,237.22832900719965,12.700000000000001,0.6301434834303659,56962.6502102844,32597.352970055617,0.0,0.0
ITY113_1804,578,7306.564,51.19477813225963,5.5286912760510765,23971,237.22832900719965,12.700000000000001,0.6305759017341637,56962.02006680097,32616.96503438194,0.0,0.0
ITY113_1804,579,7319.264,51.19275553150178,5.5297742964891174,24013,237.22832900719965,12.700000000000001,0.6310099981095676,56961.38949089924,32636.652875180254,0.0,0.0
ITY113_1804,580,7331.964,51.19073292074494,5.530857221846975,24055,237.22832900719965,12.700000000000001,0.6314457750808316,56960.758480901124,32656.4166074092,0.0,0.0
ITY113_1804,581,7344.664,51.18871029999071,5.531940052139376,24096,237.22832900719965,12.700000000000001,0.6318725273029062,56960.12703512605,32675.77080553835,0.0,0.0
ITY113_1804,582,7357.364,51.186687669240676,5.5330227873810465,24138,237.22832900719965,12.700000000000001,0.6323116325001725,56959.495162598745,32695.684835231496,0.0,0.0
ITY113_1804,583,7370.064,51.18466502849644,5.5341054275867085,24180,237.22832900719965,12.700000000000001,0.6327524258372224,56958.862850966245,32715.675100330245,0.0,0.0
ITY113_1804,584,7382.764,51.1826423777596,5.535187972771081,24221,237.22832900719965,12.700000000000001,0.6331840805178035,56958.23009854041,32735.250691222485,0.0,0.0
ITY113_1804,585,7395.464,51.180619717031746,5.5362704229488795,24263,237.22832900719965,12.700000000000001,0.6336282170334713,56957.59691445989,32755.39193618852,0.0,0.0
ITY113_1804,586,7408.164,51.17859704631447,5.537352778134818,24304,237.22832900719965,12.700000000000001,0.6340631389806894,56956.96328624286,32775.11508158473,0.0,0.0
ITY113_1804,587,7420.864,51.17657436560937,5.538435038343606,24346,237.22832900719965,12.700000000000001,0.6345106286551836,56956.32922310388,32795.40776259262,0.0,0.0
ITY113_1804,588,7433.564,51.174551674918035,5.539517203589951,24388,237.22832900719965,12.700000000000001,0.6349598191281753,56955.694712475226,32815.777257616144,0.0,0.0
ITY113_1804,589,7446.264,51.17252897424207,5.540599273888557,24430,237.22832900719965,12.700000000000001,0.6354107129720521,56955.059752656096,32836.22368445746,0.0,0.0
ITY113_1804,590,7458.964,51.17050626358306,5.541681249254126,24471,237.22832900719965,12.700000000000001,0.6358522388163879,56954.42434194312,32856.245088921176,0.0,0.0
ITY113_1804,591,7471.664,51.168483542942596,5.542763129701356,24513,237.22832900719965,12.700000000000001,0.6363065060269963,56953.788489704304,32876.843877222054,0.0,0.0
ITY113_1804,592,7484.364,51.16646081232227,5.543844915244942,24554,237.22832900719965,12.700000000000001,0.6367513286447286,56953.152183198275,32897.01418745257,0.0,0.0
ITY113_1804,593,7497.064,51.16443807172368,5.544926605899577,24596,237.22832900719965,12.700000000000001,0.6372089793273594,56952.51543186963,32917.76580087784,0.0,0.0
ITY113_1804,594,7509.764,51.162415321148416,5.54600820167995,24638,237.22832900719965,12.700000000000001,0.6376683461982486,56951.8782228903,32938.594934232104,0.0,0.0
ITY113_1804,595,7522.464,51.16039256059806,5.547089702600747,24680,237.22832900719965,12.700000000000001,0.6381294318617836,56951.2405545441,32959.50170725178,0.0,0.0
ITY113_1804,596,7535.164,51.15836979007422,5.5481711086766525,24721,237.22832900719965,12.700000000000001,0.638580918120651,56950.602425112236,32979.97301785693,0.0,0.0
ITY113_1804,597,7547.864,51.15634700957847,5.549252419922346,24763,237.22832900719965,12.700000000000001,0.6390454077154781,56949.96384419411,33001.03355661247,0.0,0.0
ITY113_1804,598,7560.564,51.154324219112404,5.550333636352505,24805,237.22832900719965,12.700000000000001,0.6395116238851692,56949.324798786394,33022.172093303474,0.0,0.0
ITY113_1804,599,7573.264,51.15230141867762,5.551414757981805,24846,237.22832900719965,12.700000000000001,0.6399681241653248,56948.68528716251,33042.869912635186,0.0,0.0
ITY113_1804,600,7585.964,51.1502786082757,5.552495784824917,24888,237.22832900719965,12.700000000000001,0.6404377596894184,56948.04531903834,33064.1629258217,0.0,0.0
ITY113_1804,601,7598.664,51.148255787908234,5.553576716896509,24929,237.22832900719965,12.700000000000001,0.640897601690612,56947.40488127865,33085.01171951306,0.0,0.0
ITY113_1804,602,7611.364,51.146232957576814,5.554657554211248,24971,237.22832900719965,12.700000000000001,0.6413706668613581,56946.76398367696,33106.459684324174,0.0,0.0
ITY113_1804,603,7624.064,51.14421011728303,5.5557382967837965,25013,237.22832900719965,12.700000000000001,0.641845471661493,56946.1226130101,33127.986249724214,0.0,0.0
ITY113_1804,604,7636.764,51.14218726702847,5.556818944628813,25055,237.22832900719965,12.700000000000001,0.642322018743213,56945.480767538436,33149.591538410124,0.0,0.0
ITY113_1804,605,7649.464,51.14016440681471,5.557899497760955,25096,237.22832900719965,12.700000000000001,0.6427886153829272,56944.838445519694,33170.74552902699,0.0,0.0
ITY113_1804,606,7662.164,51.13814153664335,5.558979956194876,25138,237.22832900719965,12.700000000000001,0.6432686129461134,56944.19565690431,33192.50673320464,0.0,0.0
ITY113_1804,607,7674.864,51.136118656515976,5.560060319945227,25179,237.22832900719965,12.700000000000001,0.6437385817285406,56943.55238829136,33213.81310557055,0.0,0.0
ITY113_1804,608,7687.564,51.13409576643417,5.561140589026656,25221,237.22832900719965,12.700000000000001,0.6442220401895076,56942.908649709636,33235.730708167815,0.0,0.0
ITY113_1804,609,7700.264,51.13207286639952,5.562220763453807,25263,237.22832900719965,12.700000000000001,0.6447072541439567,56942.26442766945,33257.72764659711,0.0,0.0
ITY113_1804,610,7712.964,51.13004995641361,5.563300843241322,25305,237.22832900719965,12.700000000000001,0.6451942262757939,56941.61972041531,33279.8040455694,0.0,0.0
ITY113_1804,611,7725.664,51.12802703647803,5.5643808284038405,25346,237.22832900719965,12.700000000000001,0.6456710112786457,56940.97452618903,33301.418470028315,0.0,0.0
ITY113_1804,612,7738.364,51.126004106594365,5.565460718955998,25388,237.22832900719965,12.700000000000001,0.6461614653921612,56940.32885517775,33323.652247107806,0.0,0.0
ITY113_1804,613,7751.064,51.123981166764196,5.566540514912427,25430,237.22832900719965,12.700000000000001,0.6466536857015996,56939.68269371236,33345.96585788453,0.0,0.0
ITY113_1804,614,7763.764,51.12195821698911,5.567620216287758,25471,237.22832900719965,12.700000000000001,0.6471355997290391,56939.03604002666,33367.81211952897,0.0,0.0
ITY113_1804,615,7776.464,51.11993525727069,5.568699823096617,25513,237.22832900719965,12.700000000000001,0.6476313179096311,56938.38890442693,33390.28384869827,0.0,0.0
ITY113_1804,616,7789.164,51.11791228761052,5.569779335353629,25554,237.22832900719965,12.700000000000001,0.6481166503932918,56937.74127310902,33412.284646594264,0.0,0.0
ITY113_1804,617,7801.864,51.11588930801019,5.570858753073414,25596,237.22832900719965,12.700000000000001,0.6486158770463417,56937.09315645863,33434.914989022014,0.0,0.0
ITY113_1804,618,7814.564,51.113866318471274,5.57193807627059,25638,237.22832900719965,12.700000000000001,0.6491168833418617,56936.44454058158,33457.62579283628,0.0,0.0
ITY113_1804,619,7827.264,51.11184331899536,5.573017304959772,25680,237.22832900719965,12.700000000000001,0.6496196720110161,56935.79542369823,33480.41718583111,0.0,0.0
ITY113_1804,620,7839.964,51.10982030958403,5.574096439155573,25721,237.22832900719965,12.700000000000001,0.6501119144548784,56935.14580402622,33502.730406654395,0.0,0.0
ITY113_1804,621,7852.664,51.107797290238864,5.575175478872601,25763,237.22832900719965,12.700000000000001,0.6506182330515833,56934.49569211177,33525.68141681276,0.0,0.0
ITY113_1804,622,7865.364,51.10577426096145,5.5762544241254615,25804,237.22832900719965,12.700000000000001,0.6511139252785225,56933.84507387872,33548.15063972146,0.0,0.0
ITY113_1804,623,7878.064,51.103751221753356,5.577333274928758,25846,237.22832900719965,12.700000000000001,0.651623784526514,56933.193959953445,33571.26177003121,0.0,0.0
ITY113_1804,624,7890.764,51.10172817261617,5.578412031297091,25888,237.22832900719965,12.700000000000001,0.6521354397499866,56932.54233616892,33594.45412751336,0.0,0.0
ITY113_1804,625,7903.464,51.09970511355148,5.579490693245057,25930,237.22832900719965,12.700000000000001,0.6526488937113621,56931.89020072917,33617.72784205956,0.0,0.0
ITY113_1804,626,7916.164,51.097682044560855,5.580569260787249,25971,237.22832900719965,12.700000000000001,0.6531515592968531,56931.23755183546,33640.51246163117,0.0,0.0
ITY113_1804,627,7928.864,51.09565896564588,5.58164773393826,26013,237.22832900719965,12.700000000000001,0.6536685756101337,56930.584400276166,33663.947316710495,0.0,0.0
ITY113_1804,628,7941.564,51.093635876808136,5.582726112712677,26055,237.22832900719965,12.700000000000001,0.6541873989130094,56929.93073170056,33687.463917509216,0.0,0.0
ITY113_1804,629,7954.264,51.0916127780492,5.583804397125085,26096,237.22832900719965,12.700000000000001,0.6546953119278582,56929.27654430165,33710.48592400347,0.0,0.0
ITY113_1804,630,7966.964,51.08958966937065,5.584882587190065,26138,237.22832900719965,12.700000000000001,0.655217713931979,56928.62184898972,33734.16443637074,0.0,0.0
ITY113_1804,631,7979.664,51.08756655077407,5.585960682922197,26179,237.22832900719965,12.700000000000001,0.6557291243911356,56927.96663127579,33757.34468892038,0.0,0.0
ITY113_1804,632,7992.364,51.08554342226103,5.587038684336057,26221,237.22832900719965,12.700000000000001,0.6562551160022598,56927.3109021514,33781.185628278006,0.0,0.0
ITY113_1804,633,8005.064,51.08352028383312,5.588116591446218,26263,237.22832900719965,12.700000000000001,0.6567829284357152,56926.6546470354,33805.108967119304,0.0,0.0
ITY113_1804,634,8017.764,51.0814971354919,5.589194404267249,26305,237.22832900719965,12.700000000000001,0.6573125645003666,56925.99786410697,33829.11483854721,0.0,0.0
ITY113_1804,635,8030.464,51.07947397723896,5.590272122813718,26346,237.22832900719965,12.700000000000001,0.6578310447607636,56925.34055154247,33852.615040104,0.0,0.0
ITY113_1804,636,8043.164,51.07745080907588,5.591349747100189,26388,237.22832900719965,12.700000000000001,0.6583642924978286,56924.68272049771,33876.78438412903,0.0,0.0
ITY113_1804,637,8055.864,51.075427631004224,5.592427277141222,26429,237.22832900719965,12.700000000000001,0.6588863024199556,56924.02435620521,33900.4443584469,0.0,0.0
ITY113_1804,638,8068.564,51.073404443025574,5.5935047129513755,26471,237.22832900719965,12.700000000000001,0.6594231728552757,56923.36546990279,33924.777698951155,0.0,0.0
ITY113_1804,639,8081.264,51.0713812451415,5.594582054545205,26513,237.22832900719965,12.700000000000001,0.659961880906855,56922.70604672994,33949.19423653828,0.0,0.0
ITY113_1804,640,8093.964,51.06935803735359,5.5956593019372605,26555,237.22832900719965,12.700000000000001,0.6605024294141741,56922.04608484903,33973.69410649626,0.0,0.0
ITY113_1804,641,8106.664,51.06733481966341,5.596736455142093,26596,237.22832900719965,12.700000000000001,0.6610315743208011,56921.38558241962,33997.67712705532,0.0,0.0
ITY113_1804,642,8119.364,51.06531159207253,5.597813514174247,26638,237.22832900719965,12.700000000000001,0.6615757678322802,56920.7245508453,34022.34205626334,0.0,0.0
ITY113_1804,643,8132.064,51.06328835458254,5.598890479048265,26680,237.22832900719965,12.700000000000001,0.6621218102798254,56920.06297507747,34047.09072264487,0.0,0.0
ITY113_1804,644,8144.764,51.061265107195,5.599967349778687,26721,237.22832900719965,12.700000000000001,0.6626563243642749,56919.40085326719,34071.316910339454,0.0,0.0
ITY113_1804,645,8157.464,51.05924184991149,5.601044126380051,26763,237.22832900719965,12.700000000000001,0.6632060286159511,56918.738196942824,34096.23143903879,0.0,0.0
ITY113_1804,646,8170.164,51.057218582733576,5.60212080886689,26804,237.22832900719965,12.700000000000001,0.6637441213450874,56918.07499091421,34120.619736658366,0.0,0.0
ITY113_1804,647,8182.864,51.05519530566284,5.603197397253735,26846,237.22832900719965,12.700000000000001,0.6642974986046455,56917.411246792864,34145.70066451123,0.0,0.0
ITY113_1804,648,8195.564,51.05317201870085,5.604273891555112,26888,237.22832900719965,12.700000000000001,0.6648527390110079,56916.74694929426,34170.86601046545,0.0,0.0
ITY113_1804,649,8208.264,51.051148721849174,5.6053502917855464,26929,237.22832900719965,12.700000000000001,0.6653962421636863,56916.08209655525,34195.499451601354,0.0,0.0
ITY113_1804,650,8220.964,51.04912541510939,5.606426597959561,26971,237.22832900719965,12.700000000000001,0.6659551725252912,56915.416700313086,34220.832010731894,0.0,0.0
ITY113_1804,651,8233.664,51.047102098483066,5.607502810091673,27013,237.22832900719965,12.700000000000001,0.6665159746334617,56914.75074514056,34246.24940164397,0.0,0.0
ITY113_1804,652,8246.364,51.045078771971774,5.6085789281963985,27054,237.22832900719965,12.700000000000001,0.6670649131697761,56914.08422916593,34271.12918699085,0.0,0.0
ITY113_1804,653,8259.064,51.04305543557708,5.60965495228825,27096,237.22832900719965,12.700000000000001,0.6676294222684167,56913.41716425276,34296.71461175828,0.0,0.0
ITY113_1804,654,8271.764,51.041032089300565,5.610730882381737,27138,237.22832900719965,12.700000000000001,0.6681958117577169,56912.74953483049,34322.385285370416,0.0,0.0
ITY113_1804,655,8284.464,51.03900873314379,5.611806718491366,27180,237.22832900719965,12.700000000000001,0.6687640845522425,56912.08133901873,34348.14134873771,0.0,0.0
ITY113_1804,656,8297.164,51.03698536710832,5.612882460631639,27221,237.22832900719965,12.700000000000001,0.6693203240878962,56911.41257493418,34373.35214764645,0.0,0.0
ITY113_1804,657,8309.864,51.034961991195736,5.613958108817059,27263,237.22832900719965,12.700000000000001,0.669892326768571,56910.74325461009,34399.27735180444,0.0,0.0
ITY113_1804,658,8322.564,51.0329386054076,5.61503366306212,27305,237.22832900719965,12.700000000000001,0.6704662214573343,56910.07336228332,34425.288367344394,0.0,0.0
ITY113_1804,659,8335.264,51.03091520974548,5.616109123381318,27346,237.22832900719965,12.700000000000001,0.6710279551836005,56909.40289606187,34450.74835371242,0.0,0.0
ITY113_1804,660,8347.964,51.02889180421095,5.617184489789144,27388,237.22832900719965,12.700000000000001,0.6716055969967276,56908.73186810668,34476.92934648666,0.0,0.0
ITY113_1804,661,8360.664,51.02686838880557,5.618259762300085,27430,237.22832900719965,12.700000000000001,0.6721851395644254,56908.06026250969,34503.19657571849,0.0,0.0
ITY113_1804,662,8373.364,51.02484496353091,5.619334940928628,27471,237.22832900719965,12.700000000000001,0.6727523928668835,56907.388077370124,34528.906983303816,0.0,0.0
ITY113_1804,663,8386.064,51.02282152838853,5.620410025689253,27513,237.22832900719965,12.700000000000001,0.6733356998830113,56906.71532497726,34555.34503305553,0.0,0.0
ITY113_1804,664,8398.764,51.020798083380015,5.62148501659644,27554,237.22832900719965,12.700000000000001,0.6739066321118139,56906.04198927738,34581.222399674254,0.0,0.0
ITY113_1804,665,8411.464,51.01877462850691,5.622559913664663,27596,237.22832900719965,12.700000000000001,0.6744937151261501,56905.36808264527,34607.83183366864,0.0,0.0
ITY113_1804,666,8424.164,51.01675116377079,5.623634716908397,27638,237.22832900719965,12.700000000000001,0.6750827135447317,56904.693588930146,34634.52821915511,0.0,0.0
ITY113_1804,667,8436.864,51.01472768917323,5.624709426342109,27679,237.22832900719965,12.700000000000001,0.6756592078683259,56904.0185062166,34660.65808232986,0.0,0.0
ITY113_1804,668,8449.564,51.012704204715774,5.6257840419802685,27721,237.22832900719965,12.700000000000001,0.6762519997505372,56903.34284700873,34687.526706855744,0.0,0.0
ITY113_1804,669,8462.264,51.0106807104,5.626858563837337,27763,237.22832900719965,12.700000000000001,0.6768467158980216,56902.66659500898,34714.48271727762,0.0,0.0
ITY113_1804,670,8474.964,51.008657206227475,5.627932991927776,27805,237.22832900719965,12.700000000000001,0.6774433592978608,56901.98974829308,34741.52626036535,0.0,0.0
ITY113_1804,671,8487.664,51.006633692199756,5.629007326266041,27846,237.22832900719965,12.700000000000001,0.6780273248934106,56901.31230493379,34767.99543550676,0.0,0.0
ITY113_1804,672,8500.364,51.00461016831841,5.630081566866588,27888,237.22832900719965,12.700000000000001,0.6786277852221239,56900.63427760889,34795.21237059429,0.0,0.0
ITY113_1804,673,8513.064,51.00258663458499,5.631155713743867,27930,237.22832900719965,12.700000000000001,0.6792301817206812,56899.95564982367,34822.51727750802,0.0,0.0
ITY113_1804,674,8525.764,51.00056309100108,5.632229766912327,27971,237.22832900719965,12.700000000000001,0.679819769679685,56899.27641964195,34849.24191063871,0.0,0.0
ITY113_1804,675,8538.464,50.99853953756822,5.633303726386412,28013,237.22832900719965,12.700000000000001,0.6804260007675558,56898.596599872275,34876.72108077962,0.0,0.0
ITY113_1804,676,8551.164,50.99651597428798,5.634377592180564,28055,237.22832900719965,12.700000000000001,0.6810341769845587,56897.916173871505,34904.28866550189,0.0,0.0
ITY113_1804,677,8563.864,50.99449240116192,5.635451364309222,28096,237.22832900719965,12.700000000000001,0.6816294133096408,56897.23513969452,34931.27004167486,0.0,0.0
ITY113_1804,678,8576.564,50.99246881819161,5.636525042786821,28138,237.22832900719965,12.700000000000001,0.682241441858561,56896.553510281214,34959.01276798332,0.0,0.0
ITY113_1804,679,8589.264,50.9904452253786,5.637598627627794,28179,237.22832900719965,12.700000000000001,0.6828404429587553,56895.87126883936,34986.165329131014,0.0,0.0
ITY113_1804,680,8601.964,50.98842162272445,5.63867211884657,28221,237.22832900719965,12.700000000000001,0.68345633566515,56895.188428396395,35014.083784197326,0.0,0.0
ITY113_1804,681,8614.664,50.98639801023073,5.639745516457575,28263,237.22832900719965,12.700000000000001,0.684074188500178,56894.50497206073,35042.091398624674,0.0,0.0
ITY113_1804,682,8627.364,50.984374387898995,5.640818820475232,28304,237.22832900719965,12.700000000000001,0.6846788814993692,56893.820897872225,35069.5028644553,0.0,0.0
ITY113_1804,683,8640.064,50.9823507557308,5.6418920309139615,28346,237.22832900719965,12.700000000000001,0.6853006163693123,56893.13621899072,35097.68709799869,0.0,0.0
ITY113_1804,684,8652.764,50.98032711372771,5.64296514778818,28388,237.22832900719965,12.700000000000001,0.68592432043644,56892.45091837435,35125.96094338212,0.0,0.0
ITY113_1804,685,8665.464,50.97830346189128,5.644038171112301,28430,237.22832900719965,12.700000000000001,0.6865499967570878,56891.76499405391,35154.32455348309,0.0,0.0
ITY113_1804,686,8678.164,50.97627980022307,5.645111100900736,28471,237.22832900719965,12.700000000000001,0.6871623353904479,56891.07844405716,35182.083974752364,0.0,0.0
ITY113_1804,687,8690.864,50.97425612872463,5.646183937167891,28513,237.22832900719965,12.700000000000001,0.6877919177552068,56890.39128172177,35210.62540490507,0.0,0.0
ITY113_1804,688,8703.564,50.97223244739753,5.64725667992817,28555,237.22832900719965,12.700000000000001,0.6884234814956058,56889.703489804015,35239.257057212875,0.0,0.0
ITY113_1804,689,8716.264,50.970208756243316,5.648329329195976,28596,237.22832900719965,12.700000000000001,0.6890415736923641,56889.01506632252,35267.27846778902,0.0,0.0
ITY113_1804,690,8728.964,50.96818505526355,5.649401884985704,28638,237.22832900719965,12.700000000000001,0.6896770615393344,56888.32602474883,35296.088847635554,0.0,0.0
ITY113_1804,691,8741.664,50.96616134445978,5.650474347311752,28680,237.22832900719965,12.700000000000001,0.6903145399235884,56887.63634768729,35324.98991082261,0.0,0.0
ITY113_1804,692,8754.364,50.96413762383357,5.651546716188509,28721,237.22832900719965,12.700000000000001,0.6909384122730164,56886.94603314736,35353.27464923051,0.0,0.0
ITY113_1804,693,8767.064,50.96211389338648,5.652618991630365,28763,237.22832900719965,12.700000000000001,0.6915798329038712,56886.25509473509,35382.35535487859,0.0,0.0
ITY113_1804,694,8779.764,50.960090153120056,5.653691173651704,28804,237.22832900719965,12.700000000000001,0.6922075578493061,56885.563514902184,35410.81568000677,0.0,0.0
ITY113_1804,695,8792.464,50.95806640303585,5.654763262266909,28846,237.22832900719965,12.700000000000001,0.6928529328135655,56884.871307344336,35440.07663973351,0.0,0.0
ITY113_1804,696,8805.164,50.95604264313542,5.655835257490358,28888,237.22832900719965,12.700000000000001,0.6935003136460067,56884.17845441152,35469.42905859066,0.0,0.0
ITY113_1804,697,8817.864,50.95401887342032,5.656907159336426,28929,237.22832900719965,12.700000000000001,0.6941338632377405,56883.484954097876,35498.15496316131,0.0,0.0
ITY113_1804,698,8830.564,50.9519950938921,5.657978967819488,28971,237.22832900719965,12.700000000000001,0.694785216670365,56882.79082023464,35527.688563530326,0.0,0.0
ITY113_1804,699,8843.264,50.94997130455232,5.65905068295391,29013,237.22832900719965,12.700000000000001,0.6954385852355234,56882.09603501797,35557.31409435368,0.0,0.0
ITY113_1804,700,8855.964,50.94794750540253,5.6601223047540605,29055,237.22832900719965,12.700000000000001,0.6960939720547541,56881.40059643273,35587.0317148769,0.0,0.0
ITY113_1804,701,8868.664,50.94592369644428,5.661193833234301,29096,237.22832900719965,12.700000000000001,0.6967353455216123,56880.70450246068,35616.11457808424,0.0,0.0
ITY113_1804,702,8881.364,50.94389987767912,5.662265268408992,29138,237.22832900719965,12.700000000000001,0.6973947294623366,56880.00776711516,35646.01463107516,0.0,0.0
ITY113_1804,703,8894.064,50.94187604910861,5.663336610292489,29180,237.22832900719965,12.700000000000001,0.6980561409714867,56879.3103723857,35676.00725026045,0.0,0.0
ITY113_1804,704,8906.764,50.93985221073429,5.664407858899145,29221,237.22832900719965,12.700000000000001,0.6987034020628504,56878.612316244726,35705.35890597341,0.0,0.0
ITY113_1804,705,8919.464,50.93782836255771,5.665479014243311,29263,237.22832900719965,12.700000000000001,0.6993688291329654,56877.91361284266,35735.534902920655,0.0,0.0
ITY113_1804,706,8932.164,50.935804504580425,5.666550076339332,29305,237.22832900719965,12.700000000000001,0.7000362931225836,56877.21424401353,35765.80394646504,0.0,0.0
ITY113_1804,707,8944.864,50.93378063680399,5.667621045201553,29346,237.22832900719965,12.700000000000001,0.7006894689768031,56876.51420772041,35795.42578896305,0.0,0.0
ITY113_1804,708,8957.564,50.93175675922994,5.668691920844314,29388,237.22832900719965,12.700000000000001,0.7013609670387855,56875.81351825143,35825.879163317426,0.0,0.0
ITY113_1804,709,8970.264,50.929732871859834,5.66976270328195,29429,237.22832900719965,12.700000000000001,0.7020180851630295,56875.11215728439,35855.68117757974,0.0,0.0
ITY113_1804,710,8982.964,50.92770897469522,5.670833392528796,29471,237.22832900719965,12.700000000000001,0.7026936296275337,56874.41013919923,35886.3195198532,0.0,0.0
ITY113_1804,711,8995.664,50.925685067737646,5.671903988599182,29513,237.22832900719965,12.700000000000001,0.703371226651148,56873.707445569606,35917.051716850554,0.0,0.0
ITY113_1804,712,9008.364,50.92366115098866,5.672974491507436,29554,237.22832900719965,12.700000000000001,0.7040343049266036,56873.004074342956,35947.126263325445,0.0,0.0
ITY113_1804,713,9021.064,50.921637224449796,5.674044901267879,29596,237.22832900719965,12.700000000000001,0.7047159669809977,56872.30004003803,35978.04439433754,0.0,0.0
ITY113_1804,714,9033.764,50.91961328812261,5.6751152178948345,29638,237.22832900719965,12.700000000000001,0.7053996910402727,56871.59532407105,36009.05687104979,0.0,0.0
ITY113_1804,715,9046.464,50.917589342008654,5.676185441402618,29680,237.22832900719965,12.700000000000001,0.7060854802862113,56870.88992438001,36040.16385934889,0.0,0.0
ITY113_1804,716,9059.164,50.91556538610947,5.677255571805543,29721,237.22832900719965,12.700000000000001,0.7067565642966076,56870.18383889973,36070.604742756565,0.0,0.0
ITY113_1804,717,9071.864,50.9135414204266,5.678325609117921,29763,237.22832900719965,12.700000000000001,0.7074464435677716,56869.477082335434,36101.898968191024,0.0,0.0
ITY113_1804,718,9084.564,50.91151744496159,5.679395553354057,29805,237.22832900719965,12.700000000000001,0.7081383975170317,56868.76963589187,36133.28820158156,0.0,0.0
ITY113_1804,719,9097.264,50.90949345971598,5.680465404528257,29846,237.22832900719965,12.700000000000001,0.70881550587036,56868.06149749435,36164.0049642089,0.0,0.0
ITY113_1804,720,9109.964,50.907469464691324,5.6815351626548205,29888,237.22832900719965,12.700000000000001,0.7095115686307947,56867.35268198848,36195.58241945956,0.0,0.0
ITY113_1804,721,9122.664,50.90544545988916,5.682604827748045,29930,237.22832900719965,12.700000000000001,0.7102097155940867,56866.64317041985,36227.25538311216,0.0,0.0
ITY113_1804,722,9135.364,50.90342144531103,5.683674399822223,29971,237.22832900719965,12.700000000000001,0.7108928759319793,56865.93296070425,36258.24947738734,0.0,0.0
ITY113_1804,723,9148.064,50.90139742095848,5.684743878891647,30013,237.22832900719965,12.700000000000001,0.711595150557486,56865.22206782832,36290.1116557127,0.0,0.0
ITY113_1804,724,9160.764,50.89937338683305,5.6858132649706015,30054,237.22832900719965,12.700000000000001,0.7122823445470754,56864.510472677764,36321.29069795505,0.0,0.0
ITY113_1804,725,9173.464,50.89734934293628,5.686882558073371,30096,237.22832900719965,12.700000000000001,0.712988759386564,56863.79819033322,36353.34275465068,0.0,0.0
ITY113_1804,726,9186.164,50.895325289269714,5.687951758214236,30138,237.22832900719965,12.700000000000001,0.7136972743496433,56863.085201573835,36385.49116160337,0.0,0.0
ITY113_1804,727,9198.864,50.89330122583489,5.689020865407473,30179,237.22832900719965,12.700000000000001,0.7143905665267025,56862.37150429949,36416.94997877314,0.0,0.0
ITY113_1804,728,9211.564,50.89127715263335,5.690089879667355,30221,237.22832900719965,12.700000000000001,0.7151032406597044,56861.65711373296,36449.28927051947,0.0,0.0
ITY113_1804,729,9224.264,50.88925306966664,5.691158801008152,30263,237.22832900719965,12.700000000000001,0.7158180245260639,56860.9420104923,36481.725423998614,0.0,0.0
ITY113_1804,730,9236.964,50.88722897693629,5.6922276294441305,30305,237.22832900719965,12.700000000000001,0.7165349213618031,56860.22619246777,36514.258612024976,0.0,0.0
ITY113_1804,731,9249.664,50.88520487444385,5.693296364989553,30346,237.22832900719965,12.700000000000001,0.7172364044363402,56859.50965754641,36546.093535646614,0.0,0.0
ITY113_1804,732,9262.364,50.88318076219085,5.694365007658679,30388,237.22832900719965,12.700000000000001,0.7179574858624143,56858.792421141974,36578.81896600196,0.0,0.0
ITY113_1804,733,9275.064,50.88115664017882,5.6954335574657655,30430,237.22832900719965,12.700000000000001,0.7186806899080691,56858.074463656114,36611.641948006574,0.0,0.0
ITY113_1804,734,9287.764,50.87913250840932,5.6965020144250635,30471,237.22832900719965,12.700000000000001,0.7193883364539733,56857.35578296621,36643.760133281845,0.0,0.0
ITY113_1804,735,9300.464,50.87710836688387,5.697570378550823,30513,237.22832900719965,12.700000000000001,0.720115744185533,56856.63639462976,36676.776383473916,0.0,0.0
ITY113_1804,736,9313.164,50.875084215604005,5.69863864985729,30555,237.22832900719965,12.700000000000001,0.7208452842161219,56855.91627888557,36709.89070667051,0.0,0.0
ITY113_1804,737,9325.864,50.87306005457127,5.699706828358704,30596,237.22832900719965,12.700000000000001,0.7215591223230913,56855.19543360135,36742.2936666886,0.0,0.0
ITY113_1804,738,9338.564,50.8710358837872,5.700774914069306,30638,237.22832900719965,12.700000000000001,0.7222928851920365,56854.47387447903,36775.60229236956,0.0,0.0
ITY113_1804,739,9351.264,50.86901170325333,5.701842907003329,30679,237.22832900719965,12.700000000000001,0.7230108498642323,56853.75158159384,36808.195175963294,0.0,0.0
ITY113_1804,740,9363.964,50.86698751297119,5.702910807175006,30721,237.22832900719965,12.700000000000001,0.7237488483187555,56853.028570743976,36841.69879556553,0.0,0.0
ITY113_1804,741,9376.664,50.86496331294232,5.703978614598563,30763,237.22832900719965,12.700000000000001,0.7244889952409916,56852.30482189566,36875.3013652161,0.0,0.0
ITY113_1804,742,9389.364,50.86293910316825,5.705046329288225,30804,237.22832900719965,12.700000000000001,0.7252131983952774,56851.58033290042,36908.18156891857,0.0,0.0
ITY113_1804,743,9402.064,50.860914883650516,5.706113951258213,30846,237.22832900719965,12.700000000000001,0.725957600146125,56850.85511970202,36941.98018098907,0.0,0.0
ITY113_1804,744,9414.764,50.85889065439065,5.707181480522743,30888,237.22832900719965,12.700000000000001,0.7267041601175352,56850.129162101875,36975.87827597211,0.0,0.0
ITY113_1804,745,9427.464,50.85686641539018,5.708248917096028,30930,237.22832900719965,12.700000000000001,0.7274528815925747,56849.40245794176,37009.87603391041,0.0,0.0
ITY113_1804,746,9440.164,50.85484216665064,5.709316260992278,30971,237.22832900719965,12.700000000000001,0.7281854637290448,56848.67500506017,37043.14252172675,0.0,0.0
ITY113_1804,747,9452.864,50.85281790817357,5.7103835122256985,31013,237.22832900719965,12.700000000000001,0.7289384658225413,56847.946819596444,37077.33773639654,0.0,0.0
ITY113_1804,748,9465.564,50.85079363996049,5.711450670810493,31055,237.22832900719965,12.700000000000001,0.7296936392067115,56847.21788113062,37111.633152756986,0.0,0.0
ITY113_1804,749,9478.264,50.84876936201294,5.712517736760859,31096,237.22832900719965,12.700000000000001,0.7304325260559383,56846.48818749141,37145.19059318838,0.0,0.0
ITY113_1804,750,9490.964,50.84674507433243,5.7135847100909904,31138,237.22832900719965,12.700000000000001,0.7311919994196658,56845.75775496536,37179.684535060005,0.0,0.0
ITY113_1804,751,9503.664,50.84472077692051,5.7146515908150795,31180,237.22832900719965,12.700000000000001,0.7319536538854983,56845.02656296594,37214.27922179641,0.0,0.0
ITY113_1804,752,9516.364,50.8426964697787,5.715718378947313,31221,237.22832900719965,12.700000000000001,0.732698873919259,56844.294609312055,37248.12919122983,0.0,0.0
ITY113_1804,753,9529.064,50.84067215290853,5.716785074501876,31263,237.22832900719965,12.700000000000001,0.7334648477728578,56843.56191043813,37282.923481063604,0.0,0.0
ITY113_1804,754,9541.764,50.83864782631153,5.717851677492946,31304,237.22832900719965,12.700000000000001,0.7342142886067486,56842.82844559036,37316.96855774189,0.0,0.0
ITY113_1804,755,9554.464,50.83662348998922,5.718918187934699,31346,237.22832900719965,12.700000000000001,0.7349845947595897,56842.09423130176,37351.963171057454,0.0,0.0
ITY113_1804,756,9567.164,50.83459914394314,5.719984605841309,31388,237.22832900719965,12.700000000000001,0.7357570983916017,56841.359246707,37387.05944300324,0.0,0.0
ITY113_1804,757,9579.864,50.832574788174796,5.721050931226943,31429,237.22832900719965,12.700000000000001,0.7365129199341762,56840.6234896086,37421.399700580565,0.0,0.0
ITY113_1804,758,9592.564,50.830550422685725,5.722117164105764,31471,237.22832900719965,12.700000000000001,0.7372897753472041,56839.88697668867,37456.697388416505,0.0,0.0
ITY113_1804,759,9605.264,50.82852604747745,5.723183304491935,31513,237.22832900719965,12.700000000000001,0.738068838110447,56839.149686913326,37492.09729006861,0.0,0.0
ITY113_1804,760,9617.964,50.82650166255151,5.724249352399611,31555,237.22832900719965,12.700000000000001,0.7388501115454551,56838.41161807522,37527.59959312344,0.0,0.0
ITY113_1804,761,9630.664,50.8244772679094,5.725315307842945,31596,237.22832900719965,12.700000000000001,0.7396145026229402,56837.672767963675,37562.33673837972,0.0,0.0
ITY113_1804,762,9643.364,50.82245286355267,5.726381170836085,31638,237.22832900719965,12.700000000000001,0.7404001539310197,56836.933153461054,37598.04193089163,0.0,0.0
ITY113_1804,763,9656.064,50.820428449482826,5.7274469413931755,31680,237.22832900719965,12.700000000000001,0.7411880258087091,56836.19275330712,37633.85008612064,0.0,0.0
ITY113_1804,764,9668.764,50.8184040257014,5.728512619528358,31721,237.22832900719965,12.700000000000001,0.7419588645994311,56835.45156528131,37668.886196925305,0.0,0.0
ITY113_1804,765,9681.464,50.816379592209906,5.729578205255769,31763,237.22832900719965,12.700000000000001,0.7427511339244837,56834.70960641671,37704.898355189136,0.0,0.0
ITY113_1804,766,9694.164,50.81435514900987,5.730643698589541,31805,237.22832900719965,12.700000000000001,0.7435456337356225,56833.966855282786,37741.014042117764,0.0,0.0
ITY113_1804,767,9706.864,50.812330696102805,5.731709099543801,31846,237.22832900719965,12.700000000000001,0.7443229490151666,56833.22330964905,37776.35076092416,0.0,0.0
ITY113_1804,768,9719.564,50.81030623349024,5.732774408132674,31888,237.22832900719965,12.700000000000001,0.7451218658835128,56832.478986700036,37812.671573658394,0.0,0.0
ITY113_1804,769,9732.264,50.80828176117369,5.733839624370281,31929,237.22832900719965,12.700000000000001,0.7459034972694103,56831.733864834154,37848.20880052639,0.0,0.0
ITY113_1804,770,9744.964,50.80625727915467,5.734904748270738,31971,237.22832900719965,12.700000000000001,0.7467068442337541,56830.98796133688,37884.73548966687,0.0,0.0
ITY113_1804,771,9757.664,50.80423278743471,5.735969779848156,32013,237.22832900719965,12.700000000000001,0.7475124382227727,56830.24125449265,37921.36665956872,0.0,0.0
ITY113_1804,772,9770.364,50.80220828601531,5.737034719116641,32054,237.22832900719965,12.700000000000001,0.7483005940886125,56829.49374205442,37957.20725753375,0.0,0.0
ITY113_1804,773,9783.064,50.800183774897995,5.738099566090299,32096,237.22832900719965,12.700000000000001,0.7491106378369514,56828.745441460334,37994.04544208648,0.0,0.0
ITY113_1804,774,9795.764,50.79815925408428,5.739164320783227,32138,237.22832900719965,12.700000000000001,0.7499229385697777,56827.9963308225,38030.98868588825,0.0,0.0
ITY113_1804,775,9808.464,50.79613472357569,5.740228983209521,32180,237.22832900719965,12.700000000000001,0.7507374996370253,56827.246407883926,38068.03718440127,0.0,0.0
ITY113_1804,776,9821.164,50.794110183373725,5.7412935533832705,32221,237.22832900719965,12.700000000000001,0.7515344175204735,56826.49567038429,38104.285718162006,0.0,0.0
ITY113_1804,777,9833.864,50.79208563347991,5.742358031318561,32263,237.22832900719965,12.700000000000001,0.7523534546619042,56825.74413596677,38141.54276675159,0.0,0.0
ITY113_1804,778,9846.564,50.79006107389574,5.743422417029475,32305,237.22832900719965,12.700000000000001,0.7531747621156626,56824.99178251211,38178.90565493869,0.0,0.0
ITY113_1804,779,9859.264,50.78803650462275,5.744486710530087,32346,237.22832900719965,12.700000000000001,0.7539782720533306,56824.23860774999,38215.46150327135,0.0,0.0
ITY113_1804,780,9871.964,50.78601192566244,5.745550911834472,32388,237.22832900719965,12.700000000000001,0.7548040753070262,56823.484629477935,38253.03410188204,0.0,0.0
ITY113_1804,781,9884.664,50.78398733701633,5.746615020956695,32430,237.22832900719965,12.700000000000001,0.7556321588628216,56822.729825402625,38290.71312981439,0.0,0.0
ITY113_1804,782,9897.364,50.78196273868592,5.747679037910822,32471,237.22832900719965,12.700000000000001,0.7564422898418568,56821.97419324376,38327.57800414653,0.0,0.0
ITY113_1804,783,9910.064,50.779938130672726,5.74874296271091,32513,237.22832900719965,12.700000000000001,0.7572748889453147,56821.21775095392,38365.467912448585,0.0,0.0
ITY113_1804,784,9922.764,50.77791351297826,5.749806795371014,32554,237.22832900719965,12.700000000000001,0.7580894321131408,56820.460476064975,38402.53892235,0.0,0.0
ITY113_1804,785,9935.464,50.77588888560402,5.7508705359051815,32596,237.22832900719965,12.700000000000001,0.7589265598868904,56819.70238663286,38440.64049317125,0.0,0.0
ITY113_1804,786,9948.164,50.77386424855152,5.751934184327458,32638,237.22832900719965,12.700000000000001,0.759765984607707,56818.94346007297,38478.84948543272,0.0,0.0
ITY113_1804,787,9960.864,50.771839601822265,5.752997740651882,32679,237.22832900719965,12.700000000000001,0.7605871971147815,56818.183694088366,38516.2324005299,0.0,0.0
ITY113_1804,788,9973.564,50.769814945417764,5.754061204892489,32721,237.22832900719965,12.700000000000001,0.7614311702835208,56817.42310689125,38554.65424141514,0.0,0.0
ITY113_1804,789,9986.264,50.76779027933952,5.755124577063309,32763,237.22832900719965,12.700000000000001,0.7622774504133341,56816.66167572096,38593.18410655967,0.0,0.0
ITY113_1804,790,9998.964,50.765765603589045,5.756187857178365,32805,237.22832900719965,12.700000000000001,0.763126040870671,56815.89939827055,38631.8221996495,0.0,0.0
ITY113_1804,791,10011.664,50.763740918167834,5.757251045251679,32846,237.22832900719965,12.700000000000001,0.7639562091745595,56815.13627222968,38669.62456279933,0.0,0.0
ITY113_1804,792,10024.364,50.76171622307739,5.758314141297264,32888,237.22832900719965,12.700000000000001,0.7648093745242635,56814.37231602051,38708.47710453277,0.0,0.0
ITY113_1804,793,10037.064,50.75969151831922,5.75937714532913,32930,237.22832900719965,12.700000000000001,0.765664860223394,56813.60750664599,38747.43848371304,0.0,0.0
ITY113_1804,794,10049.764,50.75766680389483,5.76044005736128,32971,237.22832900719965,12.700000000000001,0.766501765770836,56812.84184178577,38785.556861379635,0.0,0.0
ITY113_1804,795,10062.464,50.7556420798057,5.761502877407714,33013,237.22832900719965,12.700000000000001,0.7673618461671636,56812.07534002,38824.73389839098,0.0,0.0
ITY113_1804,796,10075.164,50.75361734605335,5.762565605482425,33055,237.22832900719965,12.700000000000001,0.7682242569387725,56811.30797817383,38864.02038740344,0.0,0.0
ITY113_1804,797,10087.864,50.75159260263928,5.763628241599402,33096,237.22832900719965,12.700000000000001,0.7690679288203743,56810.53975391689,38902.456563044034,0.0,0.0
ITY113_1804,798,10100.564,50.74956784956497,5.764690785772626,33138,237.22832900719965,12.700000000000001,0.7699349541001039,56809.77068598807,38941.95992910088,0.0,0.0
ITY113_1804,799,10113.264,50.74754308683193,5.765753238016076,33179,237.22832900719965,12.700000000000001,0.7707831346828871,56809.00075103397,38980.608104535815,0.0,0.0
ITY113_1804,800,10125.964,50.745518314441654,5.766815598343723,33221,237.22832900719965,12.700000000000001,0.7716547876263218,56808.229967899286,39020.32916273568,0.0,0.0
ITY113_1804,801,10138.664,50.74349353239563,5.767877866769532,33263,237.22832900719965,12.700000000000001,0.7725287876318445,56807.45831311166,39060.16070685407,0.0,0.0
ITY113_1804,802,10151.364,50.74146874069537,5.768940043307463,33305,237.22832900719965,12.700000000000001,0.7734051380692393,56806.68578432403,39100.102947418694,0.0,0.0
ITY113_1804,803,10164.064,50.739443939342344,5.770002127971471,33346,237.22832900719965,12.700000000000001,0.7742624299112617,56805.91237918596,39139.180128689986,0.0,0.0
ITY113_1804,804,10176.764,50.73741912833806,5.7710641207755025,33388,237.22832900719965,12.700000000000001,0.7751434344828887,56805.13811675605,39179.341715155744,0.0,0.0
ITY113_1804,805,10189.464,50.735394307684004,5.772126021733501,33430,237.22832900719965,12.700000000000001,0.7760267995134937,56804.362973321564,39219.61462804834,0.0,0.0
ITY113_1804,806,10202.164,50.733369477381665,5.773187830859403,33471,237.22832900719965,12.700000000000001,0.7768909449776542,56803.58694652205,39259.015046902736,0.0,0.0
ITY113_1804,807,10214.864,50.731344637432535,5.774249548167137,33513,237.22832900719965,12.700000000000001,0.7777789839504041,56802.81005557707,39299.508555518354,0.0,0.0
ITY113_1804,808,10227.564,50.7293197878381,5.775311173670627,33555,237.22832900719965,12.700000000000001,0.7786693934059334,56802.03227659312,39340.11402577417,0.0,0.0
ITY113_1804,809,10240.264,50.727294928599854,5.776372707383789,33596,237.22832900719965,12.700000000000001,0.7795404215757831,56801.25360719972,39379.83952559724,0.0,0.0
ITY113_1804,810,10252.964,50.72527005971927,5.777434149320534,33638,237.22832900719965,12.700000000000001,0.7804355247729078,56800.474066778144,39420.666851780945,0.0,0.0
ITY113_1804,811,10265.664,50.72324518119784,5.778495499494766,33680,237.22832900719965,12.700000000000001,0.7813330084713559,56799.69363125337,39461.60678009702,0.0,0.0
ITY113_1804,812,10278.364,50.72122029303705,5.779556757920382,33721,237.22832900719965,12.700000000000001,0.7822109484149016,56798.912298244904,39501.659219587265,0.0,0.0
ITY113_1804,813,10291.064,50.71919539523838,5.780617924611271,33763,237.22832900719965,12.700000000000001,0.7831131456420157,56798.13008729649,39542.82227451056,0.0,0.0
ITY113_1804,814,10303.764,50.71717048780331,5.7816789995813185,33804,237.22832900719965,12.700000000000001,0.7839956908248928,56797.34697415085,39583.09282527611,0.0,0.0
ITY113_1804,815,10316.464,50.71514557073331,5.782739982844398,33846,237.22832900719965,12.700000000000001,0.7849026147099514,56796.562978460024,39624.479856326645,0.0,0.0
ITY113_1804,816,10329.164,50.71312064402988,5.783800874414379,33888,237.22832900719965,12.700000000000001,0.7858119357498043,56795.778075845315,39665.980567093546,0.0,0.0
ITY113_1804,817,10341.864,50.71109570769448,5.784861674305123,33930,237.22832900719965,12.700000000000001,0.7867236573041929,56794.99226390957,39707.59517700081,0.0,0.0
ITY113_1804,818,10354.564,50.7090707617286,5.785922382530483,33971,237.22832900719965,12.700000000000001,0.7876155079083955,56794.20554025226,39748.307133889095,0.0,0.0
ITY113_1804,819,10367.264,50.7070458061337,5.786982999104305,34013,237.22832900719965,12.700000000000001,0.7885319825121904,56793.41792474435,39790.14744355654,0.0,0.0
ITY113_1804,820,10379.964,50.70502084091126,5.788043524040427,34055,237.22832900719965,12.700000000000001,0.7894508676209788,56792.62939276184,39832.10230897454,0.0,0.0
ITY113_1804,821,10392.664,50.70299586606275,5.789103957352679,34096,237.22832900719965,12.700000000000001,0.7903497170503377,56791.83994189422,39873.14687486151,0.0,0.0
ITY113_1804,822,10405.364,50.70097088158965,5.790164299054882,34138,237.22832900719965,12.700000000000001,0.791273374933771,56791.04959217717,39915.32874270104,0.0,0.0
ITY113_1804,823,10418.064,50.698945887493416,5.79122454916085,34180,237.22832900719965,12.700000000000001,0.7921994532989873,56790.25831880224,39957.62582836943,0.0,0.0
ITY113_1804,824,10430.764,50.69692088377552,5.792284707684387,34221,237.22832900719965,12.700000000000001,0.7931053304991378,56789.46611934894,39999.004924570065,0.0,0.0
ITY113_1804,825,10443.464,50.69489587043743,5.79334477463929,34263,237.22832900719965,12.700000000000001,0.7940362013349871,56788.67301401844,40041.53032617133,0.0,0.0
ITY113_1804,826,10456.164,50.692870847480606,5.7944047500393445,34305,237.22832900719965,12.700000000000001,0.7949695026134753,56787.878977817105,40084.17161319632,0.0,0.0
ITY113_1804,827,10468.864,50.69084581490651,5.795464633898329,34346,237.22832900719965,12.700000000000001,0.7958824364835091,56787.084008314494,40125.88717702787,0.0,0.0
ITY113_1804,828,10481.564,50.68882077271661,5.796524426230012,34388,237.22832900719965,12.700000000000001,0.7968205498948404,56786.28812587801,40168.75810444349,0.0,0.0
ITY113_1804,829,10494.264,50.68679572091236,5.79758412704815,34429,237.22832900719965,12.700000000000001,0.7977381850984826,56785.49130532811,40210.698149368116,0.0,0.0
ITY113_1804,830,10506.964,50.684770659495214,5.798643736366493,34471,237.22832900719965,12.700000000000001,0.7986811236769151,56784.69356714301,40253.79960266408,0.0,0.0
ITY113_1804,831,10519.664,50.68274558846663,5.799703254198779,34513,237.22832900719965,12.700000000000001,0.7996265092309585,56783.894886019334,40297.0180645987,0.0,0.0
ITY113_1804,832,10532.364,50.68072050782806,5.800762680558735,34555,237.22832900719965,12.700000000000001,0.8005743450921887,56783.095259510104,40340.353763893065,0.0,0.0
ITY113_1804,833,10545.064,50.67869541758096,5.801822015460079,34596,237.22832900719965,12.700000000000001,0.8015014787799497,56782.29468516501,40382.748139700925,0.0,0.0
ITY113_1804,834,10557.764,50.676670317726774,5.802881258916516,34638,237.22832900719965,12.700000000000001,0.8024541659783158,56781.49318368623,40426.316161530674,0.0,0.0
ITY113_1804,835,10570.464,50.67464520826695,5.803940410941741,34680,237.22832900719965,12.700000000000001,0.8034093133826996,56780.690729520255,40470.00210516072,0.0,0.0
ITY113_1804,836,10583.164,50.67262008920294,5.8049994715494355,34721,237.22832900719965,12.700000000000001,0.8043435900898022,56779.88732020687,40512.738857992874,0.0,0.0
ITY113_1804,837,10595.864,50.67059496053617,5.806058440753271,34763,237.22832900719965,12.700000000000001,0.8053036083636758,56779.08297661678,40556.65848204289,0.0,0.0
ITY113_1804,838,10608.564,50.6685698222681,5.807117318566906,34805,237.22832900719965,12.700000000000001,0.8062660967167519,56778.277673008415,40600.69671804935,0.0,0.0
ITY113_1804,839,10621.264,50.66654467440015,5.8081761050039855,34846,237.22832900719965,12.700000000000001,0.8072075450865654,56777.471406911696,40643.777850667415,0.0,0.0
ITY113_1804,840,10633.964,50.664519516933765,5.809234800078141,34888,237.22832900719965,12.700000000000001,0.8081749237882336,56776.66419936661,40688.051136319904,0.0,0.0
ITY113_1804,841,10646.664,50.66249434987038,5.81029340380299,34930,237.22832900719965,12.700000000000001,0.8091447824140383,56775.85602444282,40732.443729851715,0.0,0.0
ITY113_1804,842,10659.364,50.66046917321142,5.811351916192137,34971,237.22832900719965,12.700000000000001,0.810093431007606,56775.04687966041,40775.871261744716,0.0,0.0
ITY113_1804,843,10668.0,50.658443986958304,5.812410337259172,35000,237.22832900719965,11.176000000000002,0.8099877855111601,56774.236786229405,40806.371049615576,0.0,0.0
ITY113_1804,844,10668.0,50.65641879111247,5.81346866701767,35000,237.22832900719965,9.652000000000001,0.8091943753215831,56773.42679844389,40805.38858517382,0.0,0.0
ITY113_1804,845,10668.0,50.65439358567534,5.814526905481188,35000,237.22832900719965,8.128,0.8084009166951758,56772.61760406857,40804.40682121501,0.0,0.0
ITY113_1804,846,10668.0,50.65236837064831,5.815585052663267,35000,237.22832900719965,6.604,0.8076074100631323,56771.809203151875,40803.425757780584,0.0,0.0
ITY113_1804,847,10668.0,50.65034314603282,5.816643108577434,35000,237.22832900719965,5.08,0.8068138558567532,56771.001595741815,40802.445394911505,0.0,0.0
ITY113_1804,848,10668.0,50.64831791183027,5.817701073237197,35000,237.22832900719965,3.556,0.8060202545074411,56770.194781885955,40801.46573264809,0.0,0.0
ITY113_1804,849,10668.0,50.646292668042065,5.818758946656044,35000,237.22832900719965,2.032,0.8052266064467102,56769.388761631446,40800.48677103026,0.0,0.0
ITY113_1804,850,10668.0,50.64426741466961,5.819816728847446,35000,237.22832900719965,0.508,0.8044329121061822,56768.583535025,40799.50851009735,0.0,0.0
ITY113_1804,851,10668.0,50.64224215171431,5.820874419824853,35000,237.22832900719965,0.0,0.8041540922180426,56767.779102112894,40798.53101157719,0.0,0.0
ITY113_1804,852,10668.0,50.640216879177565,5.821932019601696,35000,237.22832900719965,0.0,0.8041327289658033,56766.974948020674,40797.55385028953,0.0,0.0
ITY113_1804,853,10668.0,50.63819159706076,5.822989528191383,35000,237.22832900719965,0.0,0.8041113665236692,56766.170815291705,40796.57672880292,0.0,0.0
ITY113_1804,854,10668.0,50.63616630536528,5.824046945607299,35000,237.22832900719965,0.0,0.8040900048916118,56765.36670392518,40795.59964711531,0.0,0.0
ITY113_1804,855,10668.0,50.634141004092506,5.825104271862808,35000,237.22832900719965,0.0,0.804068644069601,56764.56261392029,40794.622605224606,0.0,0.0
ITY113_1804,856,10668.0,50.632115693243826,5.826161506971248,35000,237.22832900719965,0.0,0.804047284057607,56763.758545276214,40793.64560312871,0.0,0.0
ITY113_1804,857,10668.0,50.630090372820604,5.82721865094593,35000,237.22832900719965,0.0,0.8040259248556012,56762.954497992156,40792.66864082558,0.0,0.0
ITY113_1804,858,10668.0,50.62806504282421,5.8282757038001405,35000,237.22832900719965,0.0,0.8040045664635522,56762.1504720673,40791.69171831305,0.0,0.0
ITY113_1804,859,10668.0,50.626039703256005,5.8293326655471365,35000,237.22832900719965,0.0,0.8039832088814318,56761.346467500836,40790.71483558911,0.0,0.0
ITY113_1804,860,10668.0,50.62401435411734,5.830389536200145,35000,237.22832900719965,0.0,0.8039618521092096,56760.54248429195,40789.737992651644,0.0,0.0
ITY113_1804,861,10668.0,50.62198899540957,5.831446315772363,35000,237.22832900719965,0.0,0.8039404961468557,56759.738522439846,40788.761189498546,0.0,0.0
ITY113_1804,862,10668.0,50.61996362713404,5.832503004276953,35000,237.22832900719965,0.0,0.8039191409943407,56758.9345819437,40787.78442612773,0.0,0.0
ITY113_1804,863,10668.0,50.61793824929208,5.833559601727044,35000,237.22832900719965,0.0,0.8038977866516352,56758.13066280271,40786.80770253715,0.0,0.0
ITY113_1804,864,10668.0,50.615912861885015,5.834616108135728,35000,237.22832900719965,0.0,0.8038764331187096,56757.326765016056,40785.831018724704,0.0,0.0
ITY113_1804,865,10668.0,50.61388746491417,5.83567252351606,35000,237.22832900719965,0.0,0.8038550803955335,56756.522888582935,40784.854374688264,0.0,0.0
ITY113_1804,866,10668.0,50.61186205838086,5.83672884788105,35000,237.22832900719965,0.0,0.8038337284820773,56755.71903350254,40783.87777042579,0.0,0.0
ITY113_1804,867,10668.0,50.60983664228638,5.837785081243668,35000,237.22832900719965,0.0,0.8038123773783126,56754.915199774056,40782.90120593519,0.0,0.0
ITY113_1804,868,10668.0,50.60781121663203,5.8388412236168366,35000,237.22832900719965,0.0,0.8037910270842079,56754.111387396675,40781.92468121436,0.0,0.0
ITY113_1804,869,10668.0,50.60578578141909,5.83989727501343,35000,237.22832900719965,0.0,0.8037696775997347,56753.30759636959,40780.94819626122,0.0,0.0
ITY113_1804,870,10668.0,50.60376033664883,5.840953235446271,35000,237.22832900719965,0.0,0.803748328924863,56752.50382669199,40779.9717510737,0.0,0.0
ITY113_1804,871,10668.0,50.601734882322525,5.842009104928125,35000,237.22832900719965,0.0,0.8037269810595635,56751.700078363065,40778.9953456497,0.0,0.0
ITY113_1804,872,10668.0,50.599709418441414,5.843064883471698,35000,237.22832900719965,0.0,0.803705634003806,56750.896351382005,40778.01897998715,0.0,0.0
ITY113_1804,873,10668.0,50.59768394500673,5.844120571089633,35000,237.22832900719965,0.0,0.8036842877575607,56750.092645748,40777.04265408394,0.0,0.0
ITY113_1804,874,10668.0,50.5956584620197,5.845176167794505,35000,237.22832900719965,0.0,0.8036629423207982,56749.288961460246,40776.06636793799,0.0,0.0
ITY113_1804,875,10668.0,50.59363296948153,5.846231673598815,35000,237.22832900719965,0.0,0.803641597693489,56748.485298517924,40775.09012154724,0.0,0.0
ITY113_1804,876,10668.0,50.591607467393416,5.847287088514986,35000,237.22832900719965,0.0,0.8036202538756028,56747.68165692023,40774.11391490956,0.0,0.0
ITY113_1804,877,10668.0,50.58958195575652,5.848342412555355,35000,237.22832900719965,0.0,0.8035989108671111,56746.87803666635,40773.137748022935,0.0,0.0
ITY113_1804,878,10668.0,50.587556434572,5.849397645732167,35000,237.22832900719965,0.0,0.8035775686679831,56746.07443775548,40772.161620885214,0.0,0.0
ITY113_1804,879,10668.0,50.585530903841,5.850452788057567,35000,237.22832900719965,0.0,0.8035562272781895,56745.270860186814,40771.185533494325,0.0,0.0
ITY113_1804,880,10668.0,50.58350536356461,5.851507839543593,35000,237.22832900719965,0.0,0.8035348866977006,56744.46730395954,40770.20948584821,0.0,0.0
ITY113_1804,881,10668.0,50.58147981374393,5.852562800202162,35000,237.22832900719965,0.0,0.8035135469264865,56743.66376907284,40769.23347794477,0.0,0.0
ITY113_1804,882,10668.0,50.57945425438002,5.853617670045064,35000,237.22832900719965,0.0,0.8034922079645181,56742.86025552591,40768.25750978193,0.0,0.0
ITY113_1804,883,10668.0,50.577428685473905,5.854672449083947,35000,237.22832900719965,0.0,0.8034708698117654,56742.056763317945,40767.28158135759,0.0,0.0
ITY113_1804,884,10668.0,50.57540310702658,5.855727137330303,35000,237.22832900719965,0.0,0.8034495324681987,56741.253292448135,40766.30569266967,0.0,0.0
ITY113_1804,885,10668.0,50.57337751903901,5.856781734795453,35000,237.22832900719965,0.0,0.8034281959337883,56740.44984291567,40765.3298437161,0.0,0.0
ITY113_1804,886,10668.0,50.571351921512125,5.857836241490528,35000,237.22832900719965,0.0,0.8034068602085047,56739.64641471973,40764.35403449478,0.0,0.0
ITY113_1804,887,10668.0,50.56932631444679,5.858890657426449,35000,237.22832900719965,0.0,0.8033855252923174,56738.84300785953,40763.37826500362,0.0,0.0
ITY113_1804,888,10668.0,50.56730069784384,5.859944982613902,35000,237.22832900719965,0.0,0.8033641911851979,56738.03962233423,40762.402535240566,0.0,0.0
ITY113_1804,889,10668.0,50.56527507170405,5.860999217063308,35000,237.22832900719965,0.0,0.8033428578871156,56737.23625814305,40761.4268452035,0.0,0.0
ITY113_1804,890,10668.0,50.56324943602813,5.862053360784794,35000,237.22832900719965,0.0,0.8033215253980419,56736.432915285164,40760.45119489038,0.0,0.0
ITY113_1804,891,10668.0,50.561223790816726,5.8631074137881525,35000,237.22832900719965,0.0,0.8033001937179458,56735.62959375977,40759.47558429909,0.0,0.0
ITY113_1804,892,10668.0,50.5591981360704,5.864161376082793,35000,237.22832900719965,0.0,0.8032788628467986,56734.82629356605,40758.50001342756,0.0,0.0
ITY113_1804,893,10668.0,50.55717247178962,5.86521524767769,35000,237.22832900719965,0.0,0.8032575327845701,56734.023014703205,40757.5244822737,0.0,0.0
ITY113_1804,894,10668.0,50.55514679797475,5.86626902858132,35000,237.22832900719965,0.0,0.8032362035312308,56733.219757170424,40756.54899083543,0.0,0.0
ITY113_1804,895,10668.0,50.55312111462604,5.867322718801576,35000,237.22832900719965,0.0,0.8032148750867509,56732.41652096689,40755.57353911067,0.0,0.0
ITY113_1804,896,10668.0,50.55109542174358,5.868376318345671,35000,237.22832900719965,0.0,0.8031935474511012,56731.61330609181,40754.598127097335,0.0,0.0
ITY113_1804,897,10668.0,50.54906971932733,5.869429827220022,35000,237.22832900719965,0.0,0.8031722206242509,56730.81011254436,40753.62275479334,0.0,0.0
ITY113_1804,898,10668.0,50.547044007377,5.87048324543009,35000,237.22832900719965,0.0,0.8031508946061714,56730.006940323736,40752.6474221966,0.0,0.0
ITY113_1804,899,10668.0,50.5450182858921,5.871536572980192,35000,237.22832900719965,0.0,0.8031295693968328,56729.20378942913,40751.67212930505,0.0,0.0
ITY113_1804,900,10668.0,50.54299255487182,5.872589809873252,35000,237.22832900719965,0.0,0.8031082449962053,56728.40065985973,40750.6968761166,0.0,0.0
ITY113_1804,901,10668.0,50.54096681431502,5.8736429561104675,35000,237.22832900719965,0.0,0.8030869214042586,56727.59755161474,40749.72166262915,0.0,0.0
ITY113_1804,902,10668.0,50.53894106422007,5.874696011690878,35000,237.22832900719965,0.0,0.8030655986209645,56726.79446469333,40748.74648884066,0.0,0.0
ITY113_1804,903,10668.0,50.53691530458478,5.875748976610754,35000,237.22832900719965,0.0,0.8030442766462917,56725.99139909471,40747.77135474899,0.0,0.0
ITY113_1804,904,10668.0,50.5348895354062,5.87680185086275,35000,237.22832900719965,0.0,0.8030229554802115,56725.18835481806,40746.79626035211,0.0,0.0
ITY113_1804,905,10668.0,50.53286375668036,5.877854634434664,35000,237.22832900719965,0.0,0.8030016351226938,56724.385331862584,40745.82120564792,0.0,0.0
ITY113_1804,906,10668.0,50.53083796840186,5.878907327307551,35000,237.22832900719965,0.0,0.8029803155737096,56723.58233022746,40744.84619063433,0.0,0.0
ITY113_1804,907,10668.0,50.528812170563285,5.879959929452728,35000,237.22832900719965,0.0,0.8029589968332278,56722.779349911885,40743.87121530926,0.0,0.0
ITY113_1804,908,10668.0,50.52678636315408,5.88101244082668,35000,237.22832900719965,0.0,0.8029376789012204,56721.97639091505,40742.89627967064,0.0,0.0
ITY113_1804,909,10668.0,50.524760546158625,5.88206486136168,35000,237.22832900719965,0.0,0.8029163617776574,56721.17345323615,40741.92138371641,0.0,0.0
ITY113_1804,910,10668.0,50.52273471955212,5.883117190946352,35000,237.22832900719965,0.0,0.8028950454625075,56720.370536874376,40740.94652744444,0.0,0.0
ITY113_1804,911,10668.0,50.520708883290574,5.884169429377888,35000,237.22832900719965,0.0,0.8028737299557425,56719.567641828915,40739.97171085268,0.0,0.0
ITY113_1804,912,10668.0,50.51868303727769,5.885221576204327,35000,237.22832900719965,0.0,0.8028524152573322,56718.76476809896,40738.996933939045,0.0,0.0
ITY113_1804,913,10668.0,50.51665718115262,5.886273629713732,35000,237.22832900719965,0.0,0.8028311013672478,56717.96191568371,40738.022196701466,0.0,0.0
