{
    "VLG12BR_219": [
        [
            52.06009275990365,
            4.816159667610844
        ],
        [
            51.83796853357582,
            4.830348737478653
        ]
    ],
    "EJU5284_1390": [
        [
            52.308139605812244,
            4.9034574423212
        ],
        [
            52.376683345927695,
            5.336620393933909
        ],
        [
            52.41996902769609,
            5.591708158846188
        ]
    ],
    "EZS39RG_1538": [
        [
            52.200312918576905,
            4.951105538018435
        ],
        [
            52.09739829904473,
            5.158821313570062
        ],
        [
            51.97005453431494,
            5.4737755419142395
        ]
    ],
    "ITY113_1804": [
        [
            52.17240539761461,
            4.826860356185036
        ],
        [
            52.09455953173693,
            4.874154365395529
        ],
        [
            51.78682769430285,
            5.038597819280256
        ]
    ]
}